First Name,Last Name,Mailing Address,Mailing City,Mailing State,Mailing Zip,Property Address,Property City,Property State,Property Zip,Lead Type,Document Type,Date Filed,Document Number,Amount/Debt Owed,Seller Score,Motivated Seller Flags,Source,Public Records URL
PARK,CREEK HOMEOWNER ASSOCIATION INC,16810 RANGER RIDGE DR,CYPRESS,TX,77429-5738,16810 RANGER RIDGE,CYPRESS,TX,77429,Lis Pendens,L/P,2026-10-02,RP-2026-401635,,90,Lis pendens; LLC / corp owner; New this week,Harris County Clerk,https://www.cclerk.hctx.netEComm/ViewEdocs.aspx?ID=ihpahpMbvcoWkF5RdbzIVU9OAAsRBcabgp0+ZkFe3+CDDCfX7j1WzYhDXMR6HDY4PCIvWlyUo2i/+OC41G3a2FH1OggBbO4+cLfAqxcJ5K7QY2MsGvfuIUXd0r1iWjD9z3YL5ugyaznNsv/PFPNbLQ==
MIRAMAR,LAKE HOMEOWNERS ASSOCIATION INC,22707 ENCINITAS COVE CT,TOMBALL,TX,77375-4724,22707 ENCINITAS COVE CT,TOMBALL,TX,77375,Lis Pendens,L/P,2026-10-02,RP-2026-400841,,90,Lis pendens; LLC / corp owner; New this week,Harris County Clerk,https://www.cclerk.hctx.netEComm/ViewEdocs.aspx?ID=ihpahpMbvcoWkF5RdbzIVYJcOg/hnP3ohUIrFreBIO9z9+CYG0CJaEtYIA9yvPJQbwG1dl462ZrXv4Qfcgy3zY/Uav92bR2xNJe/z9s1sLo68Udle2TbHGGH0qha1j/ROF5r5mMCXaXn94palIchnA==
NOBLE,ONE GROUP LLC,PO BOX 66231,HOUSTON,TX,77266-6231,2314 ISABELLA ST,HOUSTON,TX,77004,Lis Pendens,L/P,2026-10-02,RP-2026-399955,,90,Lis pendens; LLC / corp owner; New this week,Harris County Clerk,https://www.cclerk.hctx.netEComm/ViewEdocs.aspx?ID=ihpahpMbvcoWkF5RdbzIVb0xD06VzcN2jkawR8v2YREOyyNl4a3gx0r+GU5Lpan/IyzDvxP4JTAVl8fmI+fUlB5m6WY4kVtj3T/p7scSBAWCkPlb6Ce4jE6fUm+nVZqrw8DBKscoKw2gdXE83aXfCw==
WHEATSTONE,VILLAGE PROPERTY OWNERS ASSOCIATION,16511 WHEATMILL CT,HOUSTON,TX,77095-4093,16511 WHEATMILL CT,HOUSTON,TX,77095,Lis Pendens,L/P,2026-10-01,RP-2026-399844,,90,Lis pendens; LLC / corp owner; New this week,Harris County Clerk,https://www.cclerk.hctx.netEComm/ViewEdocs.aspx?ID=ihpahpMbvcoWkF5RdbzIVb9dBYsAeMes48Afw8BadU+NDb2TfheoKRlJCGeRyTujVk9d7EpqTPKxB1arjz3kqAT148k8ghv94cmgqe76FE+Ax4zjI442Ssc6Ec1sExumKuKD0DTjwotn7LT9taluTA==
HOMEOWNERS,ASSOCIATION OF FAIRWAY FARMS,110 W TROY RD,HOUSTON,TX,77076-3009,110 W TROY RD,HOUSTON,TX,77076,Lis Pendens,L/P,2026-09-30,RP-2026-397554,,90,Lis pendens; LLC / corp owner; New this week,Harris County Clerk,https://www.cclerk.hctx.netEComm/ViewEdocs.aspx?ID=ihpahpMbvcoWkF5RdbzIVSaqKWBM3irG63ErAW31nNOLdDOK1TZdUHugWv8oFDWxmKx4+J86RSZZ2mAEpJhcelu0VEdaKx+h27mwshU7hLPjT5+dlOWnyOascN4EwYIyGMhnAEssHbvAgLoNbd84dQ==
WALDEN,ON LAKE HOUSTON COMMUNITY SERVICES ASSOCIATION INC,1000 PARK AVE NE UNIT 1005,ATLANTA,GA,30326-3453,7714 TROPHY PLACE DR,HUMBLE,TX,77346,Lis Pendens,L/P,2026-09-30,RP-2026-396777,,90,Lis pendens; LLC / corp owner; New this week,Harris County Clerk,https://www.cclerk.hctx.netEComm/ViewEdocs.aspx?ID=ihpahpMbvcoWkF5RdbzIVaJwaFIcyDqkaknSOnHcw8iiYNph7ovNUyjDg22ce+dcJcXihMQ3Al4MnookLv9lUwuIdbI+6iCMjVfEzcD35iL64VxhZ1iU3O87B1AdBbt7vqnmIhAdV09H72NQCW5HaA==
KIRKMONT,ASSOCIATION,10418 KIRKVALE DR,HOUSTON,TX,77089-2014,10418 KIRKVALE DR,HOUSTON,TX,77089,Lis Pendens,L/P,2026-09-30,RP-2026-395748,,90,Lis pendens; LLC / corp owner; New this week,Harris County Clerk,https://www.cclerk.hctx.netEComm/ViewEdocs.aspx?ID=ihpahpMbvcoWkF5RdbzIVfJZBKQTqJrw/sxHHuGc5meNqiNGM7rZ0/TAFNPLbnZ5Cfu7iFdDETv/TC/m99TltNYorrIzkHLj4gE+WZpyS6Jb8gxegZV1ozy8oCGlfrVN00QEP5X/Arn1HcJ+VuBW2A==
KIRKMONT,ASSOCIATION,506 CURTIS AVE,PASADENA,TX,77502-2126,506 CURTIS AVE,PASADENA,TX,77502,Lis Pendens,L/P,2026-09-30,RP-2026-395747,,90,Lis pendens; LLC / corp owner; New this week,Harris County Clerk,https://www.cclerk.hctx.netEComm/ViewEdocs.aspx?ID=ihpahpMbvcoWkF5RdbzIVfr7MR3OAz2Rn6KIVeED3f8Dr1kAfEsA2tgCfWEeGu8MWb+V+XfzCoFXywGA9OWNemqY3tKc20ZNcGwTUmmBi5/jf7wIFs7zfNyZrMr6sMMvz9FRSXkhwOTXTYSsGXqI5Q==
HUE,CONDO ASSOCIATION,11610 LEADER ST,HOUSTON,TX,77072-2458,11610 LEADER ST,HOUSTON,TX,77072,Lis Pendens,L/P,2026-09-29,RP-2026-395317,,90,Lis pendens; LLC / corp owner; New this week,Harris County Clerk,https://www.cclerk.hctx.netEComm/ViewEdocs.aspx?ID=ihpahpMbvcoWkF5RdbzIVU4e8f1RA1xF5GCgvcms1TgukD1kt6ez0gu/75oQpoCzbJV5VTEkZngEfIDtvmXfnh4kXaaOzWDyM6K5TQbrzOcyQj1Zr/TV/+NvAW+NzLtT+OvrSwUM6wypZOpqUjQi+g==
HUE,CONDO ASSOCIATION,10811 CRANBROOK RD,HOUSTON,TX,77042-1323,10811 CRANBROOK RD,HOUSTON,TX,77042,Lis Pendens,L/P,2026-09-29,RP-2026-395269,,90,Lis pendens; LLC / corp owner; New this week,Harris County Clerk,https://www.cclerk.hctx.netEComm/ViewEdocs.aspx?ID=ihpahpMbvcoWkF5RdbzIVbN6dh0Bmvur/AJF6iwQMLLZPwknPP5i6TO1mzLWaIGK2lYC60bhN+JrSZCGQ9i8lBbhSH9+YGgnMjLDFKzWzKuVknuhr5yPY0mzTWn6TxFjApIwn0zCwrAYUfeIeug8EQ==
MUSTANG,EXPRESS PIPELINE LLC,25819 KAREN RD,KATY,TX,77494-5559,29241 BURTON CEMETERY RD,WALLER,TX,77484,Lis Pendens,L/P,2026-09-29,RP-2026-395261,,90,Lis pendens; LLC / corp owner; New this week,Harris County Clerk,https://www.cclerk.hctx.netEComm/ViewEdocs.aspx?ID=ihpahpMbvcoWkF5RdbzIVV5uNcvwzWoRqboHfQ1RIBDNkrSOzVgL8V7hScytFekK2VKfzg0ZZB5mDCMZCR8gmaufyvDLRIr2Xrf7bxbkEoUv4v6abSdGokNM3UIO6klAl09k6YKo7D0a0YkOZ3PZtw==
MUSTANG,EXPRESS PIPELINE LLC,12106 DA VINA LN,CYPRESS,TX,77429-4366,0 BURTON CEMETERY RD,WALLER,TX,77484,Lis Pendens,L/P,2026-09-29,RP-2026-395260,,90,Lis pendens; LLC / corp owner; New this week,Harris County Clerk,https://www.cclerk.hctx.netEComm/ViewEdocs.aspx?ID=ihpahpMbvcoWkF5RdbzIVVnzGM3+4VZqVhR5+52WOBWnKExipQ1XR01UnRVNeyqaGY5UK+2uEn9D2IEyngKhc5yvpZjYpy0hsCdAjhfM8gacA/ETtBx4F9wq1r/yTonYa4mdloUp6SG4EM33atJyrA==
MUSTANG,EXPRESS PIPELINE LLC,11507 KINCRAIG PATH,RICHMOND,TX,77407-2301,19603 TELGE RD,TOMBALL,TX,77377,Lis Pendens,L/P,2026-09-29,RP-2026-395259,,90,Lis pendens; LLC / corp owner; New this week,Harris County Clerk,https://www.cclerk.hctx.netEComm/ViewEdocs.aspx?ID=ihpahpMbvcoWkF5RdbzIVZ48lQUm8KqVnmflHFwMoWfTofGukfEKYtEYkqHDMYkgrqEDYitpcX03TSdrQvflffmBnm724wYARkV030y/sbFgJMDnSRzTVK1jNLq5IXA/FZS5NyamdXjmQkHOsDhfOw==
WINDROSE,COMMUNITY ASSOCIATION INC,5626 CAPELLA PARK DR,SPRING,TX,77379-2472,5626 CAPELLA PARK DR,SPRING,TX,77379,Lis Pendens,L/P,2026-09-29,RP-2026-394876,,90,Lis pendens; LLC / corp owner; New this week,Harris County Clerk,https://www.cclerk.hctx.netEComm/ViewEdocs.aspx?ID=ihpahpMbvcoWkF5RdbzIVaW5rF6WLKZre/kmPJ08e/SFR1XLoYPOZ6VpjsqcZ04A/3oKe5eCWAy3d1zkTdbaRobNtxZ5SJGg04Eo60jeJp0kD3VRXnyzpoIZGtDpyXnHuB7BV6XryShgDc3G/T4b1A==
WALDEN,ON LAKE HOUSTON COMMUNITY SERVICES ASSOCIATION INC,18519 REGATTA RD,HUMBLE,TX,77346-8027,18519 REGATTA RD,HUMBLE,TX,77346,Lis Pendens,L/P,2026-09-29,RP-2026-394604,,90,Lis pendens; LLC / corp owner; New this week,Harris County Clerk,https://www.cclerk.hctx.netEComm/ViewEdocs.aspx?ID=ihpahpMbvcoWkF5RdbzIVQ88H36lim9FXpaGhqNbHRsRmWzHcMAcysZFxCyfA4zBK86mAPEfahRVMCJVVBf6gLNUhOt6X7H/EBf2m6k5AQsD0QVW+tDZD2ClvSz44JCDyd3i7pLDSz76LCfDeX1+4Q==
S-G,II OWNERS ASSOCIATION INC,21707 BALTIC REACH DR,CYPRESS,TX,77433-7765,21707 BALTIC REACH DR,CYPRESS,TX,77433,Lis Pendens,L/P,2026-09-29,RP-2026-394071,,90,Lis pendens; LLC / corp owner; New this week,Harris County Clerk,https://www.cclerk.hctx.netEComm/ViewEdocs.aspx?ID=ihpahpMbvcoWkF5RdbzIVb6tyB2mRnhyofk4ulvuZPGFSn9kdIlcnZliS2NsIHIGd/vrzs7hkNsiDOpFC6lG8PTGCQoq/qO3VXQKLAS5MB0qyDVJSEK032JtrJUxFJIvcT8k9HRCyFwWIXscPSga5w==
S-G,II OWNERS ASSOCIATION INC,8911 ENGLISH MANOR DR,CYPRESS,TX,77433-7214,8911 ENGLISH MANOR DR,CYPRESS,TX,77433,Lis Pendens,L/P,2026-09-29,RP-2026-394067,,90,Lis pendens; LLC / corp owner; New this week,Harris County Clerk,https://www.cclerk.hctx.netEComm/ViewEdocs.aspx?ID=ihpahpMbvcoWkF5RdbzIVe1qsYQ7idWv/c185D0gooPzgBo+yCPqlNCG+KNb42hqJ+t8I77MGIYUyjmx1/ilP5wfrJQuydeAEnmmCDQFaXT1s4Y/iNC9r3KKLFQ65QPVS3EJF2Lf/+7EdPzLlQ0iiA==
MIDDLEGATE,VILLAGE COMMUNITY ASSOCIATION INC,15818 MAPLE MANOR DR,HOUSTON,TX,77095-3669,15818 MAPLE MANOR DR,HOUSTON,TX,77095,Lis Pendens,L/P,2026-09-29,RP-2026-394066,,90,Lis pendens; LLC / corp owner; New this week,Harris County Clerk,https://www.cclerk.hctx.netEComm/ViewEdocs.aspx?ID=ihpahpMbvcoWkF5RdbzIVTYgvsIiQbgQGWgHRi1kenOsHuJcilegSjoSl5yZolt3fEa+i4sOzX5cag+xkdOzIcRCwzhGeBDEOk9oENGHwDkatpJyAEC4NyxDJQIqgAtPXUYu5cUzn6X6+G7fgzT6uw==
S-G,II OWNERS ASSOCIATION INC,21614 SURF POINT LN,CYPRESS,TX,77433-4892,21614 SURF POINT LN,CYPRESS,TX,77433,Lis Pendens,L/P,2026-09-29,RP-2026-394052,,90,Lis pendens; LLC / corp owner; New this week,Harris County Clerk,https://www.cclerk.hctx.netEComm/ViewEdocs.aspx?ID=ihpahpMbvcoWkF5RdbzIVXEjotKMNbg4xeI97t/mcj7P8h284anvIviLS73s/nzVbmdi0YKp68O7pWVLQaGTC5+p1C2PO1fzfT1m/0jSy0B2iAUOZoDN8hlx9CDox/1KrhEIuRhSdm2Vh2QNliCF2A==
WINDROSE,COMMUNITY ASSOCIATION INC,17314 WARWICK CRESCENT UNIT A,JAMAICA,NY,11432-4646,20210 SEQUOIA TRCE,SPRING,TX,77379,Lis Pendens,L/P,2026-09-28,RP-2026-393319,,90,Lis pendens; LLC / corp owner; New this week,Harris County Clerk,https://www.cclerk.hctx.netEComm/ViewEdocs.aspx?ID=ihpahpMbvcoWkF5RdbzIVXghM/Yick4hjqDuSEaVgoDQ7EUcb6nZrczOvqMWe0wvklmXXQt0hcKKYI95a992uq4JXa1bFX/qNa+LUt35xws6COHDebvEqbsKULdjpaR0Leqni645LIL1BucPwIcc3g==
STONE,CREEK RANCH COMMUNITY ASSOCIATION INC,5514 SOUTHLEA ST,HOUSTON,TX,77033-1731,5514 SOUTHLEA ST,HOUSTON,TX,77033,Lis Pendens,L/P,2026-09-28,RP-2026-393169,,90,Lis pendens; LLC / corp owner; New this week,Harris County Clerk,https://www.cclerk.hctx.netEComm/ViewEdocs.aspx?ID=ihpahpMbvcoWkF5RdbzIVUTe42yCL0wfjtjFl9eKoRVs/KLoPEoWDnhy0/jI+H6WjdwieR/1KkTO4+/sEo0VLEPTBuaR66vWXGbVhfrsb22bcQeXwWxTFfoz0/eVjzJJyENdqo0yWHXKSMGTQ8IzCw==
STONE,CREEK RANCH COMMUNITY ASSOCIATION INC,1 AVALON PL,SUGAR LAND,TX,77479-4104,0 CARY DOUGLAS DR,HOCKLEY,TX,77447,Lis Pendens,L/P,2026-09-28,RP-2026-393104,,90,Lis pendens; LLC / corp owner; New this week,Harris County Clerk,https://www.cclerk.hctx.netEComm/ViewEdocs.aspx?ID=ihpahpMbvcoWkF5RdbzIVYeojwDkLFU80tazjf3eHJ1OoHXItuc3njcYTZ+gUXbdnJztu4WGLDqECHvpRPeg0Admcxxie4b616Rl4kbA0Fz5eMfDchaKneZOEB1DremEgXqgOArfbrF2KPS9YNjUPA==
BEAR,CREEK PLANTATION COMMUNITY ASSOCIATION INC,16000 RIPPLING WATER DR,HOUSTON,TX,77084-2908,16000 RIPPLING WATER DR,HOUSTON,TX,77084,Lis Pendens,L/P,2026-09-28,RP-2026-393019,,90,Lis pendens; LLC / corp owner; New this week,Harris County Clerk,https://www.cclerk.hctx.netEComm/ViewEdocs.aspx?ID=ihpahpMbvcoWkF5RdbzIVWrIWpdjU9jfHueZ0VHWBCxHhSnsVkJZhT/WYPwQZxdnLMprNad8Gr17U1q9stmTRgUWSAdOv30ormrAdBOTkpGfOs5XQJoFsVkWdxPziV5ARjvisSqUFfwcpaQplD0dVQ==
WINDROSE,COMMUNITY ASSOCIATION INC,PO BOX 10128,HOUSTON,TX,77206-0128,6916 FULTON ST,HOUSTON,TX,77022,Lis Pendens,L/P,2026-09-28,RP-2026-392339,,90,Lis pendens; LLC / corp owner; New this week,Harris County Clerk,https://www.cclerk.hctx.netEComm/ViewEdocs.aspx?ID=ihpahpMbvcoWkF5RdbzIVQ554+jZ6CTOM+qc1V3al8zqc/gapak4E1poSxMTpct6R1KNowvIof09d5s8rbIl9BRFLgBuZFDjrsisEJr7Xq9oxRVZr0drQwVmH3Judz3AgF7nC/MYe9p2KkJCE+IVpw==
WINDROSE,COMMUNITY ASSOCIATION INC,21014 JESSICA ROSE LN,SPRING,TX,77379-3992,21014 JESSICA ROSE LN,SPRING,TX,77379,Lis Pendens,L/P,2026-09-28,RP-2026-392336,,90,Lis pendens; LLC / corp owner; New this week,Harris County Clerk,https://www.cclerk.hctx.netEComm/ViewEdocs.aspx?ID=ihpahpMbvcoWkF5RdbzIVQ/wwXXt0ucqYIYJ3zgAgXp6fWACjK99kX3nmJ37hNdMXK9KFRJfQ3sUQtIfGaQTDuw2WxYu4eAIA9LKQoe7XD7IOi6k+zeqC03ZqQD2PAs0OlBQVGlQF/EBEKtPtvitWg==
KATY,COURT HOMEOWNERS' ASSOCIATION INC,4617 NICHOLS ST,HOUSTON,TX,77020-2703,4617 NICHOLS ST,HOUSTON,TX,77020,Lis Pendens,L/P,2026-09-28,RP-2026-392022,,90,Lis pendens; LLC / corp owner; New this week,Harris County Clerk,https://www.cclerk.hctx.netEComm/ViewEdocs.aspx?ID=ihpahpMbvcoWkF5RdbzIVayB0z9N8mckn/aYYXU48bcVfEaC72rd0Ddcs6EERWij+/uRT8XjOJngktCS/em05DwRh9ZUwKpTAIeZBdVqkAuSEbzhuZpXMr4n/J9/NmX/56h2xOYLj1xMv1X1v9PZag==
ATASCOCITA,FOREST COMMUNITY ASSOCIATION,1703 10TH ST,GALENA PARK,TX,77547-2901,203 CURTIS AVE,PASADENA,TX,77502,Lis Pendens,L/P,2026-09-28,RP-2026-391992,,90,Lis pendens; LLC / corp owner; New this week,Harris County Clerk,https://www.cclerk.hctx.netEComm/ViewEdocs.aspx?ID=ihpahpMbvcoWkF5RdbzIVZraZ/nIzkqa36MXUbPveICKsVcPdVNj2Dj/sjQP/dB/D72Im5bsdybsgnTCmDGzmk8aql+Cr4buCjQVyAz/YydmCOnkExic7jDtED37A5IFE5+X+yizoXJJUojt4E+ojA==
PARK,LAKES PROPERTY OWNERS ASSOCIATION INC,1951 HEIGHTS DR,KATY,TX,77493-1726,1951 HEIGHTS DR,KATY,TX,77493,Lis Pendens,L/P,2026-09-28,RP-2026-391991,,90,Lis pendens; LLC / corp owner; New this week,Harris County Clerk,https://www.cclerk.hctx.netEComm/ViewEdocs.aspx?ID=ihpahpMbvcoWkF5RdbzIVZk8qmbqzZIe+aIIRBJiQvxpjoZgpqkc7CdUdFCDI1qLdqyPRvziQpWcb6ail7EzszYVMZPkDxPUpN+wABlOdp+9nhu0m2D84DpKfg0nxAoiA0vJvdK2P6Tis9MVu0w3Hw==
WILLIAMSBURG,COLONY MAINTENANCE ASSOCIATION,2002 W GRAND PKWY N STE 100,KATY,TX,77449-1964,0 CAPITOL LANDING LN,KATY,TX,77449,Lis Pendens,L/P,2026-09-28,RP-2026-391763,,90,Lis pendens; LLC / corp owner; New this week,Harris County Clerk,https://www.cclerk.hctx.netEComm/ViewEdocs.aspx?ID=ihpahpMbvcoWkF5RdbzIVbJlSD0u4L49I6jMnbRdNty2j73QrlIM7oUcd48c59YZlwaMKq7Os+GkgarD4YIdKLpesPbQYJe+Hozs9gdhZP6JbPIajYP0QmLi45QWFGk0amcAEX0ujby9/LsM87e8CA==
VILLAGES,OF LANGHAM CREEK PROPERTY OWNERS ASSOCIATION INC,16722 BETHAN GLEN LN,HOUSTON,TX,77084-2650,16722 BETHAN GLEN LN,HOUSTON,TX,77084,Lis Pendens,L/P,2026-09-28,RP-2026-391755,,90,Lis pendens; LLC / corp owner; New this week,Harris County Clerk,https://www.cclerk.hctx.netEComm/ViewEdocs.aspx?ID=ihpahpMbvcoWkF5RdbzIVY4uuz/XZiOhNnR8a4BdkJIYYYdKfxTZuIwEb1p4ZSX+oWYXImPJIcwL/s3o+r5nO8/NpH3QvVUbukSh+gdeA3DAhjb/uvvpJcCaAdkf222wFq3bNfEz+V/K0ZDOkPEcrA==
JACOB,WZ STONE LLC SERIES 4,129 EVERGREEN OAK DR,CONROE,TX,77384-2106,7622 RHOBELL ST,HOUSTON,TX,77016,Notice of Foreclosure / Trustee Sale,NOTICE,2026-10-02,RP-2026-401647,,90,Pre-foreclosure; LLC / corp owner; New this week,Harris County Clerk,https://www.cclerk.hctx.netEComm/ViewEdocs.aspx?ID=ihpahpMbvcoWkF5RdbzIVW4eCmRXCyLFQxTFe7w+kN3HZiYpwIscQHYpkukvUhr2kSqGslDkk52ebY8+QEthGvwwQmTZSWHqMzKAwzzBfIGOXhDZBjn8hzaOa8vzUSmKcNhUQjOFtkHa4ycp0vM8uw==
COLES,CROSSING COMMUNITY ASSOCIATION INC,17171 PARK ROW STE 310,HOUSTON,TX,77084-4935,0 BARKER CYPRESS RD,CYPRESS,TX,77429,Notice of Foreclosure / Trustee Sale,NOTICE,2026-10-02,RP-2026-401567,,90,Pre-foreclosure; LLC / corp owner; New this week,Harris County Clerk,https://www.cclerk.hctx.netEComm/ViewEdocs.aspx?ID=ihpahpMbvcoWkF5RdbzIVV4Vo4gPPFLP85F7oyx7q+2kAX2bnBfyzPqPaOLNnsT2emTWltZ4Avg+57pbTUvU9Ly8mHylpVS1Cltx1gMxyEloFpMOi2dSDD6Jln+cJoN4LBNn146vefFEW90Vw4naaA==
COLES,CROSSING COMMUNITY ASSOCIATION INC,17171 PARK ROW STE 310,HOUSTON,TX,77084-4935,0 BARKER CYPRESS RD,CYPRESS,TX,77429,Notice of Foreclosure / Trustee Sale,NOTICE,2026-10-02,RP-2026-401566,,90,Pre-foreclosure; LLC / corp owner; New this week,Harris County Clerk,https://www.cclerk.hctx.netEComm/ViewEdocs.aspx?ID=ihpahpMbvcoWkF5RdbzIVfl74KMh32avZgsxIN/Hsq8qyRIyQXvEiKVEa2eJ61dMtJASNGzhO5kpU8lDsW/yLri2gCGcJV26Cs8cruTN7C95OiLh/aTqz0lkTVaKQ0yt7+5fb5nhv9acQLrOOGKmyQ==
MDB,MAINTENANCE SERVICES LLC,7103 SHERMAN RIDGE LN,HOUSTON,TX,77083-2943,7400 BELLERIVE DR 502,HOUSTON,TX,77036,Notice of Foreclosure / Trustee Sale,NOTICE,2026-10-02,RP-2026-401562,,90,Pre-foreclosure; LLC / corp owner; New this week,Harris County Clerk,https://www.cclerk.hctx.netEComm/ViewEdocs.aspx?ID=ihpahpMbvcoWkF5RdbzIVc7jj2r2LEaMqegY1CHqgaY45AdrMdvyqAcmbVB32fzJxzLV+rDUi0KlYkI0ew+6nXLLtnRTXd9dyT8fmqFDniXDneS0sciifx+PJljtvbF6r1YHZf7N7pw7aR5HGjvRUw==
PERRY,HOMES LLC,509 WHITE WING LN,HOUSTON,TX,77079-6810,922 WAKEFIELD DR,HOUSTON,TX,77018,Notice of Foreclosure / Trustee Sale,NOTICE,2026-10-02,RP-2026-401468,,90,Pre-foreclosure; LLC / corp owner; New this week,Harris County Clerk,https://www.cclerk.hctx.netEComm/ViewEdocs.aspx?ID=ihpahpMbvcoWkF5RdbzIVW+yTuTPvC5oPdbHr8q861Ppbnd21RzsrQpLN3i7zAHPZw36dXHDCtqyME2knj0gR1LauNaBjBcz/6o335FbVfRctWeIgcY1qDDLjm+/mISJjeDnopXSzAF2e20tdOqhPA==
PERRY,HOMES LLC,509 WHITE WING LN,HOUSTON,TX,77079-6810,922 WAKEFIELD DR,HOUSTON,TX,77018,Notice of Foreclosure / Trustee Sale,NOTICE,2026-10-02,RP-2026-401467,,90,Pre-foreclosure; LLC / corp owner; New this week,Harris County Clerk,https://www.cclerk.hctx.netEComm/ViewEdocs.aspx?ID=ihpahpMbvcoWkF5RdbzIVVrCcIgZTGmhZLkxu3rT5PtPRNXB/5nr7Z5tXiWmJVh3hHjFMeoet4N+wji4+J2ARIgEKvzbp29t6KT5oVLmwSzZ0xiMXY+lzeHh11A9rFR+BFJPNqcTVAomNe5zjGuESg==
HILLCROFT,JK GROUP LLC,7997 W AIRPORT BLVD,HOUSTON,TX,77071-3058,6115 HILLCROFT ST,HOUSTON,TX,77081,Notice of Foreclosure / Trustee Sale,NOTICE,2026-10-02,RP-2026-401382,,90,Pre-foreclosure; LLC / corp owner; New this week,Harris County Clerk,https://www.cclerk.hctx.netEComm/ViewEdocs.aspx?ID=ihpahpMbvcoWkF5RdbzIVXYaYnve2k/Oa9uG1sIc+qY9y6YsQcuxBWUrRmP6mR7q2pb8VMiCcLlaYxHwnh8TWxZxVJ9DSpCGAvPQWmJih0ph+tL01/L33G/aR+2kJU5aiP2PlJaZJSoO8THV5zY0XA==
SKYLINE,HOME BUILDERS LLC,6671 SOUTHWEST FWY STE 660,HOUSTON,TX,77074-2212,0 T C JESTER BLVD,HOUSTON,TX,77007,Notice of Foreclosure / Trustee Sale,NOTICE,2026-10-02,RP-2026-401311,,90,Pre-foreclosure; LLC / corp owner; New this week,Harris County Clerk,https://www.cclerk.hctx.netEComm/ViewEdocs.aspx?ID=ihpahpMbvcoWkF5RdbzIVa7AMMDzY2XwVjpOQbVKfT9pCbX4esZ6XIiWqTujn/xWqSdBxsvZcPZFfBLvVR70sh4C6xerVef8sGh6bs6JxyeMaJ6FvM50amBa2jZl7MvIMakt2woku95ybXaTTWRyZQ==
TAYLOR,MORRISON OF TEXAS INC,3250 BRIARPARK DR STE 300,HOUSTON,TX,77042-4461,0 TUCKERTON RD,HOUSTON,TX,77095,Notice of Foreclosure / Trustee Sale,NOTICE,2026-10-02,RP-2026-401304,,90,Pre-foreclosure; LLC / corp owner; New this week,Harris County Clerk,https://www.cclerk.hctx.netEComm/ViewEdocs.aspx?ID=ihpahpMbvcoWkF5RdbzIVVRFycWewB8TCnp3o8A+XJgzthlN3xoR5Z9G+3HyGrw8B1KLESBJcYGiOlszoc5HqvKkJPcPKR0iMviih2PizBdrZcA3SBSVeH3h5/tpTUlgzW+GwlzIw5TZ1C3Bg4Alew==
U,S HOME LLC,550 GREENS PKWY STE 200,HOUSTON,TX,77067-4538,5315 INGOMAR WAY,HOUSTON,TX,77053,Notice of Foreclosure / Trustee Sale,NOTICE,2026-10-02,RP-2026-401243,,90,Pre-foreclosure; LLC / corp owner; New this week,Harris County Clerk,https://www.cclerk.hctx.netEComm/ViewEdocs.aspx?ID=ihpahpMbvcoWkF5RdbzIVZcsAlVVnkgKdVVUh91o5cWSRwsITocMRqAII/G0n5II4Bt2Pp/VjCjFNdckY7Tz/1SVe2SqtLiNQms2p0gaNaTWm+yh6Q3Lukm+wjWeDCn2O58ZMgVQ5sufVK1wL6QvxA==
U,S HOME LLC,550 GREENS PKWY STE 200,HOUSTON,TX,77067-4538,5315 INGOMAR WAY,HOUSTON,TX,77053,Notice of Foreclosure / Trustee Sale,NOTICE,2026-10-02,RP-2026-401225,,90,Pre-foreclosure; LLC / corp owner; New this week,Harris County Clerk,https://www.cclerk.hctx.netEComm/ViewEdocs.aspx?ID=ihpahpMbvcoWkF5RdbzIVV2uMGP9cGMlUYAsI8j1sAbMqwun2OfFvegl3/mXX1GbX0CHz20SkCNGT3xFSIQrzaHBoVqhagdOfSqZRj8xXsLaxJieiY2vofrtNlmzG+RG1SflknHHqj4U34xMUeynAA==
OPENDOOR,PROPERTY TRUST I,410 N SCOTTSDALE RD STE 1600,TEMPE,AZ,85288-0976,614 S 6TH ST,LA PORTE,TX,77571,Notice of Foreclosure / Trustee Sale,NOTICE,2026-10-02,RP-2026-401013,,90,Pre-foreclosure; LLC / corp owner; New this week,Harris County Clerk,https://www.cclerk.hctx.netEComm/ViewEdocs.aspx?ID=ihpahpMbvcoWkF5RdbzIVfq4zDLu1E6EscdNNjepK6RxHIaFvvYdytIy/H3RWF2LSJUc79DjsfCn6uL6RYiCvLkX6ul5aMgFVKa1YccreWtyi6FWsCAeA5NJErG/qmeDoRVT+bT3O2NW3f+vquEHJQ==
OPENDOOR,PROPERTY TRUST I,410 N SCOTTSDALE RD STE 1600,TEMPE,AZ,85288-0976,614 S 6TH ST,LA PORTE,TX,77571,Notice of Foreclosure / Trustee Sale,NOTICE,2026-10-02,RP-2026-401012,,90,Pre-foreclosure; LLC / corp owner; New this week,Harris County Clerk,https://www.cclerk.hctx.netEComm/ViewEdocs.aspx?ID=ihpahpMbvcoWkF5RdbzIVanLHnqYnA4bAPX8JHHdTq6eAZ+FtsOUzpsd50FZQ4XH+3rEIdCF1eNuWuL0E6VLR2INfqWd7Tc1nCZAVRDCZfsQB3ePGUshxifGbLksNIfL9bnsNlU9ghzRdKxQP0VVXg==
OPENDOOR,PROPERTY TRUST I,410 N SCOTTSDALE RD STE 1600,TEMPE,AZ,85288-0976,614 S 6TH ST,LA PORTE,TX,77571,Notice of Foreclosure / Trustee Sale,NOTICE,2026-10-02,RP-2026-400993,,90,Pre-foreclosure; LLC / corp owner; New this week,Harris County Clerk,https://www.cclerk.hctx.netEComm/ViewEdocs.aspx?ID=ihpahpMbvcoWkF5RdbzIVRUnL6pBVjonCRa2yYrMuLpQ8Bu0VUlI85VjQ/AzWSsZyXAaX8/mIhLayf8bAbFzg9ITcImGPCV7bktH4nrPS0JZU1wWcWHzyW7WH3A7gPaXcUIWWuGErhi0EHO2V4K3QQ==
SHEA,HOMES HOUSTON LLC,7906 N SAM HOUSTON PKWY STE 250,HOUSTON,TX,77064-1366,0 VERBENA GLEN DR,HOCKLEY,TX,77447,Notice of Foreclosure / Trustee Sale,NOTICE,2026-10-02,RP-2026-400951,,90,Pre-foreclosure; LLC / corp owner; New this week,Harris County Clerk,https://www.cclerk.hctx.netEComm/ViewEdocs.aspx?ID=ihpahpMbvcoWkF5RdbzIVSuCDuiChvuwy72gGlp5Iap+kb3wTSrv6NMFJHJgB4YJi8Sl6/h1luVTnKPSkBflc2+B9lxx1puS9nyQ9z5RetZACTbYQfZwyLhNBLVavIfuyoe51ET5AlpGwHEcRSxFug==
SHEA,HOMES HOUSTON LLC,7906 N SAM HOUSTON PKWY STE 250,HOUSTON,TX,77064-1366,0 VERBENA GLEN DR,HOCKLEY,TX,77447,Notice of Foreclosure / Trustee Sale,NOTICE,2026-10-02,RP-2026-400950,,90,Pre-foreclosure; LLC / corp owner; New this week,Harris County Clerk,https://www.cclerk.hctx.netEComm/ViewEdocs.aspx?ID=ihpahpMbvcoWkF5RdbzIVTGCTwH1P7YuTNV0bCSmtyITf37Xa1g85wHhmpQQpVgXaE0jP/o1gpGB0OvAVOjmi5KxuX/8gZ/oGe/pLFALGSBtGn6KDoi8LoAdPLqlZyvvLnPn1CnOxiz3jTJgV8hDLw==
U,S HOME LLC,550 GREENS PKWY STE 200,HOUSTON,TX,77067-4538,5315 INGOMAR WAY,HOUSTON,TX,77053,Notice of Foreclosure / Trustee Sale,NOTICE,2026-10-02,RP-2026-400899,,90,Pre-foreclosure; LLC / corp owner; New this week,Harris County Clerk,https://www.cclerk.hctx.netEComm/ViewEdocs.aspx?ID=ihpahpMbvcoWkF5RdbzIVawJohf1LRDl3nHHlNxCaeEIjef7TU9i86gNTlMxZIHO/Xm56QgZzOjmoQw8Ysf1VwN2+N83dxf9a27cSupVfXAS/Riet3vgqOKZVwH+2AHxBgUYKmP+OuNqqVvAvYInTg==
TNHC,TEXAS HOLDINGS GP LLC,7500 SAN FELIPE STE 1070,HOUSTON,TX,77063-1716,29214 WALLER SPRING CREEK RD,WALLER,TX,77484,Notice of Foreclosure / Trustee Sale,NOTICE,2026-10-02,RP-2026-400758,,90,Pre-foreclosure; LLC / corp owner; New this week,Harris County Clerk,https://www.cclerk.hctx.netEComm/ViewEdocs.aspx?ID=ihpahpMbvcoWkF5RdbzIVZGq4JJUGpx3Roz4ZQzo3km0lUmwHocwOmONaItFr3VwrXv+KYlEivzOGu1LybiqJo/c9WsG7laeXUewWOsbHCh2LuKPKlNQWWRHs/4iw8diiC1mSsFCdG541Tl+pfvmqQ==
U,S HOME LLC,550 GREENS PKWY STE 200,HOUSTON,TX,77067-4538,5315 INGOMAR WAY,HOUSTON,TX,77053,Notice of Foreclosure / Trustee Sale,NOTICE,2026-10-02,RP-2026-400724,,90,Pre-foreclosure; LLC / corp owner; New this week,Harris County Clerk,https://www.cclerk.hctx.netEComm/ViewEdocs.aspx?ID=ihpahpMbvcoWkF5RdbzIVdZGARScaOySux62cpcfmEyzXcsw6+y8Oh4JLWSeMRcpqDqW10LK64fO2flRm14wuViGoHC7Wx699qN37xhm624nLXwU1UCDrxlrWGwD5aTz2CQaNONgH0BdVx9E2xc0vg==
U,S HOME LLC,550 GREENS PKWY STE 200,HOUSTON,TX,77067-4538,5315 INGOMAR WAY,HOUSTON,TX,77053,Notice of Foreclosure / Trustee Sale,NOTICE,2026-10-02,RP-2026-400716,,90,Pre-foreclosure; LLC / corp owner; New this week,Harris County Clerk,https://www.cclerk.hctx.netEComm/ViewEdocs.aspx?ID=ihpahpMbvcoWkF5RdbzIVexoW2S8FRrQcPpIb1FIdGOjRvmQcyyrBukuVkNaJADQe5BJfay2qnWzxVOkY2PWMuK7O4W2YkH4LlPe2tOzwgv6YounR5TXYQjorBV2dS+xvwoJF/t24uuTuNG2WyANog==
U,S HOME LLC,550 GREENS PKWY STE 200,HOUSTON,TX,77067-4538,5315 INGOMAR WAY,HOUSTON,TX,77053,Notice of Foreclosure / Trustee Sale,NOTICE,2026-10-02,RP-2026-400715,,90,Pre-foreclosure; LLC / corp owner; New this week,Harris County Clerk,https://www.cclerk.hctx.netEComm/ViewEdocs.aspx?ID=ihpahpMbvcoWkF5RdbzIVSSDnLph1t3GCRFLZK9C1HXvm+4/fhKg85O4j1Y9z2mMiOixJJ0GLXG+03u99gk9ui5kvE4XFnfDC/euIwzrn8d+/G51uitQCE+0YYB60cRYLvtOSus7ZkIDRuf/GpbX3Q==
U,S HOME LLC,550 GREENS PKWY STE 200,HOUSTON,TX,77067-4538,5315 INGOMAR WAY,HOUSTON,TX,77053,Notice of Foreclosure / Trustee Sale,NOTICE,2026-10-02,RP-2026-400677,,90,Pre-foreclosure; LLC / corp owner; New this week,Harris County Clerk,https://www.cclerk.hctx.netEComm/ViewEdocs.aspx?ID=ihpahpMbvcoWkF5RdbzIVUmoKJVOvJ6YCM62kcFgH2iEJe8MXOMy9tGjuoqNdOAwySCQKLWxnlRJ1yDhtQ0gLM7qHjVf+3L2XFQkFupNeQDYdLCNuD6X+/KyZ2jTAslzZSNKh2f37nLpU/JrhDvitQ==
U,S HOME LLC,550 GREENS PKWY STE 200,HOUSTON,TX,77067-4538,5315 INGOMAR WAY,HOUSTON,TX,77053,Notice of Foreclosure / Trustee Sale,NOTICE,2026-10-02,RP-2026-400663,,90,Pre-foreclosure; LLC / corp owner; New this week,Harris County Clerk,https://www.cclerk.hctx.netEComm/ViewEdocs.aspx?ID=ihpahpMbvcoWkF5RdbzIVY70/HrMTGrKHXXWZ4XwrEbJ6YQtVCCt3sk2It+ID11DJYkakQgK+kCWiGKtF/tcL2s4f8qcbNrQ4ItWed1+GoiuDIaGFZxlWqvTMXz5V3LYVaUSdy4A9nEZ0IrJCbyqEA==
U,S HOME LLC,550 GREENS PKWY STE 200,HOUSTON,TX,77067-4538,5315 INGOMAR WAY,HOUSTON,TX,77053,Notice of Foreclosure / Trustee Sale,NOTICE,2026-10-02,RP-2026-400535,,90,Pre-foreclosure; LLC / corp owner; New this week,Harris County Clerk,https://www.cclerk.hctx.netEComm/ViewEdocs.aspx?ID=ihpahpMbvcoWkF5RdbzIVdAb2mg6zeC9E0VdBticcoOtWOGJZDEZoEZhkZTYd2PndC3jNxkKiPqxi/LZf+0BxCvdH8Kp+5CZEasm+mA3F+daATpW187LEuMy8O7EWUZHTr35U72R9eV1u8/aSbQvQw==
U,S HOME LLC,550 GREENS PKWY STE 200,HOUSTON,TX,77067-4538,5315 INGOMAR WAY,HOUSTON,TX,77053,Notice of Foreclosure / Trustee Sale,NOTICE,2026-10-02,RP-2026-400534,,90,Pre-foreclosure; LLC / corp owner; New this week,Harris County Clerk,https://www.cclerk.hctx.netEComm/ViewEdocs.aspx?ID=ihpahpMbvcoWkF5RdbzIVdjWsetm2XhTdVW8GCmWZ2v2dYVOfwf/py1TRSyTTbDD8nDlBygHeRhKko/66wrKlya0KKtPOEFfcmzorfAAzCgbHiUlBaCtGVt9gHuu1vxFDhU8f+sNi8x9bLR4NN/A2Q==
CITYSIDE,HOMES LLC,1815 SHEARN ST,HOUSTON,TX,77007-4051,0 PARK ROW DR,HOUSTON,TX,77079,Notice of Foreclosure / Trustee Sale,NOTICE,2026-10-02,RP-2026-400511,,90,Pre-foreclosure; LLC / corp owner; New this week,Harris County Clerk,https://www.cclerk.hctx.netEComm/ViewEdocs.aspx?ID=ihpahpMbvcoWkF5RdbzIVVwycoDZaIhf+drZfzWG9nQvJ4ajJfGjbAZWLIgkaBmeQwfJGP/qPkjw+O10XXzcaIRUXU/aslqXwgJiLTPufZpRYnHjXow4aL0IuR6EYZ5cmqLsDn37yCSJjYlC1TqpOw==
U,S HOME LLC,550 GREENS PKWY STE 200,HOUSTON,TX,77067-4538,5315 INGOMAR WAY,HOUSTON,TX,77053,Notice of Foreclosure / Trustee Sale,NOTICE,2026-10-02,RP-2026-400507,,90,Pre-foreclosure; LLC / corp owner; New this week,Harris County Clerk,https://www.cclerk.hctx.netEComm/ViewEdocs.aspx?ID=ihpahpMbvcoWkF5RdbzIVdgUYhxL02KOLI9ZUjWKBoo6CdhJx2xcc8OzNjfwYt62wl7gCvv8p4qeZM0zgWXpZyB+WD1WHgMGRB/QOyuLyow1UMX1IeNxwSJkFn/mP1EW7QeREneu2Qfxn9G+sntOqA==
CENTURY,LAND HOLDINGS OF TEXAS LLC,333 CYPRESS RUN STE 200,HOUSTON,TX,77094-1318,20410 FM 2920 RD,HOCKLEY,TX,77377,Notice of Foreclosure / Trustee Sale,NOTICE,2026-10-02,RP-2026-400498,,90,Pre-foreclosure; LLC / corp owner; New this week,Harris County Clerk,https://www.cclerk.hctx.netEComm/ViewEdocs.aspx?ID=ihpahpMbvcoWkF5RdbzIVfmZWYEKw9CyQfwJNksR3MU/6k5bqXEAdgg7r+pIRg0liTtUPG3sjjwNJ2yH549iHl1FKEzQHuQN8ZfjGjsoMdsIgBZbaOwRaE0JN4b2H2Eh06gpdHy6NhIRvQuQ7pKW+g==
U,S HOME LLC,550 GREENS PKWY STE 200,HOUSTON,TX,77067-4538,5315 INGOMAR WAY,HOUSTON,TX,77053,Notice of Foreclosure / Trustee Sale,NOTICE,2026-10-02,RP-2026-400478,,90,Pre-foreclosure; LLC / corp owner; New this week,Harris County Clerk,https://www.cclerk.hctx.netEComm/ViewEdocs.aspx?ID=ihpahpMbvcoWkF5RdbzIVSLWCbvdiS3LekDXLQMa8WTF2xSb++RKcYS3HTZZzTxsduRWraVI5IjuJJztCmDkgZ9GdzdYc9AZT5ptHwyHQFQRfEdbhmDazH28dqUbJyKqr/CGQ3Fo7wVimP98eTl2/g==
U,S HOME LLC,550 GREENS PKWY STE 200,HOUSTON,TX,77067-4538,5315 INGOMAR WAY,HOUSTON,TX,77053,Notice of Foreclosure / Trustee Sale,NOTICE,2026-10-02,RP-2026-400458,,90,Pre-foreclosure; LLC / corp owner; New this week,Harris County Clerk,https://www.cclerk.hctx.netEComm/ViewEdocs.aspx?ID=ihpahpMbvcoWkF5RdbzIVSecIsA6EEUpsmcafuTFOcc8fqh9yhOoZ7JIzepLXon5SBaY9DeketvIZeTd2n2ZXSo+WdXG3fpLFcXFGKyzEjPy+Jmwmx1qRDbE4rSW4emBevKe5NFJ66ne9q1MCGf6jw==
U,S HOME LLC,550 GREENS PKWY STE 200,HOUSTON,TX,77067-4538,5315 INGOMAR WAY,HOUSTON,TX,77053,Notice of Foreclosure / Trustee Sale,NOTICE,2026-10-02,RP-2026-400439,,90,Pre-foreclosure; LLC / corp owner; New this week,Harris County Clerk,https://www.cclerk.hctx.netEComm/ViewEdocs.aspx?ID=ihpahpMbvcoWkF5RdbzIVc3F+uinKT1pyq/tQ2/hSZlVTCvFp15c0XzAw8PxXzq7QPNceajpNI06iI2KsNw+IvjASayy/SEZZKEaAzgQqNxVFwcv4Oy0wl/VO0GcD4DsQ7u/9IAl1IM1ILB6YZOZoA==
U,S HOME LLC,550 GREENS PKWY STE 200,HOUSTON,TX,77067-4538,5315 INGOMAR WAY,HOUSTON,TX,77053,Notice of Foreclosure / Trustee Sale,NOTICE,2026-10-02,RP-2026-400430,,90,Pre-foreclosure; LLC / corp owner; New this week,Harris County Clerk,https://www.cclerk.hctx.netEComm/ViewEdocs.aspx?ID=ihpahpMbvcoWkF5RdbzIVREZ7U6byMjyUa6s2asL2BDP1pgxW9nP4VYVgX+t7pMVtwbDdI9BXhqC/Hfp/pyB5OnU3bYp5twW8gbPxyUINYBC2qvlGurK+bBBOmXV/sxgHUaQkr8tfirhydz7ga7QOA==
U,S HOME LLC,550 GREENS PKWY STE 200,HOUSTON,TX,77067-4538,5315 INGOMAR WAY,HOUSTON,TX,77053,Notice of Foreclosure / Trustee Sale,NOTICE,2026-10-02,RP-2026-400423,,90,Pre-foreclosure; LLC / corp owner; New this week,Harris County Clerk,https://www.cclerk.hctx.netEComm/ViewEdocs.aspx?ID=ihpahpMbvcoWkF5RdbzIVdRuZctU/sDTWspbgNMsb1BXIYt3zLTUdL8NEN7pWjqoJUr7NTnHtCfeyrsw43sf7iuEFIw6U5l7uIFHp4JM8Ke0wGqUrY4yCT0E1D6J/nQP9rpsQK32PWQfYsLZSH27bg==
U,S HOME LLC,550 GREENS PKWY STE 200,HOUSTON,TX,77067-4538,5315 INGOMAR WAY,HOUSTON,TX,77053,Notice of Foreclosure / Trustee Sale,NOTICE,2026-10-02,RP-2026-400407,,90,Pre-foreclosure; LLC / corp owner; New this week,Harris County Clerk,https://www.cclerk.hctx.netEComm/ViewEdocs.aspx?ID=ihpahpMbvcoWkF5RdbzIVSicsn8X+LBg/ZKGgNvSQsFhCczxhWU+VMBPt8oBEdMnxviA4S3A2Zrr8AchPzTa7N8gIVfAzQTrIzlqpqzBm+3AncLBsaL+WRXDDVSc4T6HrdNgCDH1+f9S1A7ovNtfIA==
MARY,ALICE DUPREE LIVING TRUST,2207 DROXFORD DR,HOUSTON,TX,77008-3010,2203 DROXFORD DR,HOUSTON,TX,77008,Notice of Foreclosure / Trustee Sale,NOTICE,2026-10-02,RP-2026-400399,,90,Pre-foreclosure; LLC / corp owner; New this week,Harris County Clerk,https://www.cclerk.hctx.netEComm/ViewEdocs.aspx?ID=ihpahpMbvcoWkF5RdbzIVcPfuMyifXwmOZErKCSaaYhq6hbH0ChhF+42zJSk8Xu3MK1YQFtjX00zUqdwh3OaF3p6A4yoeB6ToAfCePNu+YEU53Sfri+AWGk9EB6djbSwOiDdrT3WE/5QYWIIYCTMUg==
MARY,ALICE DUPREE LIVING TRUST,2207 DROXFORD DR,HOUSTON,TX,77008-3010,2203 DROXFORD DR,HOUSTON,TX,77008,Notice of Foreclosure / Trustee Sale,NOTICE,2026-10-02,RP-2026-400398,,90,Pre-foreclosure; LLC / corp owner; New this week,Harris County Clerk,https://www.cclerk.hctx.netEComm/ViewEdocs.aspx?ID=ihpahpMbvcoWkF5RdbzIVcCZa1pED74ZdYl6oMSRS1eZTZy/hIsHJ3QsS6mhlEEdA0gjigYVP68jSVCF4TfUGUdrUhXNvIb1hrUYTrhdGN2wRKG+1vrwduLHpkrMYcSxj2dNpD/aMEBAIybtb1gSjA==
U,S HOME LLC,550 GREENS PKWY STE 200,HOUSTON,TX,77067-4538,5315 INGOMAR WAY,HOUSTON,TX,77053,Notice of Foreclosure / Trustee Sale,NOTICE,2026-10-02,RP-2026-400388,,90,Pre-foreclosure; LLC / corp owner; New this week,Harris County Clerk,https://www.cclerk.hctx.netEComm/ViewEdocs.aspx?ID=ihpahpMbvcoWkF5RdbzIVd6t1hUC14HkhtEuW5XVevG1O4UVWu+SVGCaLV6g0VjQZj6Ma084d7WFpf5973reFf74yAOb4OiEumsJ3eVeYSzfBh3aes7939NUuLZOmWkoBvPUAl6eClNaZtYfrveEYA==
HARKOR,HOMES LLC,1020 W LOOP N STE 280,HOUSTON,TX,77055-7256,1740 ESPERANZA ST,HOUSTON,TX,77023,Notice of Foreclosure / Trustee Sale,NOTICE,2026-10-02,RP-2026-400383,,90,Pre-foreclosure; LLC / corp owner; New this week,Harris County Clerk,https://www.cclerk.hctx.netEComm/ViewEdocs.aspx?ID=ihpahpMbvcoWkF5RdbzIVfiHaJTM77JL0rd3XPrbA0mxWR84NVRuZlRC8C7GhnGOqHsCm0Hdyocis5Ue3CCAPILf1T4CgM7v9jqCR01oSoSMg9L4rnx0U1MOf2sLBrT/xvLmuuyWl9Wie0I28ZKnzA==
U,S HOME LLC,550 GREENS PKWY STE 200,HOUSTON,TX,77067-4538,5315 INGOMAR WAY,HOUSTON,TX,77053,Notice of Foreclosure / Trustee Sale,NOTICE,2026-10-02,RP-2026-400376,,90,Pre-foreclosure; LLC / corp owner; New this week,Harris County Clerk,https://www.cclerk.hctx.netEComm/ViewEdocs.aspx?ID=ihpahpMbvcoWkF5RdbzIVYL1G6MbgSHvWf4O6EwiFDlPcKcQWvhSm47izuFoNuKRaU2YmCS36VJtLYs2l6Wue5cUYVfns+3GBY/AmwPnWozHWyJfOk3B4JV/W/YD19UpOyBZXhvCcMaVrrGu+1FYsw==
SSS,WESTSIDE PLAZA LLC,5004 CEDAR ST,BELLAIRE,TX,77401-4009,6605 S RICE AVE,BELLAIRE,TX,77401,Notice of Foreclosure / Trustee Sale,NOTICE,2026-10-02,RP-2026-400299,,90,Pre-foreclosure; LLC / corp owner; New this week,Harris County Clerk,https://www.cclerk.hctx.netEComm/ViewEdocs.aspx?ID=ihpahpMbvcoWkF5RdbzIVZZWpgHOESIU4YVP4Z4OwvzAdgaqavtIro/lvUdDTIOyIIbsVjfdqb0taKWAnTqt1djnfmsC3SnLkRQJD7dFRB6HHhtkxsQohyONviztyrcA4VGQnvUZYvqZDODSyR9v5w==
U,S HOME LLC,550 GREENS PKWY STE 200,HOUSTON,TX,77067-4538,5315 INGOMAR WAY,HOUSTON,TX,77053,Notice of Foreclosure / Trustee Sale,NOTICE,2026-10-02,RP-2026-400257,,90,Pre-foreclosure; LLC / corp owner; New this week,Harris County Clerk,https://www.cclerk.hctx.netEComm/ViewEdocs.aspx?ID=ihpahpMbvcoWkF5RdbzIVRgi8iq/WslWG0XgsscCIXp8F4Vyq3sZQ6Ah3YERDYlNIVwxmb76wDEZwzUSdetxB6AwnR36Qb6Z5lRsGeNmyu8I+54DTgrAhvZ2AJjAm7ub9i0aN2ueiOoC6C4nIJFFFA==
PHENOM,PREMIER PROPERTIES LLC,4105 PETRUS,COLLEYVILLE,TX,76034-1426,6207 NUBEN ST,HOUSTON,TX,77091,Notice of Foreclosure / Trustee Sale,NOTICE,2026-10-02,RP-2026-400217,,90,Pre-foreclosure; LLC / corp owner; New this week,Harris County Clerk,https://www.cclerk.hctx.netEComm/ViewEdocs.aspx?ID=ihpahpMbvcoWkF5RdbzIVfm/W9fRsKS8ShRJcfnm4232ggsVyYCG7BvOHgTVjNGsnHAHJr0FImjNdHDkt7fELGMLwx5vbTKZ7kXgbCxmFy9Ufj7I3evoubZ7wQ3+L100xWUgm9NYRn8bEz0q1SNz8w==
TRI,POINTE HOMES TEXAS INC,10343 W SAM HOUSTON PARK DR SUITE 100,HOUSTON,TX,77064-4656,22414 DECKER PRAIRIE ROSEHILL RD,TOMBALL,TX,77377,Notice of Foreclosure / Trustee Sale,NOTICE,2026-10-02,RP-2026-400158,,90,Pre-foreclosure; LLC / corp owner; New this week,Harris County Clerk,https://www.cclerk.hctx.netEComm/ViewEdocs.aspx?ID=ihpahpMbvcoWkF5RdbzIVb4phlDY7dHsfYA/Felw0gynBxp02IViHXFCGgGRMvF5gx/UtDQYjGICoAWwqlYkap2vOJtJ9qGlA53MgBTiNdd8cD5+IyRogsDaulZ+HBd38e6+puWHKN5uyRW484muSg==
TRI,POINTE HOMES TEXAS INC,10343 W SAM HOUSTON PARK DR SUITE 100,HOUSTON,TX,77064-4656,22414 DECKER PRAIRIE ROSEHILL RD,TOMBALL,TX,77377,Notice of Foreclosure / Trustee Sale,NOTICE,2026-10-02,RP-2026-400157,,90,Pre-foreclosure; LLC / corp owner; New this week,Harris County Clerk,https://www.cclerk.hctx.netEComm/ViewEdocs.aspx?ID=ihpahpMbvcoWkF5RdbzIVUei7n7Clhw4rHPzPK4R4u/not/jDDKowJgtCgiLFhJfqIAq3k+XEJWAFDZDsOKcPfQt+Q1T0sWax2sM8hb3GD+fTrT+Fz0s0ksznInvxBWM4XYLK/caxk/ihPWXCfU1eQ==
U,S HOME LLC,550 GREENS PKWY STE 200,HOUSTON,TX,77067-4538,5315 INGOMAR WAY,HOUSTON,TX,77053,Notice of Foreclosure / Trustee Sale,NOTICE,2026-10-02,RP-2026-400055,,90,Pre-foreclosure; LLC / corp owner; New this week,Harris County Clerk,https://www.cclerk.hctx.netEComm/ViewEdocs.aspx?ID=ihpahpMbvcoWkF5RdbzIVSnUxEl19iD7qZyteosyjdkpwe/Os61b+0mqngMQS2z+VLKCLLwcAvcVdTsSLYXER+bhczK7srgDl/9nEloT9ai7fLaVMVPz2tSzPc59O48756uY/sNOHzl7yjCP/GDpPQ==
U,S HOME LLC,550 GREENS PKWY STE 200,HOUSTON,TX,77067-4538,5315 INGOMAR WAY,HOUSTON,TX,77053,Notice of Foreclosure / Trustee Sale,NOTICE,2026-10-02,RP-2026-400054,,90,Pre-foreclosure; LLC / corp owner; New this week,Harris County Clerk,https://www.cclerk.hctx.netEComm/ViewEdocs.aspx?ID=ihpahpMbvcoWkF5RdbzIVVb889Opve750vy3ftXun6TncK7YIvcIQ/bwisB+mk5jEEq41wPsxz4dJy0bN5ToaBUgjKJaIvhMqJXEkHFXQuvHky0JSRRc6WWbVbenVxDbDbcHQwKVIsafYQ6Qi+mNkw==
W-QUALITY,LEADERS LLC,10885 S STATE ST,SANDY,UT,84070-4104,324 CLEARWATER ST A&B,HOUSTON,TX,77029,Notice of Foreclosure / Trustee Sale,NOTICE,2026-10-02,RP-2026-400000,,90,Pre-foreclosure; LLC / corp owner; New this week,Harris County Clerk,https://www.cclerk.hctx.netEComm/ViewEdocs.aspx?ID=ihpahpMbvcoWkF5RdbzIVYZSTGxZBACH3H1QeYd7ZwsKniRDxtNTG7my5wvZxmzxi6Hzq6tTJaS/4jLK5kwFX57Xok8MwRGkTBdrasiqprwGfahY6KdewSjznhCsRDRX9eRhLRbhp0orTMNSnyutBw==
U,S HOME LLC,550 GREENS PKWY STE 200,HOUSTON,TX,77067-4538,5315 INGOMAR WAY,HOUSTON,TX,77053,Notice of Foreclosure / Trustee Sale,NOTICE,2026-10-02,RP-2026-399995,,90,Pre-foreclosure; LLC / corp owner; New this week,Harris County Clerk,https://www.cclerk.hctx.netEComm/ViewEdocs.aspx?ID=ihpahpMbvcoWkF5RdbzIVRZACXhKXFBkESaKsXNyT6rvx+XFtNucTgSjFFHXw1ChZIzUMbx/xwxLCBp4o6BBPL0s8NVqNLaXs/fB9fKapW9/6bQ7NAXYGCAsQuG+4FHdYwwBX2iTVd3p3p6Dtq04hw==
MAYBERRY,HOMES INC,4412 ALMEDA ROAD,HOUSTON,TX,77004-4902,0 BREWSTER ST,HOUSTON,TX,77026,Notice of Foreclosure / Trustee Sale,NOTICE,2026-10-02,RP-2026-399941,,90,Pre-foreclosure; LLC / corp owner; New this week,Harris County Clerk,https://www.cclerk.hctx.netEComm/ViewEdocs.aspx?ID=ihpahpMbvcoWkF5RdbzIVY8AFqG9iVvgxkmqB50Ey6U9Cq+CiotYn+63hyXxA7Cae+7sq+qOCw8KsccVFcDoOapQzkJJzolgv/P/0Woh5eXSwEh6dKY1D1TTlXXs48zShlKWsh8UfVva/ihYMktTYg==
TODAY,REAL ESTATE INVESTMENTS LLC,907 COMMONS WAY CT,HUFFMAN,TX,77336-2991,13375 FORCE ST,HOUSTON,TX,77015,Notice of Foreclosure / Trustee Sale,NOTICE,2026-10-01,RP-2026-399894,,90,Pre-foreclosure; LLC / corp owner; New this week,Harris County Clerk,https://www.cclerk.hctx.netEComm/ViewEdocs.aspx?ID=ihpahpMbvcoWkF5RdbzIVZ5elUEVzCr6SkU8xNLjXY9YC53Pni6UDK1+kYxs0jms+/hX+rD0C2HIzRaq+0MbJLAA1Tim0FAhOoulrLZIws66/jwaPCcjwlL664BU6OCMfTxyPfVB12qPRoJ87wO+yg==
THIEN,NINH LLC,PO BOX 691924,HOUSTON,TX,77269-1924,11523 FAIRPOINT DR,HOUSTON,TX,77099,Notice of Foreclosure / Trustee Sale,NOTICE,2026-10-01,RP-2026-399864,,90,Pre-foreclosure; LLC / corp owner; New this week,Harris County Clerk,https://www.cclerk.hctx.netEComm/ViewEdocs.aspx?ID=ihpahpMbvcoWkF5RdbzIVa7/2GFiXRnptOwh8e+gyHTobIuV/UnxtvdR0uHDb1u7ll/+mDEegnct5qpEaRxXfPSRRttOlGqy4UXv8B7F0nPlCcDfp0yuyzPQtF40pHyiZfwz7ykYTfxNouFuGq53Hg==
S3,HOLDINGS LLC,1908 BINZ ST,HOUSTON,TX,77004-4190,12255 SHARPVIEW DR,HOUSTON,TX,77072,Notice of Foreclosure / Trustee Sale,NOTICE,2026-10-01,RP-2026-399853,,90,Pre-foreclosure; LLC / corp owner; New this week,Harris County Clerk,https://www.cclerk.hctx.netEComm/ViewEdocs.aspx?ID=ihpahpMbvcoWkF5RdbzIVTws+aa9UarjbKtWgQ5iy5WUW1Li9tGe9UZVbYzdfYZsJQgrL+0Z7hmvYJTjenicorEjN8bfOOkpsonl07eAx82XbMwEJrbn7KRQksaWwx1pdkYY6hUqGwQlyjQmgHPd+A==
OPENDOOR,PROPERTY J LLC,410 N SCOTTSDALE RD STE 1600,TEMPE,AZ,85288-0976,15510 JERSEY DR,JERSEY VILLAGE,TX,77040,Notice of Foreclosure / Trustee Sale,NOTICE,2026-10-01,RP-2026-399790,,90,Pre-foreclosure; LLC / corp owner; New this week,Harris County Clerk,https://www.cclerk.hctx.netEComm/ViewEdocs.aspx?ID=ihpahpMbvcoWkF5RdbzIVeV84lZ/Bl38590OMWL2Wc0EerX0hUCBKzRYzHoO2WX9+9YxRHZ1mYwZ0Mb+ofXIzULoohvPQGTXnSEieqwy2vG36XdGSi8Y9gNRff/czSQC1Rnn3mmMIqhbSzWK3/BQng==
FAIRMONT,PARK CENTRAL HOMEOWNERS ASSOCIATION,PO BOX 203310,AUSTIN,TX,78720-3310,0 KING WILLIAM DR,LA PORTE,TX,77571,Notice of Foreclosure / Trustee Sale,NOTICE,2026-10-01,RP-2026-399737,,90,Pre-foreclosure; LLC / corp owner; New this week,Harris County Clerk,https://www.cclerk.hctx.netEComm/ViewEdocs.aspx?ID=ihpahpMbvcoWkF5RdbzIVRhSKHQDjXa7OE8LmjCFwRfwWbCysXY0Fpg5tQrFhVOniruP1k6H2QDH6L2M2azpIaGv0q3vA+bWAm8/mwCYx6xLtV+ZrAdkbzM4Zb+53qeezN6HiG396zFVTOSTfJE2xA==
LISMORE,LAKE HOMEOWNERS ASSOCIATION INC,13231 CHAMPION FOREST DR STE 112,HOUSTON,TX,77069-2646,11901 LISMORE LAKE DR,CYPRESS,TX,77429,Notice of Foreclosure / Trustee Sale,NOTICE,2026-10-01,RP-2026-399734,,90,Pre-foreclosure; LLC / corp owner; New this week,Harris County Clerk,https://www.cclerk.hctx.netEComm/ViewEdocs.aspx?ID=ihpahpMbvcoWkF5RdbzIVSytTW2qN6hiul2ojgGlL7x5S/4gyKV3FV5z+xTFOYq7gzG48ERMVKVpyDFWCXKvMn1pYOfND2T+Ezqwx34ndJErXHWvpTy47x2Ej3Gej2Opgc7YTjRM2JCrDJgkMVJdvQ==
SEKISUI,HOUSE COMMUNITIES TX INC,480 WILDWOOD FOREST DR STE 803,SPRING,TX,77380-4120,0 E CORAL HONEYSUCKLE LOOP,CYPRESS,TX,77433,Notice of Foreclosure / Trustee Sale,NOTICE,2026-10-01,RP-2026-399718,,90,Pre-foreclosure; LLC / corp owner; New this week,Harris County Clerk,https://www.cclerk.hctx.netEComm/ViewEdocs.aspx?ID=ihpahpMbvcoWkF5RdbzIVftdcoVIWSOjdkIhje9kVTOAWTeouBE07eA2Pqz10Kn049qLxFDWzdDWOl/qDNIEpU3OPgUphOJQos+9nnP4uy04JcNFkhKqYnWr1G3uiCmluTxyB0FVtn0x/Yl1b7R3iw==
SEKISUI,HOUSE COMMUNITIES TX INC,480 WILDWOOD FOREST DR STE 803,SPRING,TX,77380-4120,0 E CORAL HONEYSUCKLE LOOP,CYPRESS,TX,77433,Notice of Foreclosure / Trustee Sale,NOTICE,2026-10-01,RP-2026-399717,,90,Pre-foreclosure; LLC / corp owner; New this week,Harris County Clerk,https://www.cclerk.hctx.netEComm/ViewEdocs.aspx?ID=ihpahpMbvcoWkF5RdbzIVXGY0FRmnNSpI9VtK89YFRI8SoFAWL2NJiof/OXXg1q8JSQ74VVffWzzeeRD6Tng4rBT1qgZWhVnfwSug0UAbH+0AIDX7sQMymLFAjOsU6203CYF1C9Aoivb+lxoQFBoqQ==
LONG,LAKE LTD,15915 KATY FWY STE 405,HOUSTON,TX,77094-1710,0 PORTER RD,KATY,TX,77493,Notice of Foreclosure / Trustee Sale,NOTICE,2026-10-01,RP-2026-399675,,90,Pre-foreclosure; LLC / corp owner; New this week,Harris County Clerk,https://www.cclerk.hctx.netEComm/ViewEdocs.aspx?ID=ihpahpMbvcoWkF5RdbzIVabsY1n7RosBz/XN8Jwkhsl5eiKBYjNtjjH01EfpBLgvDWsRNtwafMsTaR5wpqsjOUQZw7Xe4iBITdOQ4hofTjd92p/6boCZa0KWsSpxlKAp43OeHmHY6XEfeADpdqkdZQ==
1702,MCGOWEN HOA INC,9100 WASHINGTON AVE STE 110,HOUSTON,TX,77007-,1506 W 21ST ST,HOUSTON,TX,77008,Notice of Foreclosure / Trustee Sale,NOTICE,2026-10-01,RP-2026-399671,,90,Pre-foreclosure; LLC / corp owner; New this week,Harris County Clerk,https://www.cclerk.hctx.netEComm/ViewEdocs.aspx?ID=ihpahpMbvcoWkF5RdbzIVQXT6zUijXVUlbWoH51I1mveUNG9CSdD/Mv9oGkzf/cjla5O4hKxqDXNZVAEQvpJ1Sia9Qnx1+5knWsXJ0QfsnGl3c9FQGsdQJI/QQpZqzaNoTVAFEyteyQmSFY+iRtF3Q==
U,S HOME LLC,550 GREENS PKWY STE 200,HOUSTON,TX,77067-4538,5315 INGOMAR WAY,HOUSTON,TX,77053,Notice of Foreclosure / Trustee Sale,NOTICE,2026-10-01,RP-2026-399590,,90,Pre-foreclosure; LLC / corp owner; New this week,Harris County Clerk,https://www.cclerk.hctx.netEComm/ViewEdocs.aspx?ID=ihpahpMbvcoWkF5RdbzIVZ6xj3C5SuPvJdHKEYcGJafhhuGhP0zO217MrOaXTwpsLnzxBthsrbaE6BqLDjmCexY9Vm9WVM4i+fDfVffHCeX6zLbZM4wCTPVhyMej/qNsAOauVFnvnkKss6vR4YwX5Q==
U,S HOME LLC,550 GREENS PKWY STE 200,HOUSTON,TX,77067-4538,5315 INGOMAR WAY,HOUSTON,TX,77053,Notice of Foreclosure / Trustee Sale,NOTICE,2026-10-01,RP-2026-399589,,90,Pre-foreclosure; LLC / corp owner; New this week,Harris County Clerk,https://www.cclerk.hctx.netEComm/ViewEdocs.aspx?ID=ihpahpMbvcoWkF5RdbzIVTw1W/wAbMgQakH1ThgDucrzKKe7plkFpeAfcPEd6DELnih9HHCIbvnvqWUQAU73DfY5kxW7v4SGtFQDy3OHDp0oUye7jA9SefZE5hjkiBsPyowf/SePDf7yru0xVl0X7A==
BRIARGROVE,PARK PROPERTY OWNERS INC,2301 SEAGLER RD,HOUSTON,TX,77042-2943,2301 SEAGLER RD,HOUSTON,TX,77042,Notice of Foreclosure / Trustee Sale,NOTICE,2026-10-01,RP-2026-399560,,90,Pre-foreclosure; LLC / corp owner; New this week,Harris County Clerk,https://www.cclerk.hctx.netEComm/ViewEdocs.aspx?ID=ihpahpMbvcoWkF5RdbzIVeFs4khaMZEAqBUfZLOPhjJmhWiGRMgSu0jP7tty45I66WyqtTbPM3MvSkBOuJxfE9HFiilQrjUKqHEcukzt1CYI9ya2mTgswMVrbK+SGTvqOnhLuQ8qjC+tKJswqxrmCw==
RRLL,DEVELOPMENT LLC,9519 VAL VERDE ST,HOUSTON,TX,77063-3801,9519 VAL VERDE ST,HOUSTON,TX,77063,Notice of Foreclosure / Trustee Sale,NOTICE,2026-10-01,RP-2026-399481,,90,Pre-foreclosure; LLC / corp owner; New this week,Harris County Clerk,https://www.cclerk.hctx.netEComm/ViewEdocs.aspx?ID=ihpahpMbvcoWkF5RdbzIVSrNxDVfdVlayXZDY1ZacJSTlQLRSgBcDMDSbPALT86hmYo614dmihqNREllXPo7On6tEcDaWrkmQTB6O0BsKLuvc0TfuRj9p0cBoXOOxw1nZBS6KcZqdPujAiyB6fQ1Cw==
U,S HOME LLC,550 GREENS PKWY STE 200,HOUSTON,TX,77067-4538,5315 INGOMAR WAY,HOUSTON,TX,77053,Notice of Foreclosure / Trustee Sale,NOTICE,2026-10-01,RP-2026-399381,,90,Pre-foreclosure; LLC / corp owner; New this week,Harris County Clerk,https://www.cclerk.hctx.netEComm/ViewEdocs.aspx?ID=ihpahpMbvcoWkF5RdbzIVSRUXIWDsbSXuMcgUQvrw2mT2QfJh9eLeInzTgP+iAGNdzE0UX+Kr1KiA+XwjhxzZbc0yD6CTUkFg1g0AmaST3laAbeJjtaoamFV+dUeK/CaBBO2kCzxnxIJXlDfw0sglg==
SJWTX,INC,,,TX,,,,TX,,Notice of Foreclosure / Trustee Sale,NOTICE,2026-10-02,RP-2026-401549,,85,Pre-foreclosure; LLC / corp owner; New this week,Harris County Clerk,https://www.cclerk.hctx.netEComm/ViewEdocs.aspx?ID=ihpahpMbvcoWkF5RdbzIVSiWbmk6WfaalPQNxtQTnHVwwKoDde+/PaI/Os12mt0xX0MZwwdADX3otBWFUg3mWedpFArKEi8YcF9NKL/DhC+/Y/BEGGVuL8hA/JgP/SlKnXPfcLXPPd2ENJt4gvF7eA==
KEA,KUYKENDAHL CENTER LLC,,,TX,,,,TX,,Notice of Foreclosure / Trustee Sale,NOTICE,2026-10-02,RP-2026-401545,,85,Pre-foreclosure; LLC / corp owner; New this week,Harris County Clerk,https://www.cclerk.hctx.netEComm/ViewEdocs.aspx?ID=ihpahpMbvcoWkF5RdbzIVbEWEJ55og3E1OHp1G21z5uBT+b+NPHMUqgNEu6tAI4JTCymM1vR/1bQFwyhaABUn37EgHP7P/ugcORcQnzl4AYdgTxw6Lizz4fqKJuXfNadJ/sIxU5Zts+vz2jDOjcT7w==
PULTE,NEVADA I LLC,,,TX,,,,TX,,Notice of Foreclosure / Trustee Sale,NOTICE,2026-10-02,RP-2026-401362,,85,Pre-foreclosure; LLC / corp owner; New this week,Harris County Clerk,https://www.cclerk.hctx.netEComm/ViewEdocs.aspx?ID=ihpahpMbvcoWkF5RdbzIVYGfyBusw+7yZpVfVKO9N0AwCB07eIFNakC+MbFWSZMvKShgbWPGP1CV+foMhwN1N/ublNF2hw/UvpBNeO33NuTeKU2nSev4hlnSUb4Qn7x8Eclvn2/Da0s4pXEkrrgoaA==
PULTE,NEVADA I LLC,,,TX,,,,TX,,Notice of Foreclosure / Trustee Sale,NOTICE,2026-10-02,RP-2026-400915,,85,Pre-foreclosure; LLC / corp owner; New this week,Harris County Clerk,https://www.cclerk.hctx.netEComm/ViewEdocs.aspx?ID=ihpahpMbvcoWkF5RdbzIVWtYxUVqo4SrAS1t8jNAe+2enEL82S6FxK6AXAvaTo+RxK/ioE1wKFNsxcEN12vK5i7IzKGMIsXYsFH/PMunGiQ2uDUuR+R1Gwq04MbttN55FptvhwCSoCxwJAbGAJwSPA==
SJWTX,INC,,,TX,,,,TX,,Notice of Foreclosure / Trustee Sale,NOTICE,2026-10-02,RP-2026-400321,,85,Pre-foreclosure; LLC / corp owner; New this week,Harris County Clerk,https://www.cclerk.hctx.netEComm/ViewEdocs.aspx?ID=ihpahpMbvcoWkF5RdbzIVdiuM9mRYlAAvySChyoYaK3isxlhIXx9pyrk4RMxWVq1Xfl40Sc7JfzSwu9MViHGbQj74guB8NZgiQy1ceThEZA4RH7g/vmXoL2o3cz2hE5GIaPhxpRAbAMATJDZwMSHNg==
SJWTX,INC,,,TX,,,,TX,,Notice of Foreclosure / Trustee Sale,NOTICE,2026-10-02,RP-2026-400312,,85,Pre-foreclosure; LLC / corp owner; New this week,Harris County Clerk,https://www.cclerk.hctx.netEComm/ViewEdocs.aspx?ID=ihpahpMbvcoWkF5RdbzIVXtuW3jXQCSQldbdqGwHWeWSr4BE5be4JsZ7VquqQegdNsuMRwBD/24LgcC/KnFC5MGNrzYOOnam67+FKmGHzHDH1GEdKoGzxfX5AuS4cuUw79ejmzdjGNWSI1qn3QdrVQ==
4414,MOUNT VERNON LLC,,,TX,,,,TX,,Notice of Foreclosure / Trustee Sale,NOTICE,2026-10-02,RP-2026-400265,,85,Pre-foreclosure; LLC / corp owner; New this week,Harris County Clerk,https://www.cclerk.hctx.netEComm/ViewEdocs.aspx?ID=ihpahpMbvcoWkF5RdbzIVcKLJ4uJfyvFKq0eQdTVHaBFBMbA+KyzFkOGam8U3S855AOyPZ7qCYYT1T87DtDXKzu6wREb59kuRajmotI281a2DYfVRrNzcPFv0U+vNBqPrpAmHXL7MocmUZCDXXXfYw==
RITZY,HOMES LLC,,,TX,,,,TX,,Notice of Foreclosure / Trustee Sale,NOTICE,2026-10-02,RP-2026-400014,,85,Pre-foreclosure; LLC / corp owner; New this week,Harris County Clerk,https://www.cclerk.hctx.netEComm/ViewEdocs.aspx?ID=ihpahpMbvcoWkF5RdbzIVZ+ZO7VfjxBwjND3o2FNHiBOMdWONHIwHp3dLsnMfp+YEXNbWvuWM+A0I2hzuqVjsrn7HN+KOwlG1WHjpdT24YCguVItD1ePfPuEVNAmWH75Gkfhf8gsqtZdI3G++sL7tw==
PULTE,NEVADA I LLC,,,TX,,,,TX,,Notice of Foreclosure / Trustee Sale,NOTICE,2026-10-01,RP-2026-399689,,85,Pre-foreclosure; LLC / corp owner; New this week,Harris County Clerk,https://www.cclerk.hctx.netEComm/ViewEdocs.aspx?ID=ihpahpMbvcoWkF5RdbzIVapvzGzPwlnoIginhJd0zD9aJqIvx0GZZz3KpIMShodRRYYl4TKxplQlaoMzP42+/xu7nEWPdi7wnuZKSLlW3X6YKcFDZWCEeKoQ9A4DAlfGLS74G/V5kQp8+OHPexxUhg==
,,,,TX,,,,TX,,Foreclosure Sale,FRCL,2026-10-06,FRCL-2026-6336,,85,Foreclosure auction scheduled; Pre-foreclosure; New this week,Harris County Clerk,https://www.cclerk.hctx.net/applications/websearch/FRCL_R.aspx
,,,,TX,,,,TX,,Foreclosure Sale,FRCL,2026-10-06,FRCL-2026-6337,,85,Foreclosure auction scheduled; Pre-foreclosure; New this week,Harris County Clerk,https://www.cclerk.hctx.net/applications/websearch/FRCL_R.aspx
,,,,TX,,,,TX,,Foreclosure Sale,FRCL,2026-10-06,FRCL-2026-6338,,85,Foreclosure auction scheduled; Pre-foreclosure; New this week,Harris County Clerk,https://www.cclerk.hctx.net/applications/websearch/FRCL_R.aspx
,,,,TX,,,,TX,,Foreclosure Sale,FRCL,2026-10-06,FRCL-2026-6339,,85,Foreclosure auction scheduled; Pre-foreclosure; New this week,Harris County Clerk,https://www.cclerk.hctx.net/applications/websearch/FRCL_R.aspx
,,,,TX,,,,TX,,Foreclosure Sale,FRCL,2026-11-03,FRCL-2026-6340,,85,Foreclosure auction scheduled; Pre-foreclosure; New this week,Harris County Clerk,https://www.cclerk.hctx.net/applications/websearch/FRCL_R.aspx
,,,,TX,,,,TX,,Foreclosure Sale,FRCL,2026-11-03,FRCL-2026-6341,,85,Foreclosure auction scheduled; Pre-foreclosure; New this week,Harris County Clerk,https://www.cclerk.hctx.net/applications/websearch/FRCL_R.aspx
,,,,TX,,,,TX,,Foreclosure Sale,FRCL,2026-11-03,FRCL-2026-6342,,85,Foreclosure auction scheduled; Pre-foreclosure; New this week,Harris County Clerk,https://www.cclerk.hctx.net/applications/websearch/FRCL_R.aspx
,,,,TX,,,,TX,,Foreclosure Sale,FRCL,2026-11-03,FRCL-2026-6343,,85,Foreclosure auction scheduled; Pre-foreclosure; New this week,Harris County Clerk,https://www.cclerk.hctx.net/applications/websearch/FRCL_R.aspx
,,,,TX,,,,TX,,Foreclosure Sale,FRCL,2026-10-06,FRCL-2026-6344,,85,Foreclosure auction scheduled; Pre-foreclosure; New this week,Harris County Clerk,https://www.cclerk.hctx.net/applications/websearch/FRCL_R.aspx
,,,,TX,,,,TX,,Foreclosure Sale,FRCL,2026-10-06,FRCL-2026-6345,,85,Foreclosure auction scheduled; Pre-foreclosure; New this week,Harris County Clerk,https://www.cclerk.hctx.net/applications/websearch/FRCL_R.aspx
,,,,TX,,,,TX,,Foreclosure Sale,FRCL,2026-10-06,FRCL-2026-6381,,85,Foreclosure auction scheduled; Pre-foreclosure; New this week,Harris County Clerk,https://www.cclerk.hctx.net/applications/websearch/FRCL_R.aspx
,,,,TX,,,,TX,,Foreclosure Sale,FRCL,2026-11-03,FRCL-2026-6365,,85,Foreclosure auction scheduled; Pre-foreclosure; New this week,Harris County Clerk,https://www.cclerk.hctx.net/applications/websearch/FRCL_R.aspx
,,,,TX,,,,TX,,Foreclosure Sale,FRCL,2026-11-03,FRCL-2026-6366,,85,Foreclosure auction scheduled; Pre-foreclosure; New this week,Harris County Clerk,https://www.cclerk.hctx.net/applications/websearch/FRCL_R.aspx
,,,,TX,,,,TX,,Foreclosure Sale,FRCL,2026-10-06,FRCL-2026-6363,,85,Foreclosure auction scheduled; Pre-foreclosure; New this week,Harris County Clerk,https://www.cclerk.hctx.net/applications/websearch/FRCL_R.aspx
,,,,TX,,,,TX,,Foreclosure Sale,FRCL,2026-10-06,FRCL-2026-6367,,85,Foreclosure auction scheduled; Pre-foreclosure; New this week,Harris County Clerk,https://www.cclerk.hctx.net/applications/websearch/FRCL_R.aspx
,,,,TX,,,,TX,,Foreclosure Sale,FRCL,2026-10-06,FRCL-2026-6368,,85,Foreclosure auction scheduled; Pre-foreclosure; New this week,Harris County Clerk,https://www.cclerk.hctx.net/applications/websearch/FRCL_R.aspx
,,,,TX,,,,TX,,Foreclosure Sale,FRCL,2026-10-06,FRCL-2026-6369,,85,Foreclosure auction scheduled; Pre-foreclosure; New this week,Harris County Clerk,https://www.cclerk.hctx.net/applications/websearch/FRCL_R.aspx
,,,,TX,,,,TX,,Foreclosure Sale,FRCL,2026-10-06,FRCL-2026-6370,,85,Foreclosure auction scheduled; Pre-foreclosure; New this week,Harris County Clerk,https://www.cclerk.hctx.net/applications/websearch/FRCL_R.aspx
,,,,TX,,,,TX,,Foreclosure Sale,FRCL,2026-10-06,FRCL-2026-6371,,85,Foreclosure auction scheduled; Pre-foreclosure; New this week,Harris County Clerk,https://www.cclerk.hctx.net/applications/websearch/FRCL_R.aspx
,,,,TX,,,,TX,,Foreclosure Sale,FRCL,2026-10-06,FRCL-2026-6346,,85,Foreclosure auction scheduled; Pre-foreclosure; New this week,Harris County Clerk,https://www.cclerk.hctx.net/applications/websearch/FRCL_R.aspx
,,,,TX,,,,TX,,Foreclosure Sale,FRCL,2026-10-06,FRCL-2026-6372,,85,Foreclosure auction scheduled; Pre-foreclosure; New this week,Harris County Clerk,https://www.cclerk.hctx.net/applications/websearch/FRCL_R.aspx
,,,,TX,,,,TX,,Foreclosure Sale,FRCL,2026-10-06,FRCL-2026-6347,,85,Foreclosure auction scheduled; Pre-foreclosure; New this week,Harris County Clerk,https://www.cclerk.hctx.net/applications/websearch/FRCL_R.aspx
,,,,TX,,,,TX,,Foreclosure Sale,FRCL,2026-10-06,FRCL-2026-6373,,85,Foreclosure auction scheduled; Pre-foreclosure; New this week,Harris County Clerk,https://www.cclerk.hctx.net/applications/websearch/FRCL_R.aspx
,,,,TX,,,,TX,,Foreclosure Sale,FRCL,2026-10-06,FRCL-2026-6348,,85,Foreclosure auction scheduled; Pre-foreclosure; New this week,Harris County Clerk,https://www.cclerk.hctx.net/applications/websearch/FRCL_R.aspx
,,,,TX,,,,TX,,Foreclosure Sale,FRCL,2026-10-06,FRCL-2026-6349,,85,Foreclosure auction scheduled; Pre-foreclosure; New this week,Harris County Clerk,https://www.cclerk.hctx.net/applications/websearch/FRCL_R.aspx
,,,,TX,,,,TX,,Foreclosure Sale,FRCL,2026-10-06,FRCL-2026-6374,,85,Foreclosure auction scheduled; Pre-foreclosure; New this week,Harris County Clerk,https://www.cclerk.hctx.net/applications/websearch/FRCL_R.aspx
,,,,TX,,,,TX,,Foreclosure Sale,FRCL,2026-10-06,FRCL-2026-6350,,85,Foreclosure auction scheduled; Pre-foreclosure; New this week,Harris County Clerk,https://www.cclerk.hctx.net/applications/websearch/FRCL_R.aspx
,,,,TX,,,,TX,,Foreclosure Sale,FRCL,2026-10-06,FRCL-2026-6375,,85,Foreclosure auction scheduled; Pre-foreclosure; New this week,Harris County Clerk,https://www.cclerk.hctx.net/applications/websearch/FRCL_R.aspx
,,,,TX,,,,TX,,Foreclosure Sale,FRCL,2026-10-06,FRCL-2026-6351,,85,Foreclosure auction scheduled; Pre-foreclosure; New this week,Harris County Clerk,https://www.cclerk.hctx.net/applications/websearch/FRCL_R.aspx
,,,,TX,,,,TX,,Foreclosure Sale,FRCL,2026-10-06,FRCL-2026-6376,,85,Foreclosure auction scheduled; Pre-foreclosure; New this week,Harris County Clerk,https://www.cclerk.hctx.net/applications/websearch/FRCL_R.aspx
,,,,TX,,,,TX,,Foreclosure Sale,FRCL,2026-10-06,FRCL-2026-6377,,85,Foreclosure auction scheduled; Pre-foreclosure; New this week,Harris County Clerk,https://www.cclerk.hctx.net/applications/websearch/FRCL_R.aspx
,,,,TX,,,,TX,,Foreclosure Sale,FRCL,2026-11-03,FRCL-2026-6364,,85,Foreclosure auction scheduled; Pre-foreclosure; New this week,Harris County Clerk,https://www.cclerk.hctx.net/applications/websearch/FRCL_R.aspx
,,,,TX,,,,TX,,Foreclosure Sale,FRCL,2026-11-03,FRCL-2026-6378,,85,Foreclosure auction scheduled; Pre-foreclosure; New this week,Harris County Clerk,https://www.cclerk.hctx.net/applications/websearch/FRCL_R.aspx
,,,,TX,,,,TX,,Foreclosure Sale,FRCL,2026-11-03,FRCL-2026-6379,,85,Foreclosure auction scheduled; Pre-foreclosure; New this week,Harris County Clerk,https://www.cclerk.hctx.net/applications/websearch/FRCL_R.aspx
,,,,TX,,,,TX,,Foreclosure Sale,FRCL,2026-11-03,FRCL-2026-6380,,85,Foreclosure auction scheduled; Pre-foreclosure; New this week,Harris County Clerk,https://www.cclerk.hctx.net/applications/websearch/FRCL_R.aspx
,,,,TX,,,,TX,,Foreclosure Sale,FRCL,2026-11-03,FRCL-2026-6352,,85,Foreclosure auction scheduled; Pre-foreclosure; New this week,Harris County Clerk,https://www.cclerk.hctx.net/applications/websearch/FRCL_R.aspx
,,,,TX,,,,TX,,Foreclosure Sale,FRCL,2026-11-03,FRCL-2026-6353,,85,Foreclosure auction scheduled; Pre-foreclosure; New this week,Harris County Clerk,https://www.cclerk.hctx.net/applications/websearch/FRCL_R.aspx
,,,,TX,,,,TX,,Foreclosure Sale,FRCL,2026-11-03,FRCL-2026-6354,,85,Foreclosure auction scheduled; Pre-foreclosure; New this week,Harris County Clerk,https://www.cclerk.hctx.net/applications/websearch/FRCL_R.aspx
,,,,TX,,,,TX,,Foreclosure Sale,FRCL,2026-11-03,FRCL-2026-6355,,85,Foreclosure auction scheduled; Pre-foreclosure; New this week,Harris County Clerk,https://www.cclerk.hctx.net/applications/websearch/FRCL_R.aspx
,,,,TX,,,,TX,,Foreclosure Sale,FRCL,2026-11-03,FRCL-2026-6356,,85,Foreclosure auction scheduled; Pre-foreclosure; New this week,Harris County Clerk,https://www.cclerk.hctx.net/applications/websearch/FRCL_R.aspx
,,,,TX,,,,TX,,Foreclosure Sale,FRCL,2026-11-03,FRCL-2026-6357,,85,Foreclosure auction scheduled; Pre-foreclosure; New this week,Harris County Clerk,https://www.cclerk.hctx.net/applications/websearch/FRCL_R.aspx
,,,,TX,,,,TX,,Foreclosure Sale,FRCL,2026-11-03,FRCL-2026-6358,,85,Foreclosure auction scheduled; Pre-foreclosure; New this week,Harris County Clerk,https://www.cclerk.hctx.net/applications/websearch/FRCL_R.aspx
,,,,TX,,,,TX,,Foreclosure Sale,FRCL,2026-11-03,FRCL-2026-6359,,85,Foreclosure auction scheduled; Pre-foreclosure; New this week,Harris County Clerk,https://www.cclerk.hctx.net/applications/websearch/FRCL_R.aspx
,,,,TX,,,,TX,,Foreclosure Sale,FRCL,2026-11-03,FRCL-2026-6360,,85,Foreclosure auction scheduled; Pre-foreclosure; New this week,Harris County Clerk,https://www.cclerk.hctx.net/applications/websearch/FRCL_R.aspx
,,,,TX,,,,TX,,Foreclosure Sale,FRCL,2026-11-03,FRCL-2026-6361,,85,Foreclosure auction scheduled; Pre-foreclosure; New this week,Harris County Clerk,https://www.cclerk.hctx.net/applications/websearch/FRCL_R.aspx
,,,,TX,,,,TX,,Foreclosure Sale,FRCL,2026-11-03,FRCL-2026-6362,,85,Foreclosure auction scheduled; Pre-foreclosure; New this week,Harris County Clerk,https://www.cclerk.hctx.net/applications/websearch/FRCL_R.aspx
,,,,TX,,,,TX,,Foreclosure Sale,FRCL,2026-10-06,FRCL-2026-6404,,85,Foreclosure auction scheduled; Pre-foreclosure; New this week,Harris County Clerk,https://www.cclerk.hctx.net/applications/websearch/FRCL_R.aspx
,,,,TX,,,,TX,,Foreclosure Sale,FRCL,2026-10-06,FRCL-2026-6405,,85,Foreclosure auction scheduled; Pre-foreclosure; New this week,Harris County Clerk,https://www.cclerk.hctx.net/applications/websearch/FRCL_R.aspx
,,,,TX,,,,TX,,Foreclosure Sale,FRCL,2026-10-06,FRCL-2026-6406,,85,Foreclosure auction scheduled; Pre-foreclosure; New this week,Harris County Clerk,https://www.cclerk.hctx.net/applications/websearch/FRCL_R.aspx
,,,,TX,,,,TX,,Foreclosure Sale,FRCL,2026-10-06,FRCL-2026-6407,,85,Foreclosure auction scheduled; Pre-foreclosure; New this week,Harris County Clerk,https://www.cclerk.hctx.net/applications/websearch/FRCL_R.aspx
,,,,TX,,,,TX,,Foreclosure Sale,FRCL,2026-10-06,FRCL-2026-6408,,85,Foreclosure auction scheduled; Pre-foreclosure; New this week,Harris County Clerk,https://www.cclerk.hctx.net/applications/websearch/FRCL_R.aspx
,,,,TX,,,,TX,,Foreclosure Sale,FRCL,2026-10-06,FRCL-2026-6409,,85,Foreclosure auction scheduled; Pre-foreclosure; New this week,Harris County Clerk,https://www.cclerk.hctx.net/applications/websearch/FRCL_R.aspx
,,,,TX,,,,TX,,Foreclosure Sale,FRCL,2026-10-06,FRCL-2026-6410,,85,Foreclosure auction scheduled; Pre-foreclosure; New this week,Harris County Clerk,https://www.cclerk.hctx.net/applications/websearch/FRCL_R.aspx
,,,,TX,,,,TX,,Foreclosure Sale,FRCL,2026-10-06,FRCL-2026-6411,,85,Foreclosure auction scheduled; Pre-foreclosure; New this week,Harris County Clerk,https://www.cclerk.hctx.net/applications/websearch/FRCL_R.aspx
,,,,TX,,,,TX,,Foreclosure Sale,FRCL,2026-10-06,FRCL-2026-6412,,85,Foreclosure auction scheduled; Pre-foreclosure; New this week,Harris County Clerk,https://www.cclerk.hctx.net/applications/websearch/FRCL_R.aspx
,,,,TX,,,,TX,,Foreclosure Sale,FRCL,2026-10-06,FRCL-2026-6413,,85,Foreclosure auction scheduled; Pre-foreclosure; New this week,Harris County Clerk,https://www.cclerk.hctx.net/applications/websearch/FRCL_R.aspx
,,,,TX,,,,TX,,Foreclosure Sale,FRCL,2026-10-06,FRCL-2026-6414,,85,Foreclosure auction scheduled; Pre-foreclosure; New this week,Harris County Clerk,https://www.cclerk.hctx.net/applications/websearch/FRCL_R.aspx
,,,,TX,,,,TX,,Foreclosure Sale,FRCL,2026-11-03,FRCL-2026-6415,,85,Foreclosure auction scheduled; Pre-foreclosure; New this week,Harris County Clerk,https://www.cclerk.hctx.net/applications/websearch/FRCL_R.aspx
,,,,TX,,,,TX,,Foreclosure Sale,FRCL,2026-11-03,FRCL-2026-6416,,85,Foreclosure auction scheduled; Pre-foreclosure; New this week,Harris County Clerk,https://www.cclerk.hctx.net/applications/websearch/FRCL_R.aspx
,,,,TX,,,,TX,,Foreclosure Sale,FRCL,2026-11-03,FRCL-2026-6417,,85,Foreclosure auction scheduled; Pre-foreclosure; New this week,Harris County Clerk,https://www.cclerk.hctx.net/applications/websearch/FRCL_R.aspx
,,,,TX,,,,TX,,Foreclosure Sale,FRCL,2026-11-03,FRCL-2026-6418,,85,Foreclosure auction scheduled; Pre-foreclosure; New this week,Harris County Clerk,https://www.cclerk.hctx.net/applications/websearch/FRCL_R.aspx
,,,,TX,,,,TX,,Foreclosure Sale,FRCL,2026-10-06,FRCL-2026-6382,,85,Foreclosure auction scheduled; Pre-foreclosure; New this week,Harris County Clerk,https://www.cclerk.hctx.net/applications/websearch/FRCL_R.aspx
,,,,TX,,,,TX,,Foreclosure Sale,FRCL,2026-10-06,FRCL-2026-6383,,85,Foreclosure auction scheduled; Pre-foreclosure; New this week,Harris County Clerk,https://www.cclerk.hctx.net/applications/websearch/FRCL_R.aspx
,,,,TX,,,,TX,,Foreclosure Sale,FRCL,2026-10-06,FRCL-2026-6384,,85,Foreclosure auction scheduled; Pre-foreclosure; New this week,Harris County Clerk,https://www.cclerk.hctx.net/applications/websearch/FRCL_R.aspx
,,,,TX,,,,TX,,Foreclosure Sale,FRCL,2026-10-06,FRCL-2026-6385,,85,Foreclosure auction scheduled; Pre-foreclosure; New this week,Harris County Clerk,https://www.cclerk.hctx.net/applications/websearch/FRCL_R.aspx
,,,,TX,,,,TX,,Foreclosure Sale,FRCL,2026-11-03,FRCL-2026-6386,,85,Foreclosure auction scheduled; Pre-foreclosure; New this week,Harris County Clerk,https://www.cclerk.hctx.net/applications/websearch/FRCL_R.aspx
,,,,TX,,,,TX,,Foreclosure Sale,FRCL,2026-12-01,FRCL-2026-6387,,85,Foreclosure auction scheduled; Pre-foreclosure; New this week,Harris County Clerk,https://www.cclerk.hctx.net/applications/websearch/FRCL_R.aspx
,,,,TX,,,,TX,,Foreclosure Sale,FRCL,2026-10-06,FRCL-2026-6388,,85,Foreclosure auction scheduled; Pre-foreclosure; New this week,Harris County Clerk,https://www.cclerk.hctx.net/applications/websearch/FRCL_R.aspx
,,,,TX,,,,TX,,Foreclosure Sale,FRCL,2026-10-06,FRCL-2026-6389,,85,Foreclosure auction scheduled; Pre-foreclosure; New this week,Harris County Clerk,https://www.cclerk.hctx.net/applications/websearch/FRCL_R.aspx
,,,,TX,,,,TX,,Foreclosure Sale,FRCL,2026-10-06,FRCL-2026-6390,,85,Foreclosure auction scheduled; Pre-foreclosure; New this week,Harris County Clerk,https://www.cclerk.hctx.net/applications/websearch/FRCL_R.aspx
,,,,TX,,,,TX,,Foreclosure Sale,FRCL,2026-11-03,FRCL-2026-6391,,85,Foreclosure auction scheduled; Pre-foreclosure; New this week,Harris County Clerk,https://www.cclerk.hctx.net/applications/websearch/FRCL_R.aspx
,,,,TX,,,,TX,,Foreclosure Sale,FRCL,2026-11-03,FRCL-2026-6392,,85,Foreclosure auction scheduled; Pre-foreclosure; New this week,Harris County Clerk,https://www.cclerk.hctx.net/applications/websearch/FRCL_R.aspx
,,,,TX,,,,TX,,Foreclosure Sale,FRCL,2026-11-03,FRCL-2026-6393,,85,Foreclosure auction scheduled; Pre-foreclosure; New this week,Harris County Clerk,https://www.cclerk.hctx.net/applications/websearch/FRCL_R.aspx
,,,,TX,,,,TX,,Foreclosure Sale,FRCL,2026-11-03,FRCL-2026-6394,,85,Foreclosure auction scheduled; Pre-foreclosure; New this week,Harris County Clerk,https://www.cclerk.hctx.net/applications/websearch/FRCL_R.aspx
,,,,TX,,,,TX,,Foreclosure Sale,FRCL,2026-11-03,FRCL-2026-6395,,85,Foreclosure auction scheduled; Pre-foreclosure; New this week,Harris County Clerk,https://www.cclerk.hctx.net/applications/websearch/FRCL_R.aspx
,,,,TX,,,,TX,,Foreclosure Sale,FRCL,2026-11-03,FRCL-2026-6396,,85,Foreclosure auction scheduled; Pre-foreclosure; New this week,Harris County Clerk,https://www.cclerk.hctx.net/applications/websearch/FRCL_R.aspx
,,,,TX,,,,TX,,Foreclosure Sale,FRCL,2026-11-03,FRCL-2026-6397,,85,Foreclosure auction scheduled; Pre-foreclosure; New this week,Harris County Clerk,https://www.cclerk.hctx.net/applications/websearch/FRCL_R.aspx
,,,,TX,,,,TX,,Foreclosure Sale,FRCL,2026-11-03,FRCL-2026-6398,,85,Foreclosure auction scheduled; Pre-foreclosure; New this week,Harris County Clerk,https://www.cclerk.hctx.net/applications/websearch/FRCL_R.aspx
,,,,TX,,,,TX,,Foreclosure Sale,FRCL,2026-11-03,FRCL-2026-6399,,85,Foreclosure auction scheduled; Pre-foreclosure; New this week,Harris County Clerk,https://www.cclerk.hctx.net/applications/websearch/FRCL_R.aspx
,,,,TX,,,,TX,,Foreclosure Sale,FRCL,2026-11-03,FRCL-2026-6400,,85,Foreclosure auction scheduled; Pre-foreclosure; New this week,Harris County Clerk,https://www.cclerk.hctx.net/applications/websearch/FRCL_R.aspx
,,,,TX,,,,TX,,Foreclosure Sale,FRCL,2026-11-03,FRCL-2026-6401,,85,Foreclosure auction scheduled; Pre-foreclosure; New this week,Harris County Clerk,https://www.cclerk.hctx.net/applications/websearch/FRCL_R.aspx
,,,,TX,,,,TX,,Foreclosure Sale,FRCL,2027-01-05,FRCL-2026-6402,,85,Foreclosure auction scheduled; Pre-foreclosure; New this week,Harris County Clerk,https://www.cclerk.hctx.net/applications/websearch/FRCL_R.aspx
,,,,TX,,,,TX,,Foreclosure Sale,FRCL,2026-10-06,FRCL-2026-6419,,85,Foreclosure auction scheduled; Pre-foreclosure; New this week,Harris County Clerk,https://www.cclerk.hctx.net/applications/websearch/FRCL_R.aspx
,,,,TX,,,,TX,,Foreclosure Sale,FRCL,2026-10-06,FRCL-2026-6420,,85,Foreclosure auction scheduled; Pre-foreclosure; New this week,Harris County Clerk,https://www.cclerk.hctx.net/applications/websearch/FRCL_R.aspx
,,,,TX,,,,TX,,Foreclosure Sale,FRCL,2026-10-06,FRCL-2026-6421,,85,Foreclosure auction scheduled; Pre-foreclosure; New this week,Harris County Clerk,https://www.cclerk.hctx.net/applications/websearch/FRCL_R.aspx
,,,,TX,,,,TX,,Foreclosure Sale,FRCL,2026-10-06,FRCL-2026-6422,,85,Foreclosure auction scheduled; Pre-foreclosure; New this week,Harris County Clerk,https://www.cclerk.hctx.net/applications/websearch/FRCL_R.aspx
,,,,TX,,,,TX,,Foreclosure Sale,FRCL,2026-10-06,FRCL-2026-6423,,85,Foreclosure auction scheduled; Pre-foreclosure; New this week,Harris County Clerk,https://www.cclerk.hctx.net/applications/websearch/FRCL_R.aspx
,,,,TX,,,,TX,,Foreclosure Sale,FRCL,2026-10-06,FRCL-2026-6424,,85,Foreclosure auction scheduled; Pre-foreclosure; New this week,Harris County Clerk,https://www.cclerk.hctx.net/applications/websearch/FRCL_R.aspx
,,,,TX,,,,TX,,Foreclosure Sale,FRCL,2026-10-06,FRCL-2026-6425,,85,Foreclosure auction scheduled; Pre-foreclosure; New this week,Harris County Clerk,https://www.cclerk.hctx.net/applications/websearch/FRCL_R.aspx
,,,,TX,,,,TX,,Foreclosure Sale,FRCL,2026-10-06,FRCL-2026-6426,,85,Foreclosure auction scheduled; Pre-foreclosure; New this week,Harris County Clerk,https://www.cclerk.hctx.net/applications/websearch/FRCL_R.aspx
,,,,TX,,,,TX,,Foreclosure Sale,FRCL,2026-10-06,FRCL-2026-6427,,85,Foreclosure auction scheduled; Pre-foreclosure; New this week,Harris County Clerk,https://www.cclerk.hctx.net/applications/websearch/FRCL_R.aspx
,,,,TX,,,,TX,,Foreclosure Sale,FRCL,2026-10-06,FRCL-2026-6428,,85,Foreclosure auction scheduled; Pre-foreclosure; New this week,Harris County Clerk,https://www.cclerk.hctx.net/applications/websearch/FRCL_R.aspx
,,,,TX,,,,TX,,Foreclosure Sale,FRCL,2026-10-06,FRCL-2026-6429,,85,Foreclosure auction scheduled; Pre-foreclosure; New this week,Harris County Clerk,https://www.cclerk.hctx.net/applications/websearch/FRCL_R.aspx
,,,,TX,,,,TX,,Foreclosure Sale,FRCL,2026-10-06,FRCL-2026-6430,,85,Foreclosure auction scheduled; Pre-foreclosure; New this week,Harris County Clerk,https://www.cclerk.hctx.net/applications/websearch/FRCL_R.aspx
,,,,TX,,,,TX,,Foreclosure Sale,FRCL,2026-10-06,FRCL-2026-6431,,85,Foreclosure auction scheduled; Pre-foreclosure; New this week,Harris County Clerk,https://www.cclerk.hctx.net/applications/websearch/FRCL_R.aspx
,,,,TX,,,,TX,,Foreclosure Sale,FRCL,2026-10-06,FRCL-2026-6432,,85,Foreclosure auction scheduled; Pre-foreclosure; New this week,Harris County Clerk,https://www.cclerk.hctx.net/applications/websearch/FRCL_R.aspx
,,,,TX,,,,TX,,Foreclosure Sale,FRCL,2026-10-06,FRCL-2026-6433,,85,Foreclosure auction scheduled; Pre-foreclosure; New this week,Harris County Clerk,https://www.cclerk.hctx.net/applications/websearch/FRCL_R.aspx
,,,,TX,,,,TX,,Foreclosure Sale,FRCL,2026-10-06,FRCL-2026-6434,,85,Foreclosure auction scheduled; Pre-foreclosure; New this week,Harris County Clerk,https://www.cclerk.hctx.net/applications/websearch/FRCL_R.aspx
,,,,TX,,,,TX,,Foreclosure Sale,FRCL,2026-10-06,FRCL-2026-6435,,85,Foreclosure auction scheduled; Pre-foreclosure; New this week,Harris County Clerk,https://www.cclerk.hctx.net/applications/websearch/FRCL_R.aspx
,,,,TX,,,,TX,,Foreclosure Sale,FRCL,2026-10-06,FRCL-2026-6436,,85,Foreclosure auction scheduled; Pre-foreclosure; New this week,Harris County Clerk,https://www.cclerk.hctx.net/applications/websearch/FRCL_R.aspx
,,,,TX,,,,TX,,Foreclosure Sale,FRCL,2026-10-06,FRCL-2026-6437,,85,Foreclosure auction scheduled; Pre-foreclosure; New this week,Harris County Clerk,https://www.cclerk.hctx.net/applications/websearch/FRCL_R.aspx
,,,,TX,,,,TX,,Foreclosure Sale,FRCL,2026-10-06,FRCL-2026-6438,,85,Foreclosure auction scheduled; Pre-foreclosure; New this week,Harris County Clerk,https://www.cclerk.hctx.net/applications/websearch/FRCL_R.aspx
,,,,TX,,,,TX,,Foreclosure Sale,FRCL,2026-10-06,FRCL-2026-6439,,85,Foreclosure auction scheduled; Pre-foreclosure; New this week,Harris County Clerk,https://www.cclerk.hctx.net/applications/websearch/FRCL_R.aspx
,,,,TX,,,,TX,,Foreclosure Sale,FRCL,2026-10-06,FRCL-2026-6440,,85,Foreclosure auction scheduled; Pre-foreclosure; New this week,Harris County Clerk,https://www.cclerk.hctx.net/applications/websearch/FRCL_R.aspx
,,,,TX,,,,TX,,Foreclosure Sale,FRCL,2026-11-03,FRCL-2026-6441,,85,Foreclosure auction scheduled; Pre-foreclosure; New this week,Harris County Clerk,https://www.cclerk.hctx.net/applications/websearch/FRCL_R.aspx
,,,,TX,,,,TX,,Foreclosure Sale,FRCL,2026-11-03,FRCL-2026-6442,,85,Foreclosure auction scheduled; Pre-foreclosure; New this week,Harris County Clerk,https://www.cclerk.hctx.net/applications/websearch/FRCL_R.aspx
,,,,TX,,,,TX,,Foreclosure Sale,FRCL,2026-11-03,FRCL-2026-6443,,85,Foreclosure auction scheduled; Pre-foreclosure; New this week,Harris County Clerk,https://www.cclerk.hctx.net/applications/websearch/FRCL_R.aspx
,,,,TX,,,,TX,,Foreclosure Sale,FRCL,2026-11-03,FRCL-2026-6444,,85,Foreclosure auction scheduled; Pre-foreclosure; New this week,Harris County Clerk,https://www.cclerk.hctx.net/applications/websearch/FRCL_R.aspx
,,,,TX,,,,TX,,Foreclosure Sale,FRCL,2026-11-03,FRCL-2026-6445,,85,Foreclosure auction scheduled; Pre-foreclosure; New this week,Harris County Clerk,https://www.cclerk.hctx.net/applications/websearch/FRCL_R.aspx
,,,,TX,,,,TX,,Foreclosure Sale,FRCL,2026-11-03,FRCL-2026-6446,,85,Foreclosure auction scheduled; Pre-foreclosure; New this week,Harris County Clerk,https://www.cclerk.hctx.net/applications/websearch/FRCL_R.aspx
,,,,TX,,,,TX,,Foreclosure Sale,FRCL,2026-11-03,FRCL-2026-6447,,85,Foreclosure auction scheduled; Pre-foreclosure; New this week,Harris County Clerk,https://www.cclerk.hctx.net/applications/websearch/FRCL_R.aspx
,,,,TX,,,,TX,,Foreclosure Sale,FRCL,2026-11-03,FRCL-2026-6448,,85,Foreclosure auction scheduled; Pre-foreclosure; New this week,Harris County Clerk,https://www.cclerk.hctx.net/applications/websearch/FRCL_R.aspx
,,,,TX,,,,TX,,Foreclosure Sale,FRCL,2026-11-03,FRCL-2026-6449,,85,Foreclosure auction scheduled; Pre-foreclosure; New this week,Harris County Clerk,https://www.cclerk.hctx.net/applications/websearch/FRCL_R.aspx
,,,,TX,,,,TX,,Foreclosure Sale,FRCL,2026-11-03,FRCL-2026-6450,,85,Foreclosure auction scheduled; Pre-foreclosure; New this week,Harris County Clerk,https://www.cclerk.hctx.net/applications/websearch/FRCL_R.aspx
,,,,TX,,,,TX,,Foreclosure Sale,FRCL,2026-11-03,FRCL-2026-6451,,85,Foreclosure auction scheduled; Pre-foreclosure; New this week,Harris County Clerk,https://www.cclerk.hctx.net/applications/websearch/FRCL_R.aspx
,,,,TX,,,,TX,,Foreclosure Sale,FRCL,2026-11-03,FRCL-2026-6452,,85,Foreclosure auction scheduled; Pre-foreclosure; New this week,Harris County Clerk,https://www.cclerk.hctx.net/applications/websearch/FRCL_R.aspx
,,,,TX,,,,TX,,Foreclosure Sale,FRCL,2026-11-03,FRCL-2026-6453,,85,Foreclosure auction scheduled; Pre-foreclosure; New this week,Harris County Clerk,https://www.cclerk.hctx.net/applications/websearch/FRCL_R.aspx
,,,,TX,,,,TX,,Foreclosure Sale,FRCL,2026-11-03,FRCL-2026-6454,,85,Foreclosure auction scheduled; Pre-foreclosure; New this week,Harris County Clerk,https://www.cclerk.hctx.net/applications/websearch/FRCL_R.aspx
,,,,TX,,,,TX,,Foreclosure Sale,FRCL,2026-11-03,FRCL-2026-6455,,85,Foreclosure auction scheduled; Pre-foreclosure; New this week,Harris County Clerk,https://www.cclerk.hctx.net/applications/websearch/FRCL_R.aspx
,,,,TX,,,,TX,,Foreclosure Sale,FRCL,2026-11-03,FRCL-2026-6456,,85,Foreclosure auction scheduled; Pre-foreclosure; New this week,Harris County Clerk,https://www.cclerk.hctx.net/applications/websearch/FRCL_R.aspx
,,,,TX,,,,TX,,Foreclosure Sale,FRCL,2026-11-03,FRCL-2026-6457,,85,Foreclosure auction scheduled; Pre-foreclosure; New this week,Harris County Clerk,https://www.cclerk.hctx.net/applications/websearch/FRCL_R.aspx
,,,,TX,,,,TX,,Foreclosure Sale,FRCL,2026-11-03,FRCL-2026-6458,,85,Foreclosure auction scheduled; Pre-foreclosure; New this week,Harris County Clerk,https://www.cclerk.hctx.net/applications/websearch/FRCL_R.aspx
,,,,TX,,,,TX,,Foreclosure Sale,FRCL,2026-10-06,FRCL-2026-6403,,85,Foreclosure auction scheduled; Pre-foreclosure; New this week,Harris County Clerk,https://www.cclerk.hctx.net/applications/websearch/FRCL_R.aspx
,,,,TX,,,,TX,,Foreclosure Sale,FRCL,2026-11-03,FRCL-2026-6459,,85,Foreclosure auction scheduled; Pre-foreclosure; New this week,Harris County Clerk,https://www.cclerk.hctx.net/applications/websearch/FRCL_R.aspx
,,,,TX,,,,TX,,Foreclosure Sale,FRCL,2026-11-03,FRCL-2026-6460,,85,Foreclosure auction scheduled; Pre-foreclosure; New this week,Harris County Clerk,https://www.cclerk.hctx.net/applications/websearch/FRCL_R.aspx
,,,,TX,,,,TX,,Foreclosure Sale,FRCL,2026-10-06,FRCL-2026-6463,,85,Foreclosure auction scheduled; Pre-foreclosure; New this week,Harris County Clerk,https://www.cclerk.hctx.net/applications/websearch/FRCL_R.aspx
,,,,TX,,,,TX,,Foreclosure Sale,FRCL,2026-10-06,FRCL-2026-6464,,85,Foreclosure auction scheduled; Pre-foreclosure; New this week,Harris County Clerk,https://www.cclerk.hctx.net/applications/websearch/FRCL_R.aspx
,,,,TX,,,,TX,,Foreclosure Sale,FRCL,2026-10-06,FRCL-2026-6465,,85,Foreclosure auction scheduled; Pre-foreclosure; New this week,Harris County Clerk,https://www.cclerk.hctx.net/applications/websearch/FRCL_R.aspx
,,,,TX,,,,TX,,Foreclosure Sale,FRCL,2026-10-06,FRCL-2026-6466,,85,Foreclosure auction scheduled; Pre-foreclosure; New this week,Harris County Clerk,https://www.cclerk.hctx.net/applications/websearch/FRCL_R.aspx
,,,,TX,,,,TX,,Foreclosure Sale,FRCL,2026-10-06,FRCL-2026-6467,,85,Foreclosure auction scheduled; Pre-foreclosure; New this week,Harris County Clerk,https://www.cclerk.hctx.net/applications/websearch/FRCL_R.aspx
,,,,TX,,,,TX,,Foreclosure Sale,FRCL,2026-10-06,FRCL-2026-6468,,85,Foreclosure auction scheduled; Pre-foreclosure; New this week,Harris County Clerk,https://www.cclerk.hctx.net/applications/websearch/FRCL_R.aspx
,,,,TX,,,,TX,,Foreclosure Sale,FRCL,2026-10-06,FRCL-2026-6469,,85,Foreclosure auction scheduled; Pre-foreclosure; New this week,Harris County Clerk,https://www.cclerk.hctx.net/applications/websearch/FRCL_R.aspx
,,,,TX,,,,TX,,Foreclosure Sale,FRCL,2026-10-06,FRCL-2026-6470,,85,Foreclosure auction scheduled; Pre-foreclosure; New this week,Harris County Clerk,https://www.cclerk.hctx.net/applications/websearch/FRCL_R.aspx
,,,,TX,,,,TX,,Foreclosure Sale,FRCL,2026-10-06,FRCL-2026-6471,,85,Foreclosure auction scheduled; Pre-foreclosure; New this week,Harris County Clerk,https://www.cclerk.hctx.net/applications/websearch/FRCL_R.aspx
,,,,TX,,,,TX,,Foreclosure Sale,FRCL,2026-10-06,FRCL-2026-6472,,85,Foreclosure auction scheduled; Pre-foreclosure; New this week,Harris County Clerk,https://www.cclerk.hctx.net/applications/websearch/FRCL_R.aspx
,,,,TX,,,,TX,,Foreclosure Sale,FRCL,2026-10-06,FRCL-2026-6473,,85,Foreclosure auction scheduled; Pre-foreclosure; New this week,Harris County Clerk,https://www.cclerk.hctx.net/applications/websearch/FRCL_R.aspx
,,,,TX,,,,TX,,Foreclosure Sale,FRCL,2026-10-06,FRCL-2026-6474,,85,Foreclosure auction scheduled; Pre-foreclosure; New this week,Harris County Clerk,https://www.cclerk.hctx.net/applications/websearch/FRCL_R.aspx
,,,,TX,,,,TX,,Foreclosure Sale,FRCL,2026-11-03,FRCL-2026-6475,,85,Foreclosure auction scheduled; Pre-foreclosure; New this week,Harris County Clerk,https://www.cclerk.hctx.net/applications/websearch/FRCL_R.aspx
,,,,TX,,,,TX,,Foreclosure Sale,FRCL,2026-11-03,FRCL-2026-6476,,85,Foreclosure auction scheduled; Pre-foreclosure; New this week,Harris County Clerk,https://www.cclerk.hctx.net/applications/websearch/FRCL_R.aspx
,,,,TX,,,,TX,,Foreclosure Sale,FRCL,2026-11-03,FRCL-2026-6477,,85,Foreclosure auction scheduled; Pre-foreclosure; New this week,Harris County Clerk,https://www.cclerk.hctx.net/applications/websearch/FRCL_R.aspx
,,,,TX,,,,TX,,Foreclosure Sale,FRCL,2026-11-03,FRCL-2026-6478,,85,Foreclosure auction scheduled; Pre-foreclosure; New this week,Harris County Clerk,https://www.cclerk.hctx.net/applications/websearch/FRCL_R.aspx
,,,,TX,,,,TX,,Foreclosure Sale,FRCL,2026-10-06,FRCL-2026-6461,,85,Foreclosure auction scheduled; Pre-foreclosure; New this week,Harris County Clerk,https://www.cclerk.hctx.net/applications/websearch/FRCL_R.aspx
,,,,TX,,,,TX,,Foreclosure Sale,FRCL,2026-11-03,FRCL-2026-6462,,85,Foreclosure auction scheduled; Pre-foreclosure; New this week,Harris County Clerk,https://www.cclerk.hctx.net/applications/websearch/FRCL_R.aspx
,,,,TX,,,,TX,,Foreclosure Sale,FRCL,2026-10-06,FRCL-2026-6479,,85,Foreclosure auction scheduled; Pre-foreclosure; New this week,Harris County Clerk,https://www.cclerk.hctx.net/applications/websearch/FRCL_R.aspx
,,,,TX,,,,TX,,Foreclosure Sale,FRCL,2026-10-06,FRCL-2026-6480,,85,Foreclosure auction scheduled; Pre-foreclosure; New this week,Harris County Clerk,https://www.cclerk.hctx.net/applications/websearch/FRCL_R.aspx
,,,,TX,,,,TX,,Foreclosure Sale,FRCL,2026-10-06,FRCL-2026-6481,,85,Foreclosure auction scheduled; Pre-foreclosure; New this week,Harris County Clerk,https://www.cclerk.hctx.net/applications/websearch/FRCL_R.aspx
,,,,TX,,,,TX,,Foreclosure Sale,FRCL,2026-10-06,FRCL-2026-6482,,85,Foreclosure auction scheduled; Pre-foreclosure; New this week,Harris County Clerk,https://www.cclerk.hctx.net/applications/websearch/FRCL_R.aspx
,,,,TX,,,,TX,,Foreclosure Sale,FRCL,2026-11-03,FRCL-2026-6483,,85,Foreclosure auction scheduled; Pre-foreclosure; New this week,Harris County Clerk,https://www.cclerk.hctx.net/applications/websearch/FRCL_R.aspx
,,,,TX,,,,TX,,Foreclosure Sale,FRCL,2026-11-03,FRCL-2026-6484,,85,Foreclosure auction scheduled; Pre-foreclosure; New this week,Harris County Clerk,https://www.cclerk.hctx.net/applications/websearch/FRCL_R.aspx
,,,,TX,,,,TX,,Foreclosure Sale,FRCL,2026-11-03,FRCL-2026-6485,,85,Foreclosure auction scheduled; Pre-foreclosure; New this week,Harris County Clerk,https://www.cclerk.hctx.net/applications/websearch/FRCL_R.aspx
,,,,TX,,,,TX,,Foreclosure Sale,FRCL,2026-10-06,FRCL-2026-6486,,85,Foreclosure auction scheduled; Pre-foreclosure; New this week,Harris County Clerk,https://www.cclerk.hctx.net/applications/websearch/FRCL_R.aspx
,,,,TX,,,,TX,,Foreclosure Sale,FRCL,2026-10-06,FRCL-2026-6487,,85,Foreclosure auction scheduled; Pre-foreclosure; New this week,Harris County Clerk,https://www.cclerk.hctx.net/applications/websearch/FRCL_R.aspx
,,,,TX,,,,TX,,Foreclosure Sale,FRCL,2026-10-06,FRCL-2026-6488,,85,Foreclosure auction scheduled; Pre-foreclosure; New this week,Harris County Clerk,https://www.cclerk.hctx.net/applications/websearch/FRCL_R.aspx
,,,,TX,,,,TX,,Foreclosure Sale,FRCL,2026-10-06,FRCL-2026-6489,,85,Foreclosure auction scheduled; Pre-foreclosure; New this week,Harris County Clerk,https://www.cclerk.hctx.net/applications/websearch/FRCL_R.aspx
,,,,TX,,,,TX,,Foreclosure Sale,FRCL,2026-10-06,FRCL-2026-6490,,85,Foreclosure auction scheduled; Pre-foreclosure; New this week,Harris County Clerk,https://www.cclerk.hctx.net/applications/websearch/FRCL_R.aspx
,,,,TX,,,,TX,,Foreclosure Sale,FRCL,2026-10-06,FRCL-2026-6495,,85,Foreclosure auction scheduled; Pre-foreclosure; New this week,Harris County Clerk,https://www.cclerk.hctx.net/applications/websearch/FRCL_R.aspx
,,,,TX,,,,TX,,Foreclosure Sale,FRCL,2026-10-06,FRCL-2026-6496,,85,Foreclosure auction scheduled; Pre-foreclosure; New this week,Harris County Clerk,https://www.cclerk.hctx.net/applications/websearch/FRCL_R.aspx
,,,,TX,,,,TX,,Foreclosure Sale,FRCL,2026-10-06,FRCL-2026-6491,,85,Foreclosure auction scheduled; Pre-foreclosure; New this week,Harris County Clerk,https://www.cclerk.hctx.net/applications/websearch/FRCL_R.aspx
,,,,TX,,,,TX,,Foreclosure Sale,FRCL,2026-10-06,FRCL-2026-6492,,85,Foreclosure auction scheduled; Pre-foreclosure; New this week,Harris County Clerk,https://www.cclerk.hctx.net/applications/websearch/FRCL_R.aspx
,,,,TX,,,,TX,,Foreclosure Sale,FRCL,2026-10-06,FRCL-2026-6493,,85,Foreclosure auction scheduled; Pre-foreclosure; New this week,Harris County Clerk,https://www.cclerk.hctx.net/applications/websearch/FRCL_R.aspx
,,,,TX,,,,TX,,Foreclosure Sale,FRCL,2026-10-06,FRCL-2026-6494,,85,Foreclosure auction scheduled; Pre-foreclosure; New this week,Harris County Clerk,https://www.cclerk.hctx.net/applications/websearch/FRCL_R.aspx
,,,,TX,,,,TX,,Foreclosure Sale,FRCL,2026-10-06,FRCL-2026-6497,,85,Foreclosure auction scheduled; Pre-foreclosure; New this week,Harris County Clerk,https://www.cclerk.hctx.net/applications/websearch/FRCL_R.aspx
,,,,TX,,,,TX,,Foreclosure Sale,FRCL,2026-10-06,FRCL-2026-6498,,85,Foreclosure auction scheduled; Pre-foreclosure; New this week,Harris County Clerk,https://www.cclerk.hctx.net/applications/websearch/FRCL_R.aspx
,,,,TX,,,,TX,,Foreclosure Sale,FRCL,2026-11-03,FRCL-2026-6499,,85,Foreclosure auction scheduled; Pre-foreclosure; New this week,Harris County Clerk,https://www.cclerk.hctx.net/applications/websearch/FRCL_R.aspx
,,,,TX,,,,TX,,Foreclosure Sale,FRCL,2026-10-06,FRCL-2026-6502,,85,Foreclosure auction scheduled; Pre-foreclosure; New this week,Harris County Clerk,https://www.cclerk.hctx.net/applications/websearch/FRCL_R.aspx
,,,,TX,,,,TX,,Foreclosure Sale,FRCL,2026-12-01,FRCL-2026-6500,,85,Foreclosure auction scheduled; Pre-foreclosure; New this week,Harris County Clerk,https://www.cclerk.hctx.net/applications/websearch/FRCL_R.aspx
,,,,TX,,,,TX,,Foreclosure Sale,FRCL,2026-12-01,FRCL-2026-6501,,85,Foreclosure auction scheduled; Pre-foreclosure; New this week,Harris County Clerk,https://www.cclerk.hctx.net/applications/websearch/FRCL_R.aspx
,,,,TX,,,,TX,,Foreclosure Sale,FRCL,2026-10-06,FRCL-2026-6503,,85,Foreclosure auction scheduled; Pre-foreclosure; New this week,Harris County Clerk,https://www.cclerk.hctx.net/applications/websearch/FRCL_R.aspx
,,,,TX,,,,TX,,Foreclosure Sale,FRCL,2026-10-06,FRCL-2026-6504,,85,Foreclosure auction scheduled; Pre-foreclosure; New this week,Harris County Clerk,https://www.cclerk.hctx.net/applications/websearch/FRCL_R.aspx
,,,,TX,,,,TX,,Foreclosure Sale,FRCL,2026-10-06,FRCL-2026-6505,,85,Foreclosure auction scheduled; Pre-foreclosure; New this week,Harris County Clerk,https://www.cclerk.hctx.net/applications/websearch/FRCL_R.aspx
,,,,TX,,,,TX,,Foreclosure Sale,FRCL,2026-10-06,FRCL-2026-6506,,85,Foreclosure auction scheduled; Pre-foreclosure; New this week,Harris County Clerk,https://www.cclerk.hctx.net/applications/websearch/FRCL_R.aspx
,,,,TX,,,,TX,,Foreclosure Sale,FRCL,2026-10-06,FRCL-2026-6507,,85,Foreclosure auction scheduled; Pre-foreclosure; New this week,Harris County Clerk,https://www.cclerk.hctx.net/applications/websearch/FRCL_R.aspx
,,,,TX,,,,TX,,Foreclosure Sale,FRCL,2026-10-06,FRCL-2026-6508,,85,Foreclosure auction scheduled; Pre-foreclosure; New this week,Harris County Clerk,https://www.cclerk.hctx.net/applications/websearch/FRCL_R.aspx
,,,,TX,,,,TX,,Foreclosure Sale,FRCL,2026-10-06,FRCL-2026-6509,,85,Foreclosure auction scheduled; Pre-foreclosure; New this week,Harris County Clerk,https://www.cclerk.hctx.net/applications/websearch/FRCL_R.aspx
,,,,TX,,,,TX,,Foreclosure Sale,FRCL,2026-10-06,FRCL-2026-6510,,85,Foreclosure auction scheduled; Pre-foreclosure; New this week,Harris County Clerk,https://www.cclerk.hctx.net/applications/websearch/FRCL_R.aspx
,,,,TX,,,,TX,,Foreclosure Sale,FRCL,2026-10-06,FRCL-2026-6511,,85,Foreclosure auction scheduled; Pre-foreclosure; New this week,Harris County Clerk,https://www.cclerk.hctx.net/applications/websearch/FRCL_R.aspx
,,,,TX,,,,TX,,Foreclosure Sale,FRCL,2026-10-06,FRCL-2026-6512,,85,Foreclosure auction scheduled; Pre-foreclosure; New this week,Harris County Clerk,https://www.cclerk.hctx.net/applications/websearch/FRCL_R.aspx
,,,,TX,,,,TX,,Foreclosure Sale,FRCL,2026-10-06,FRCL-2026-6513,,85,Foreclosure auction scheduled; Pre-foreclosure; New this week,Harris County Clerk,https://www.cclerk.hctx.net/applications/websearch/FRCL_R.aspx
,,,,TX,,,,TX,,Foreclosure Sale,FRCL,2026-10-06,FRCL-2026-6514,,85,Foreclosure auction scheduled; Pre-foreclosure; New this week,Harris County Clerk,https://www.cclerk.hctx.net/applications/websearch/FRCL_R.aspx
,,,,TX,,,,TX,,Foreclosure Sale,FRCL,2026-11-03,FRCL-2026-6515,,85,Foreclosure auction scheduled; Pre-foreclosure; New this week,Harris County Clerk,https://www.cclerk.hctx.net/applications/websearch/FRCL_R.aspx
,,,,TX,,,,TX,,Foreclosure Sale,FRCL,2026-11-03,FRCL-2026-6516,,85,Foreclosure auction scheduled; Pre-foreclosure; New this week,Harris County Clerk,https://www.cclerk.hctx.net/applications/websearch/FRCL_R.aspx
,,,,TX,,,,TX,,Foreclosure Sale,FRCL,2026-11-03,FRCL-2026-6517,,85,Foreclosure auction scheduled; Pre-foreclosure; New this week,Harris County Clerk,https://www.cclerk.hctx.net/applications/websearch/FRCL_R.aspx
,,,,TX,,,,TX,,Foreclosure Sale,FRCL,2026-10-06,FRCL-2026-6518,,85,Foreclosure auction scheduled; Pre-foreclosure; New this week,Harris County Clerk,https://www.cclerk.hctx.net/applications/websearch/FRCL_R.aspx
,,,,TX,,,,TX,,Foreclosure Sale,FRCL,2026-10-06,FRCL-2026-6535,,85,Foreclosure auction scheduled; Pre-foreclosure; New this week,Harris County Clerk,https://www.cclerk.hctx.net/applications/websearch/FRCL_R.aspx
,,,,TX,,,,TX,,Foreclosure Sale,FRCL,2026-10-06,FRCL-2026-6536,,85,Foreclosure auction scheduled; Pre-foreclosure; New this week,Harris County Clerk,https://www.cclerk.hctx.net/applications/websearch/FRCL_R.aspx
,,,,TX,,,,TX,,Foreclosure Sale,FRCL,2026-10-06,FRCL-2026-6537,,85,Foreclosure auction scheduled; Pre-foreclosure; New this week,Harris County Clerk,https://www.cclerk.hctx.net/applications/websearch/FRCL_R.aspx
,,,,TX,,,,TX,,Foreclosure Sale,FRCL,2026-11-03,FRCL-2026-6538,,85,Foreclosure auction scheduled; Pre-foreclosure; New this week,Harris County Clerk,https://www.cclerk.hctx.net/applications/websearch/FRCL_R.aspx
,,,,TX,,,,TX,,Foreclosure Sale,FRCL,2026-11-03,FRCL-2026-6539,,85,Foreclosure auction scheduled; Pre-foreclosure; New this week,Harris County Clerk,https://www.cclerk.hctx.net/applications/websearch/FRCL_R.aspx
,,,,TX,,,,TX,,Foreclosure Sale,FRCL,2026-11-03,FRCL-2026-6540,,85,Foreclosure auction scheduled; Pre-foreclosure; New this week,Harris County Clerk,https://www.cclerk.hctx.net/applications/websearch/FRCL_R.aspx
,,,,TX,,,,TX,,Foreclosure Sale,FRCL,2026-11-03,FRCL-2026-6541,,85,Foreclosure auction scheduled; Pre-foreclosure; New this week,Harris County Clerk,https://www.cclerk.hctx.net/applications/websearch/FRCL_R.aspx
,,,,TX,,,,TX,,Foreclosure Sale,FRCL,2026-11-03,FRCL-2026-6542,,85,Foreclosure auction scheduled; Pre-foreclosure; New this week,Harris County Clerk,https://www.cclerk.hctx.net/applications/websearch/FRCL_R.aspx
,,,,TX,,,,TX,,Foreclosure Sale,FRCL,2026-10-06,FRCL-2026-6580,,85,Foreclosure auction scheduled; Pre-foreclosure; New this week,Harris County Clerk,https://www.cclerk.hctx.net/applications/websearch/FRCL_R.aspx
,,,,TX,,,,TX,,Foreclosure Sale,FRCL,2026-10-06,FRCL-2026-6581,,85,Foreclosure auction scheduled; Pre-foreclosure; New this week,Harris County Clerk,https://www.cclerk.hctx.net/applications/websearch/FRCL_R.aspx
,,,,TX,,,,TX,,Foreclosure Sale,FRCL,2026-10-06,FRCL-2026-6582,,85,Foreclosure auction scheduled; Pre-foreclosure; New this week,Harris County Clerk,https://www.cclerk.hctx.net/applications/websearch/FRCL_R.aspx
,,,,TX,,,,TX,,Foreclosure Sale,FRCL,2026-10-06,FRCL-2026-6583,,85,Foreclosure auction scheduled; Pre-foreclosure; New this week,Harris County Clerk,https://www.cclerk.hctx.net/applications/websearch/FRCL_R.aspx
,,,,TX,,,,TX,,Foreclosure Sale,FRCL,2026-10-06,FRCL-2026-6584,,85,Foreclosure auction scheduled; Pre-foreclosure; New this week,Harris County Clerk,https://www.cclerk.hctx.net/applications/websearch/FRCL_R.aspx
,,,,TX,,,,TX,,Foreclosure Sale,FRCL,2026-10-06,FRCL-2026-6585,,85,Foreclosure auction scheduled; Pre-foreclosure; New this week,Harris County Clerk,https://www.cclerk.hctx.net/applications/websearch/FRCL_R.aspx
,,,,TX,,,,TX,,Foreclosure Sale,FRCL,2026-10-06,FRCL-2026-6586,,85,Foreclosure auction scheduled; Pre-foreclosure; New this week,Harris County Clerk,https://www.cclerk.hctx.net/applications/websearch/FRCL_R.aspx
,,,,TX,,,,TX,,Foreclosure Sale,FRCL,2026-10-06,FRCL-2026-6587,,85,Foreclosure auction scheduled; Pre-foreclosure; New this week,Harris County Clerk,https://www.cclerk.hctx.net/applications/websearch/FRCL_R.aspx
,,,,TX,,,,TX,,Foreclosure Sale,FRCL,2026-10-06,FRCL-2026-6588,,85,Foreclosure auction scheduled; Pre-foreclosure; New this week,Harris County Clerk,https://www.cclerk.hctx.net/applications/websearch/FRCL_R.aspx
,,,,TX,,,,TX,,Foreclosure Sale,FRCL,2026-10-06,FRCL-2026-6589,,85,Foreclosure auction scheduled; Pre-foreclosure; New this week,Harris County Clerk,https://www.cclerk.hctx.net/applications/websearch/FRCL_R.aspx
,,,,TX,,,,TX,,Foreclosure Sale,FRCL,2026-11-03,FRCL-2026-6590,,85,Foreclosure auction scheduled; Pre-foreclosure; New this week,Harris County Clerk,https://www.cclerk.hctx.net/applications/websearch/FRCL_R.aspx
,,,,TX,,,,TX,,Foreclosure Sale,FRCL,2026-11-03,FRCL-2026-6591,,85,Foreclosure auction scheduled; Pre-foreclosure; New this week,Harris County Clerk,https://www.cclerk.hctx.net/applications/websearch/FRCL_R.aspx
,,,,TX,,,,TX,,Foreclosure Sale,FRCL,2026-11-03,FRCL-2026-6592,,85,Foreclosure auction scheduled; Pre-foreclosure; New this week,Harris County Clerk,https://www.cclerk.hctx.net/applications/websearch/FRCL_R.aspx
,,,,TX,,,,TX,,Foreclosure Sale,FRCL,2026-11-03,FRCL-2026-6593,,85,Foreclosure auction scheduled; Pre-foreclosure; New this week,Harris County Clerk,https://www.cclerk.hctx.net/applications/websearch/FRCL_R.aspx
,,,,TX,,,,TX,,Foreclosure Sale,FRCL,2026-11-03,FRCL-2026-6594,,85,Foreclosure auction scheduled; Pre-foreclosure; New this week,Harris County Clerk,https://www.cclerk.hctx.net/applications/websearch/FRCL_R.aspx
,,,,TX,,,,TX,,Foreclosure Sale,FRCL,2026-11-03,FRCL-2026-6595,,85,Foreclosure auction scheduled; Pre-foreclosure; New this week,Harris County Clerk,https://www.cclerk.hctx.net/applications/websearch/FRCL_R.aspx
,,,,TX,,,,TX,,Foreclosure Sale,FRCL,2026-11-03,FRCL-2026-6596,,85,Foreclosure auction scheduled; Pre-foreclosure; New this week,Harris County Clerk,https://www.cclerk.hctx.net/applications/websearch/FRCL_R.aspx
,,,,TX,,,,TX,,Foreclosure Sale,FRCL,2026-11-03,FRCL-2026-6597,,85,Foreclosure auction scheduled; Pre-foreclosure; New this week,Harris County Clerk,https://www.cclerk.hctx.net/applications/websearch/FRCL_R.aspx
,,,,TX,,,,TX,,Foreclosure Sale,FRCL,2026-11-03,FRCL-2026-6598,,85,Foreclosure auction scheduled; Pre-foreclosure; New this week,Harris County Clerk,https://www.cclerk.hctx.net/applications/websearch/FRCL_R.aspx
,,,,TX,,,,TX,,Foreclosure Sale,FRCL,2026-10-06,FRCL-2026-6519,,85,Foreclosure auction scheduled; Pre-foreclosure; New this week,Harris County Clerk,https://www.cclerk.hctx.net/applications/websearch/FRCL_R.aspx
,,,,TX,,,,TX,,Foreclosure Sale,FRCL,2026-10-06,FRCL-2026-6520,,85,Foreclosure auction scheduled; Pre-foreclosure; New this week,Harris County Clerk,https://www.cclerk.hctx.net/applications/websearch/FRCL_R.aspx
,,,,TX,,,,TX,,Foreclosure Sale,FRCL,2026-10-06,FRCL-2026-6521,,85,Foreclosure auction scheduled; Pre-foreclosure; New this week,Harris County Clerk,https://www.cclerk.hctx.net/applications/websearch/FRCL_R.aspx
,,,,TX,,,,TX,,Foreclosure Sale,FRCL,2026-10-06,FRCL-2026-6522,,85,Foreclosure auction scheduled; Pre-foreclosure; New this week,Harris County Clerk,https://www.cclerk.hctx.net/applications/websearch/FRCL_R.aspx
,,,,TX,,,,TX,,Foreclosure Sale,FRCL,2026-10-06,FRCL-2026-6545,,85,Foreclosure auction scheduled; Pre-foreclosure; New this week,Harris County Clerk,https://www.cclerk.hctx.net/applications/websearch/FRCL_R.aspx
,,,,TX,,,,TX,,Foreclosure Sale,FRCL,2026-10-06,FRCL-2026-6546,,85,Foreclosure auction scheduled; Pre-foreclosure; New this week,Harris County Clerk,https://www.cclerk.hctx.net/applications/websearch/FRCL_R.aspx
,,,,TX,,,,TX,,Foreclosure Sale,FRCL,2026-10-06,FRCL-2026-6547,,85,Foreclosure auction scheduled; Pre-foreclosure; New this week,Harris County Clerk,https://www.cclerk.hctx.net/applications/websearch/FRCL_R.aspx
,,,,TX,,,,TX,,Foreclosure Sale,FRCL,2026-10-06,FRCL-2026-6548,,85,Foreclosure auction scheduled; Pre-foreclosure; New this week,Harris County Clerk,https://www.cclerk.hctx.net/applications/websearch/FRCL_R.aspx
,,,,TX,,,,TX,,Foreclosure Sale,FRCL,2026-10-06,FRCL-2026-6549,,85,Foreclosure auction scheduled; Pre-foreclosure; New this week,Harris County Clerk,https://www.cclerk.hctx.net/applications/websearch/FRCL_R.aspx
,,,,TX,,,,TX,,Foreclosure Sale,FRCL,2026-10-06,FRCL-2026-6550,,85,Foreclosure auction scheduled; Pre-foreclosure; New this week,Harris County Clerk,https://www.cclerk.hctx.net/applications/websearch/FRCL_R.aspx
,,,,TX,,,,TX,,Foreclosure Sale,FRCL,2026-10-06,FRCL-2026-6551,,85,Foreclosure auction scheduled; Pre-foreclosure; New this week,Harris County Clerk,https://www.cclerk.hctx.net/applications/websearch/FRCL_R.aspx
,,,,TX,,,,TX,,Foreclosure Sale,FRCL,2026-10-06,FRCL-2026-6552,,85,Foreclosure auction scheduled; Pre-foreclosure; New this week,Harris County Clerk,https://www.cclerk.hctx.net/applications/websearch/FRCL_R.aspx
,,,,TX,,,,TX,,Foreclosure Sale,FRCL,2026-10-06,FRCL-2026-6553,,85,Foreclosure auction scheduled; Pre-foreclosure; New this week,Harris County Clerk,https://www.cclerk.hctx.net/applications/websearch/FRCL_R.aspx
,,,,TX,,,,TX,,Foreclosure Sale,FRCL,2026-10-06,FRCL-2026-6554,,85,Foreclosure auction scheduled; Pre-foreclosure; New this week,Harris County Clerk,https://www.cclerk.hctx.net/applications/websearch/FRCL_R.aspx
,,,,TX,,,,TX,,Foreclosure Sale,FRCL,2026-10-06,FRCL-2026-6555,,85,Foreclosure auction scheduled; Pre-foreclosure; New this week,Harris County Clerk,https://www.cclerk.hctx.net/applications/websearch/FRCL_R.aspx
,,,,TX,,,,TX,,Foreclosure Sale,FRCL,2026-11-03,FRCL-2026-6523,,85,Foreclosure auction scheduled; Pre-foreclosure; New this week,Harris County Clerk,https://www.cclerk.hctx.net/applications/websearch/FRCL_R.aspx
,,,,TX,,,,TX,,Foreclosure Sale,FRCL,2026-11-03,FRCL-2026-6524,,85,Foreclosure auction scheduled; Pre-foreclosure; New this week,Harris County Clerk,https://www.cclerk.hctx.net/applications/websearch/FRCL_R.aspx
,,,,TX,,,,TX,,Foreclosure Sale,FRCL,2026-11-03,FRCL-2026-6525,,85,Foreclosure auction scheduled; Pre-foreclosure; New this week,Harris County Clerk,https://www.cclerk.hctx.net/applications/websearch/FRCL_R.aspx
,,,,TX,,,,TX,,Foreclosure Sale,FRCL,2026-11-03,FRCL-2026-6526,,85,Foreclosure auction scheduled; Pre-foreclosure; New this week,Harris County Clerk,https://www.cclerk.hctx.net/applications/websearch/FRCL_R.aspx
,,,,TX,,,,TX,,Foreclosure Sale,FRCL,2026-11-03,FRCL-2026-6527,,85,Foreclosure auction scheduled; Pre-foreclosure; New this week,Harris County Clerk,https://www.cclerk.hctx.net/applications/websearch/FRCL_R.aspx
,,,,TX,,,,TX,,Foreclosure Sale,FRCL,2026-11-03,FRCL-2026-6528,,85,Foreclosure auction scheduled; Pre-foreclosure; New this week,Harris County Clerk,https://www.cclerk.hctx.net/applications/websearch/FRCL_R.aspx
,,,,TX,,,,TX,,Foreclosure Sale,FRCL,2026-11-03,FRCL-2026-6529,,85,Foreclosure auction scheduled; Pre-foreclosure; New this week,Harris County Clerk,https://www.cclerk.hctx.net/applications/websearch/FRCL_R.aspx
,,,,TX,,,,TX,,Foreclosure Sale,FRCL,2026-11-03,FRCL-2026-6530,,85,Foreclosure auction scheduled; Pre-foreclosure; New this week,Harris County Clerk,https://www.cclerk.hctx.net/applications/websearch/FRCL_R.aspx
,,,,TX,,,,TX,,Foreclosure Sale,FRCL,2026-11-03,FRCL-2026-6531,,85,Foreclosure auction scheduled; Pre-foreclosure; New this week,Harris County Clerk,https://www.cclerk.hctx.net/applications/websearch/FRCL_R.aspx
,,,,TX,,,,TX,,Foreclosure Sale,FRCL,2026-11-03,FRCL-2026-6532,,85,Foreclosure auction scheduled; Pre-foreclosure; New this week,Harris County Clerk,https://www.cclerk.hctx.net/applications/websearch/FRCL_R.aspx
,,,,TX,,,,TX,,Foreclosure Sale,FRCL,2026-11-03,FRCL-2026-6533,,85,Foreclosure auction scheduled; Pre-foreclosure; New this week,Harris County Clerk,https://www.cclerk.hctx.net/applications/websearch/FRCL_R.aspx
,,,,TX,,,,TX,,Foreclosure Sale,FRCL,2026-12-01,FRCL-2026-6534,,85,Foreclosure auction scheduled; Pre-foreclosure; New this week,Harris County Clerk,https://www.cclerk.hctx.net/applications/websearch/FRCL_R.aspx
,,,,TX,,,,TX,,Foreclosure Sale,FRCL,2026-11-03,FRCL-2026-6543,,85,Foreclosure auction scheduled; Pre-foreclosure; New this week,Harris County Clerk,https://www.cclerk.hctx.net/applications/websearch/FRCL_R.aspx
,,,,TX,,,,TX,,Foreclosure Sale,FRCL,2026-12-01,FRCL-2026-6544,,85,Foreclosure auction scheduled; Pre-foreclosure; New this week,Harris County Clerk,https://www.cclerk.hctx.net/applications/websearch/FRCL_R.aspx
,,,,TX,,,,TX,,Foreclosure Sale,FRCL,2026-11-03,FRCL-2026-6578,,85,Foreclosure auction scheduled; Pre-foreclosure; New this week,Harris County Clerk,https://www.cclerk.hctx.net/applications/websearch/FRCL_R.aspx
,,,,TX,,,,TX,,Foreclosure Sale,FRCL,2026-11-03,FRCL-2026-6579,,85,Foreclosure auction scheduled; Pre-foreclosure; New this week,Harris County Clerk,https://www.cclerk.hctx.net/applications/websearch/FRCL_R.aspx
,,,,TX,,,,TX,,Foreclosure Sale,FRCL,2026-10-06,FRCL-2026-6577,,85,Foreclosure auction scheduled; Pre-foreclosure; New this week,Harris County Clerk,https://www.cclerk.hctx.net/applications/websearch/FRCL_R.aspx
,,,,TX,,,,TX,,Foreclosure Sale,FRCL,2026-11-03,FRCL-2026-6556,,85,Foreclosure auction scheduled; Pre-foreclosure; New this week,Harris County Clerk,https://www.cclerk.hctx.net/applications/websearch/FRCL_R.aspx
,,,,TX,,,,TX,,Foreclosure Sale,FRCL,2026-11-03,FRCL-2026-6557,,85,Foreclosure auction scheduled; Pre-foreclosure; New this week,Harris County Clerk,https://www.cclerk.hctx.net/applications/websearch/FRCL_R.aspx
,,,,TX,,,,TX,,Foreclosure Sale,FRCL,2026-11-03,FRCL-2026-6558,,85,Foreclosure auction scheduled; Pre-foreclosure; New this week,Harris County Clerk,https://www.cclerk.hctx.net/applications/websearch/FRCL_R.aspx
,,,,TX,,,,TX,,Foreclosure Sale,FRCL,2026-11-03,FRCL-2026-6559,,85,Foreclosure auction scheduled; Pre-foreclosure; New this week,Harris County Clerk,https://www.cclerk.hctx.net/applications/websearch/FRCL_R.aspx
,,,,TX,,,,TX,,Foreclosure Sale,FRCL,2026-11-03,FRCL-2026-6560,,85,Foreclosure auction scheduled; Pre-foreclosure; New this week,Harris County Clerk,https://www.cclerk.hctx.net/applications/websearch/FRCL_R.aspx
,,,,TX,,,,TX,,Foreclosure Sale,FRCL,2026-11-03,FRCL-2026-6561,,85,Foreclosure auction scheduled; Pre-foreclosure; New this week,Harris County Clerk,https://www.cclerk.hctx.net/applications/websearch/FRCL_R.aspx
,,,,TX,,,,TX,,Foreclosure Sale,FRCL,2026-11-03,FRCL-2026-6562,,85,Foreclosure auction scheduled; Pre-foreclosure; New this week,Harris County Clerk,https://www.cclerk.hctx.net/applications/websearch/FRCL_R.aspx
,,,,TX,,,,TX,,Foreclosure Sale,FRCL,2026-11-03,FRCL-2026-6563,,85,Foreclosure auction scheduled; Pre-foreclosure; New this week,Harris County Clerk,https://www.cclerk.hctx.net/applications/websearch/FRCL_R.aspx
,,,,TX,,,,TX,,Foreclosure Sale,FRCL,2026-11-03,FRCL-2026-6564,,85,Foreclosure auction scheduled; Pre-foreclosure; New this week,Harris County Clerk,https://www.cclerk.hctx.net/applications/websearch/FRCL_R.aspx
,,,,TX,,,,TX,,Foreclosure Sale,FRCL,2026-11-03,FRCL-2026-6565,,85,Foreclosure auction scheduled; Pre-foreclosure; New this week,Harris County Clerk,https://www.cclerk.hctx.net/applications/websearch/FRCL_R.aspx
,,,,TX,,,,TX,,Foreclosure Sale,FRCL,2026-11-03,FRCL-2026-6566,,85,Foreclosure auction scheduled; Pre-foreclosure; New this week,Harris County Clerk,https://www.cclerk.hctx.net/applications/websearch/FRCL_R.aspx
,,,,TX,,,,TX,,Foreclosure Sale,FRCL,2026-11-03,FRCL-2026-6567,,85,Foreclosure auction scheduled; Pre-foreclosure; New this week,Harris County Clerk,https://www.cclerk.hctx.net/applications/websearch/FRCL_R.aspx
,,,,TX,,,,TX,,Foreclosure Sale,FRCL,2026-11-03,FRCL-2026-6568,,85,Foreclosure auction scheduled; Pre-foreclosure; New this week,Harris County Clerk,https://www.cclerk.hctx.net/applications/websearch/FRCL_R.aspx
,,,,TX,,,,TX,,Foreclosure Sale,FRCL,2026-11-03,FRCL-2026-6569,,85,Foreclosure auction scheduled; Pre-foreclosure; New this week,Harris County Clerk,https://www.cclerk.hctx.net/applications/websearch/FRCL_R.aspx
,,,,TX,,,,TX,,Foreclosure Sale,FRCL,2026-11-03,FRCL-2026-6570,,85,Foreclosure auction scheduled; Pre-foreclosure; New this week,Harris County Clerk,https://www.cclerk.hctx.net/applications/websearch/FRCL_R.aspx
,,,,TX,,,,TX,,Foreclosure Sale,FRCL,2026-11-03,FRCL-2026-6571,,85,Foreclosure auction scheduled; Pre-foreclosure; New this week,Harris County Clerk,https://www.cclerk.hctx.net/applications/websearch/FRCL_R.aspx
,,,,TX,,,,TX,,Foreclosure Sale,FRCL,2026-11-03,FRCL-2026-6572,,85,Foreclosure auction scheduled; Pre-foreclosure; New this week,Harris County Clerk,https://www.cclerk.hctx.net/applications/websearch/FRCL_R.aspx
,,,,TX,,,,TX,,Foreclosure Sale,FRCL,2026-11-03,FRCL-2026-6573,,85,Foreclosure auction scheduled; Pre-foreclosure; New this week,Harris County Clerk,https://www.cclerk.hctx.net/applications/websearch/FRCL_R.aspx
,,,,TX,,,,TX,,Foreclosure Sale,FRCL,2026-12-01,FRCL-2026-6574,,85,Foreclosure auction scheduled; Pre-foreclosure; New this week,Harris County Clerk,https://www.cclerk.hctx.net/applications/websearch/FRCL_R.aspx
,,,,TX,,,,TX,,Foreclosure Sale,FRCL,2026-12-01,FRCL-2026-6575,,85,Foreclosure auction scheduled; Pre-foreclosure; New this week,Harris County Clerk,https://www.cclerk.hctx.net/applications/websearch/FRCL_R.aspx
,,,,TX,,,,TX,,Foreclosure Sale,FRCL,2026-12-01,FRCL-2026-6576,,85,Foreclosure auction scheduled; Pre-foreclosure; New this week,Harris County Clerk,https://www.cclerk.hctx.net/applications/websearch/FRCL_R.aspx
,,,,TX,,,,TX,,Foreclosure Sale,FRCL,2026-10-06,FRCL-2026-6599,,85,Foreclosure auction scheduled; Pre-foreclosure; New this week,Harris County Clerk,https://www.cclerk.hctx.net/applications/websearch/FRCL_R.aspx
,,,,TX,,,,TX,,Foreclosure Sale,FRCL,2026-10-06,FRCL-2026-6600,,85,Foreclosure auction scheduled; Pre-foreclosure; New this week,Harris County Clerk,https://www.cclerk.hctx.net/applications/websearch/FRCL_R.aspx
,,,,TX,,,,TX,,Foreclosure Sale,FRCL,2026-10-06,FRCL-2026-6601,,85,Foreclosure auction scheduled; Pre-foreclosure; New this week,Harris County Clerk,https://www.cclerk.hctx.net/applications/websearch/FRCL_R.aspx
,,,,TX,,,,TX,,Foreclosure Sale,FRCL,2026-10-06,FRCL-2026-6602,,85,Foreclosure auction scheduled; Pre-foreclosure; New this week,Harris County Clerk,https://www.cclerk.hctx.net/applications/websearch/FRCL_R.aspx
,,,,TX,,,,TX,,Foreclosure Sale,FRCL,2026-10-06,FRCL-2026-6603,,85,Foreclosure auction scheduled; Pre-foreclosure; New this week,Harris County Clerk,https://www.cclerk.hctx.net/applications/websearch/FRCL_R.aspx
,,,,TX,,,,TX,,Foreclosure Sale,FRCL,2026-10-06,FRCL-2026-6609,,85,Foreclosure auction scheduled; Pre-foreclosure; New this week,Harris County Clerk,https://www.cclerk.hctx.net/applications/websearch/FRCL_R.aspx
,,,,TX,,,,TX,,Foreclosure Sale,FRCL,2026-11-03,FRCL-2026-6604,,85,Foreclosure auction scheduled; Pre-foreclosure; New this week,Harris County Clerk,https://www.cclerk.hctx.net/applications/websearch/FRCL_R.aspx
,,,,TX,,,,TX,,Foreclosure Sale,FRCL,2026-11-03,FRCL-2026-6605,,85,Foreclosure auction scheduled; Pre-foreclosure; New this week,Harris County Clerk,https://www.cclerk.hctx.net/applications/websearch/FRCL_R.aspx
,,,,TX,,,,TX,,Foreclosure Sale,FRCL,2026-11-03,FRCL-2026-6606,,85,Foreclosure auction scheduled; Pre-foreclosure; New this week,Harris County Clerk,https://www.cclerk.hctx.net/applications/websearch/FRCL_R.aspx
,,,,TX,,,,TX,,Foreclosure Sale,FRCL,2026-11-03,FRCL-2026-6607,,85,Foreclosure auction scheduled; Pre-foreclosure; New this week,Harris County Clerk,https://www.cclerk.hctx.net/applications/websearch/FRCL_R.aspx
,,,,TX,,,,TX,,Foreclosure Sale,FRCL,2026-11-03,FRCL-2026-6608,,85,Foreclosure auction scheduled; Pre-foreclosure; New this week,Harris County Clerk,https://www.cclerk.hctx.net/applications/websearch/FRCL_R.aspx
,,,,TX,,,,TX,,Foreclosure Sale,FRCL,2026-10-06,FRCL-2026-6611,,85,Foreclosure auction scheduled; Pre-foreclosure; New this week,Harris County Clerk,https://www.cclerk.hctx.net/applications/websearch/FRCL_R.aspx
,,,,TX,,,,TX,,Foreclosure Sale,FRCL,2026-10-06,FRCL-2026-6610,,85,Foreclosure auction scheduled; Pre-foreclosure; New this week,Harris County Clerk,https://www.cclerk.hctx.net/applications/websearch/FRCL_R.aspx
,,,,TX,,,,TX,,Foreclosure Sale,FRCL,2026-10-06,FRCL-2026-6612,,85,Foreclosure auction scheduled; Pre-foreclosure; New this week,Harris County Clerk,https://www.cclerk.hctx.net/applications/websearch/FRCL_R.aspx
,,,,TX,,,,TX,,Foreclosure Sale,FRCL,2026-12-01,FRCL-2026-6613,,85,Foreclosure auction scheduled; Pre-foreclosure; New this week,Harris County Clerk,https://www.cclerk.hctx.net/applications/websearch/FRCL_R.aspx
,,,,TX,,,,TX,,Foreclosure Sale,FRCL,2026-12-01,FRCL-2026-6615,,85,Foreclosure auction scheduled; Pre-foreclosure; New this week,Harris County Clerk,https://www.cclerk.hctx.net/applications/websearch/FRCL_R.aspx
,,,,TX,,,,TX,,Foreclosure Sale,FRCL,2026-12-01,FRCL-2026-6618,,85,Foreclosure auction scheduled; Pre-foreclosure; New this week,Harris County Clerk,https://www.cclerk.hctx.net/applications/websearch/FRCL_R.aspx
,,,,TX,,,,TX,,Foreclosure Sale,FRCL,2026-10-06,FRCL-2026-6614,,85,Foreclosure auction scheduled; Pre-foreclosure; New this week,Harris County Clerk,https://www.cclerk.hctx.net/applications/websearch/FRCL_R.aspx
,,,,TX,,,,TX,,Foreclosure Sale,FRCL,2026-10-06,FRCL-2026-6616,,85,Foreclosure auction scheduled; Pre-foreclosure; New this week,Harris County Clerk,https://www.cclerk.hctx.net/applications/websearch/FRCL_R.aspx
,,,,TX,,,,TX,,Foreclosure Sale,FRCL,2026-10-06,FRCL-2026-6617,,85,Foreclosure auction scheduled; Pre-foreclosure; New this week,Harris County Clerk,https://www.cclerk.hctx.net/applications/websearch/FRCL_R.aspx
,,,,TX,,,,TX,,Foreclosure Sale,FRCL,2026-10-06,FRCL-2026-6619,,85,Foreclosure auction scheduled; Pre-foreclosure; New this week,Harris County Clerk,https://www.cclerk.hctx.net/applications/websearch/FRCL_R.aspx
,,,,TX,,,,TX,,Foreclosure Sale,FRCL,2026-10-06,FRCL-2026-6620,,85,Foreclosure auction scheduled; Pre-foreclosure; New this week,Harris County Clerk,https://www.cclerk.hctx.net/applications/websearch/FRCL_R.aspx
,,,,TX,,,,TX,,Foreclosure Sale,FRCL,2026-10-06,FRCL-2026-6621,,85,Foreclosure auction scheduled; Pre-foreclosure; New this week,Harris County Clerk,https://www.cclerk.hctx.net/applications/websearch/FRCL_R.aspx
,,,,TX,,,,TX,,Foreclosure Sale,FRCL,2026-10-06,FRCL-2026-6622,,85,Foreclosure auction scheduled; Pre-foreclosure; New this week,Harris County Clerk,https://www.cclerk.hctx.net/applications/websearch/FRCL_R.aspx
,,,,TX,,,,TX,,Foreclosure Sale,FRCL,2026-10-06,FRCL-2026-6623,,85,Foreclosure auction scheduled; Pre-foreclosure; New this week,Harris County Clerk,https://www.cclerk.hctx.net/applications/websearch/FRCL_R.aspx
,,,,TX,,,,TX,,Foreclosure Sale,FRCL,2026-10-06,FRCL-2026-6624,,85,Foreclosure auction scheduled; Pre-foreclosure; New this week,Harris County Clerk,https://www.cclerk.hctx.net/applications/websearch/FRCL_R.aspx
,,,,TX,,,,TX,,Foreclosure Sale,FRCL,2026-10-06,FRCL-2026-6625,,85,Foreclosure auction scheduled; Pre-foreclosure; New this week,Harris County Clerk,https://www.cclerk.hctx.net/applications/websearch/FRCL_R.aspx
,,,,TX,,,,TX,,Foreclosure Sale,FRCL,2026-10-06,FRCL-2026-6626,,85,Foreclosure auction scheduled; Pre-foreclosure; New this week,Harris County Clerk,https://www.cclerk.hctx.net/applications/websearch/FRCL_R.aspx
,,,,TX,,,,TX,,Foreclosure Sale,FRCL,2026-10-06,FRCL-2026-6627,,85,Foreclosure auction scheduled; Pre-foreclosure; New this week,Harris County Clerk,https://www.cclerk.hctx.net/applications/websearch/FRCL_R.aspx
,,,,TX,,,,TX,,Foreclosure Sale,FRCL,2026-11-03,FRCL-2026-6628,,85,Foreclosure auction scheduled; Pre-foreclosure; New this week,Harris County Clerk,https://www.cclerk.hctx.net/applications/websearch/FRCL_R.aspx
,,,,TX,,,,TX,,Foreclosure Sale,FRCL,2026-11-03,FRCL-2026-6629,,85,Foreclosure auction scheduled; Pre-foreclosure; New this week,Harris County Clerk,https://www.cclerk.hctx.net/applications/websearch/FRCL_R.aspx
,,,,TX,,,,TX,,Foreclosure Sale,FRCL,2026-11-03,FRCL-2026-6630,,85,Foreclosure auction scheduled; Pre-foreclosure; New this week,Harris County Clerk,https://www.cclerk.hctx.net/applications/websearch/FRCL_R.aspx
,,,,TX,,,,TX,,Foreclosure Sale,FRCL,2026-10-06,FRCL-2026-6631,,85,Foreclosure auction scheduled; Pre-foreclosure; New this week,Harris County Clerk,https://www.cclerk.hctx.net/applications/websearch/FRCL_R.aspx
,,,,TX,,,,TX,,Foreclosure Sale,FRCL,2026-11-03,FRCL-2026-6632,,85,Foreclosure auction scheduled; Pre-foreclosure; New this week,Harris County Clerk,https://www.cclerk.hctx.net/applications/websearch/FRCL_R.aspx
,,,,TX,,,,TX,,Foreclosure Sale,FRCL,2026-10-06,FRCL-2026-6633,,85,Foreclosure auction scheduled; Pre-foreclosure; New this week,Harris County Clerk,https://www.cclerk.hctx.net/applications/websearch/FRCL_R.aspx
,,,,TX,,,,TX,,Foreclosure Sale,FRCL,2026-10-06,FRCL-2026-6634,,85,Foreclosure auction scheduled; Pre-foreclosure; New this week,Harris County Clerk,https://www.cclerk.hctx.net/applications/websearch/FRCL_R.aspx
,,,,TX,,,,TX,,Foreclosure Sale,FRCL,2026-10-06,FRCL-2026-6635,,85,Foreclosure auction scheduled; Pre-foreclosure; New this week,Harris County Clerk,https://www.cclerk.hctx.net/applications/websearch/FRCL_R.aspx
,,,,TX,,,,TX,,Foreclosure Sale,FRCL,2026-10-06,FRCL-2026-6636,,85,Foreclosure auction scheduled; Pre-foreclosure; New this week,Harris County Clerk,https://www.cclerk.hctx.net/applications/websearch/FRCL_R.aspx
,,,,TX,,,,TX,,Foreclosure Sale,FRCL,2026-10-06,FRCL-2026-6637,,85,Foreclosure auction scheduled; Pre-foreclosure; New this week,Harris County Clerk,https://www.cclerk.hctx.net/applications/websearch/FRCL_R.aspx
,,,,TX,,,,TX,,Foreclosure Sale,FRCL,2026-10-06,FRCL-2026-6638,,85,Foreclosure auction scheduled; Pre-foreclosure; New this week,Harris County Clerk,https://www.cclerk.hctx.net/applications/websearch/FRCL_R.aspx
,,,,TX,,,,TX,,Foreclosure Sale,FRCL,2026-10-06,FRCL-2026-6639,,85,Foreclosure auction scheduled; Pre-foreclosure; New this week,Harris County Clerk,https://www.cclerk.hctx.net/applications/websearch/FRCL_R.aspx
,,,,TX,,,,TX,,Foreclosure Sale,FRCL,2026-10-06,FRCL-2026-6641,,85,Foreclosure auction scheduled; Pre-foreclosure; New this week,Harris County Clerk,https://www.cclerk.hctx.net/applications/websearch/FRCL_R.aspx
,,,,TX,,,,TX,,Foreclosure Sale,FRCL,2026-10-06,FRCL-2026-6643,,85,Foreclosure auction scheduled; Pre-foreclosure; New this week,Harris County Clerk,https://www.cclerk.hctx.net/applications/websearch/FRCL_R.aspx
,,,,TX,,,,TX,,Foreclosure Sale,FRCL,2026-10-06,FRCL-2026-6644,,85,Foreclosure auction scheduled; Pre-foreclosure; New this week,Harris County Clerk,https://www.cclerk.hctx.net/applications/websearch/FRCL_R.aspx
,,,,TX,,,,TX,,Foreclosure Sale,FRCL,2026-10-06,FRCL-2026-6645,,85,Foreclosure auction scheduled; Pre-foreclosure; New this week,Harris County Clerk,https://www.cclerk.hctx.net/applications/websearch/FRCL_R.aspx
,,,,TX,,,,TX,,Foreclosure Sale,FRCL,2026-10-06,FRCL-2026-6646,,85,Foreclosure auction scheduled; Pre-foreclosure; New this week,Harris County Clerk,https://www.cclerk.hctx.net/applications/websearch/FRCL_R.aspx
,,,,TX,,,,TX,,Foreclosure Sale,FRCL,2026-10-06,FRCL-2026-6647,,85,Foreclosure auction scheduled; Pre-foreclosure; New this week,Harris County Clerk,https://www.cclerk.hctx.net/applications/websearch/FRCL_R.aspx
,,,,TX,,,,TX,,Foreclosure Sale,FRCL,2026-10-06,FRCL-2026-6640,,85,Foreclosure auction scheduled; Pre-foreclosure; New this week,Harris County Clerk,https://www.cclerk.hctx.net/applications/websearch/FRCL_R.aspx
,,,,TX,,,,TX,,Foreclosure Sale,FRCL,2026-10-06,FRCL-2026-6642,,85,Foreclosure auction scheduled; Pre-foreclosure; New this week,Harris County Clerk,https://www.cclerk.hctx.net/applications/websearch/FRCL_R.aspx
,,,,TX,,,,TX,,Foreclosure Sale,FRCL,2026-11-03,FRCL-2026-6648,,85,Foreclosure auction scheduled; Pre-foreclosure; New this week,Harris County Clerk,https://www.cclerk.hctx.net/applications/websearch/FRCL_R.aspx
,,,,TX,,,,TX,,Foreclosure Sale,FRCL,2026-10-06,FRCL-2026-6649,,85,Foreclosure auction scheduled; Pre-foreclosure; New this week,Harris County Clerk,https://www.cclerk.hctx.net/applications/websearch/FRCL_R.aspx
,,,,TX,,,,TX,,Foreclosure Sale,FRCL,2026-10-06,FRCL-2026-6650,,85,Foreclosure auction scheduled; Pre-foreclosure; New this week,Harris County Clerk,https://www.cclerk.hctx.net/applications/websearch/FRCL_R.aspx
,,,,TX,,,,TX,,Foreclosure Sale,FRCL,2026-10-06,FRCL-2026-6651,,85,Foreclosure auction scheduled; Pre-foreclosure; New this week,Harris County Clerk,https://www.cclerk.hctx.net/applications/websearch/FRCL_R.aspx
,,,,TX,,,,TX,,Foreclosure Sale,FRCL,2026-10-06,FRCL-2026-6652,,85,Foreclosure auction scheduled; Pre-foreclosure; New this week,Harris County Clerk,https://www.cclerk.hctx.net/applications/websearch/FRCL_R.aspx
,,,,TX,,,,TX,,Foreclosure Sale,FRCL,2026-10-06,FRCL-2026-6655,,85,Foreclosure auction scheduled; Pre-foreclosure; New this week,Harris County Clerk,https://www.cclerk.hctx.net/applications/websearch/FRCL_R.aspx
,,,,TX,,,,TX,,Foreclosure Sale,FRCL,2026-10-06,FRCL-2026-6656,,85,Foreclosure auction scheduled; Pre-foreclosure; New this week,Harris County Clerk,https://www.cclerk.hctx.net/applications/websearch/FRCL_R.aspx
,,,,TX,,,,TX,,Foreclosure Sale,FRCL,2026-10-06,FRCL-2026-6653,,85,Foreclosure auction scheduled; Pre-foreclosure; New this week,Harris County Clerk,https://www.cclerk.hctx.net/applications/websearch/FRCL_R.aspx
,,,,TX,,,,TX,,Foreclosure Sale,FRCL,2026-10-06,FRCL-2026-6657,,85,Foreclosure auction scheduled; Pre-foreclosure; New this week,Harris County Clerk,https://www.cclerk.hctx.net/applications/websearch/FRCL_R.aspx
,,,,TX,,,,TX,,Foreclosure Sale,FRCL,2026-10-06,FRCL-2026-6658,,85,Foreclosure auction scheduled; Pre-foreclosure; New this week,Harris County Clerk,https://www.cclerk.hctx.net/applications/websearch/FRCL_R.aspx
,,,,TX,,,,TX,,Foreclosure Sale,FRCL,2026-10-06,FRCL-2026-6654,,85,Foreclosure auction scheduled; Pre-foreclosure; New this week,Harris County Clerk,https://www.cclerk.hctx.net/applications/websearch/FRCL_R.aspx
,,,,TX,,,,TX,,Foreclosure Sale,FRCL,2026-10-06,FRCL-2026-6659,,85,Foreclosure auction scheduled; Pre-foreclosure; New this week,Harris County Clerk,https://www.cclerk.hctx.net/applications/websearch/FRCL_R.aspx
,,,,TX,,,,TX,,Foreclosure Sale,FRCL,2026-10-06,FRCL-2026-6675,,85,Foreclosure auction scheduled; Pre-foreclosure; New this week,Harris County Clerk,https://www.cclerk.hctx.net/applications/websearch/FRCL_R.aspx
,,,,TX,,,,TX,,Foreclosure Sale,FRCL,2026-10-06,FRCL-2026-6660,,85,Foreclosure auction scheduled; Pre-foreclosure; New this week,Harris County Clerk,https://www.cclerk.hctx.net/applications/websearch/FRCL_R.aspx
,,,,TX,,,,TX,,Foreclosure Sale,FRCL,2026-10-06,FRCL-2026-6661,,85,Foreclosure auction scheduled; Pre-foreclosure; New this week,Harris County Clerk,https://www.cclerk.hctx.net/applications/websearch/FRCL_R.aspx
,,,,TX,,,,TX,,Foreclosure Sale,FRCL,2026-10-06,FRCL-2026-6662,,85,Foreclosure auction scheduled; Pre-foreclosure; New this week,Harris County Clerk,https://www.cclerk.hctx.net/applications/websearch/FRCL_R.aspx
,,,,TX,,,,TX,,Foreclosure Sale,FRCL,2026-10-06,FRCL-2026-6663,,85,Foreclosure auction scheduled; Pre-foreclosure; New this week,Harris County Clerk,https://www.cclerk.hctx.net/applications/websearch/FRCL_R.aspx
,,,,TX,,,,TX,,Foreclosure Sale,FRCL,2026-10-06,FRCL-2026-6664,,85,Foreclosure auction scheduled; Pre-foreclosure; New this week,Harris County Clerk,https://www.cclerk.hctx.net/applications/websearch/FRCL_R.aspx
,,,,TX,,,,TX,,Foreclosure Sale,FRCL,2026-11-03,FRCL-2026-6665,,85,Foreclosure auction scheduled; Pre-foreclosure; New this week,Harris County Clerk,https://www.cclerk.hctx.net/applications/websearch/FRCL_R.aspx
,,,,TX,,,,TX,,Foreclosure Sale,FRCL,2026-11-03,FRCL-2026-6666,,85,Foreclosure auction scheduled; Pre-foreclosure; New this week,Harris County Clerk,https://www.cclerk.hctx.net/applications/websearch/FRCL_R.aspx
,,,,TX,,,,TX,,Foreclosure Sale,FRCL,2026-11-03,FRCL-2026-6667,,85,Foreclosure auction scheduled; Pre-foreclosure; New this week,Harris County Clerk,https://www.cclerk.hctx.net/applications/websearch/FRCL_R.aspx
,,,,TX,,,,TX,,Foreclosure Sale,FRCL,2026-11-03,FRCL-2026-6668,,85,Foreclosure auction scheduled; Pre-foreclosure; New this week,Harris County Clerk,https://www.cclerk.hctx.net/applications/websearch/FRCL_R.aspx
,,,,TX,,,,TX,,Foreclosure Sale,FRCL,2026-11-03,FRCL-2026-6669,,85,Foreclosure auction scheduled; Pre-foreclosure; New this week,Harris County Clerk,https://www.cclerk.hctx.net/applications/websearch/FRCL_R.aspx
,,,,TX,,,,TX,,Foreclosure Sale,FRCL,2026-12-01,FRCL-2026-6670,,85,Foreclosure auction scheduled; Pre-foreclosure; New this week,Harris County Clerk,https://www.cclerk.hctx.net/applications/websearch/FRCL_R.aspx
,,,,TX,,,,TX,,Foreclosure Sale,FRCL,2026-11-03,FRCL-2026-6671,,85,Foreclosure auction scheduled; Pre-foreclosure; New this week,Harris County Clerk,https://www.cclerk.hctx.net/applications/websearch/FRCL_R.aspx
,,,,TX,,,,TX,,Foreclosure Sale,FRCL,2026-12-01,FRCL-2026-6672,,85,Foreclosure auction scheduled; Pre-foreclosure; New this week,Harris County Clerk,https://www.cclerk.hctx.net/applications/websearch/FRCL_R.aspx
,,,,TX,,,,TX,,Foreclosure Sale,FRCL,2026-10-06,FRCL-2026-6676,,85,Foreclosure auction scheduled; Pre-foreclosure; New this week,Harris County Clerk,https://www.cclerk.hctx.net/applications/websearch/FRCL_R.aspx
,,,,TX,,,,TX,,Foreclosure Sale,FRCL,2026-10-06,FRCL-2026-6673,,85,Foreclosure auction scheduled; Pre-foreclosure; New this week,Harris County Clerk,https://www.cclerk.hctx.net/applications/websearch/FRCL_R.aspx
,,,,TX,,,,TX,,Foreclosure Sale,FRCL,2026-10-06,FRCL-2026-6674,,85,Foreclosure auction scheduled; Pre-foreclosure; New this week,Harris County Clerk,https://www.cclerk.hctx.net/applications/websearch/FRCL_R.aspx
,,,,TX,,,,TX,,Foreclosure Sale,FRCL,2026-10-06,FRCL-2026-6677,,85,Foreclosure auction scheduled; Pre-foreclosure; New this week,Harris County Clerk,https://www.cclerk.hctx.net/applications/websearch/FRCL_R.aspx
,,,,TX,,,,TX,,Foreclosure Sale,FRCL,2026-10-06,FRCL-2026-6678,,85,Foreclosure auction scheduled; Pre-foreclosure; New this week,Harris County Clerk,https://www.cclerk.hctx.net/applications/websearch/FRCL_R.aspx
,,,,TX,,,,TX,,Foreclosure Sale,FRCL,2026-10-06,FRCL-2026-6679,,85,Foreclosure auction scheduled; Pre-foreclosure; New this week,Harris County Clerk,https://www.cclerk.hctx.net/applications/websearch/FRCL_R.aspx
,,,,TX,,,,TX,,Foreclosure Sale,FRCL,2026-10-06,FRCL-2026-6680,,85,Foreclosure auction scheduled; Pre-foreclosure; New this week,Harris County Clerk,https://www.cclerk.hctx.net/applications/websearch/FRCL_R.aspx
,,,,TX,,,,TX,,Foreclosure Sale,FRCL,2026-10-06,FRCL-2026-6681,,85,Foreclosure auction scheduled; Pre-foreclosure; New this week,Harris County Clerk,https://www.cclerk.hctx.net/applications/websearch/FRCL_R.aspx
,,,,TX,,,,TX,,Foreclosure Sale,FRCL,2026-10-06,FRCL-2026-6682,,85,Foreclosure auction scheduled; Pre-foreclosure; New this week,Harris County Clerk,https://www.cclerk.hctx.net/applications/websearch/FRCL_R.aspx
,,,,TX,,,,TX,,Foreclosure Sale,FRCL,2026-10-06,FRCL-2026-6683,,85,Foreclosure auction scheduled; Pre-foreclosure; New this week,Harris County Clerk,https://www.cclerk.hctx.net/applications/websearch/FRCL_R.aspx
,,,,TX,,,,TX,,Foreclosure Sale,FRCL,2026-10-06,FRCL-2026-6684,,85,Foreclosure auction scheduled; Pre-foreclosure; New this week,Harris County Clerk,https://www.cclerk.hctx.net/applications/websearch/FRCL_R.aspx
,,,,TX,,,,TX,,Foreclosure Sale,FRCL,2026-10-06,FRCL-2026-6685,,85,Foreclosure auction scheduled; Pre-foreclosure; New this week,Harris County Clerk,https://www.cclerk.hctx.net/applications/websearch/FRCL_R.aspx
,,,,TX,,,,TX,,Foreclosure Sale,FRCL,2026-10-06,FRCL-2026-6686,,85,Foreclosure auction scheduled; Pre-foreclosure; New this week,Harris County Clerk,https://www.cclerk.hctx.net/applications/websearch/FRCL_R.aspx
,,,,TX,,,,TX,,Foreclosure Sale,FRCL,2026-11-03,FRCL-2026-6687,,85,Foreclosure auction scheduled; Pre-foreclosure; New this week,Harris County Clerk,https://www.cclerk.hctx.net/applications/websearch/FRCL_R.aspx
,,,,TX,,,,TX,,Foreclosure Sale,FRCL,2026-11-03,FRCL-2026-6688,,85,Foreclosure auction scheduled; Pre-foreclosure; New this week,Harris County Clerk,https://www.cclerk.hctx.net/applications/websearch/FRCL_R.aspx
,,,,TX,,,,TX,,Foreclosure Sale,FRCL,2026-11-03,FRCL-2026-6689,,85,Foreclosure auction scheduled; Pre-foreclosure; New this week,Harris County Clerk,https://www.cclerk.hctx.net/applications/websearch/FRCL_R.aspx
,,,,TX,,,,TX,,Foreclosure Sale,FRCL,2026-11-03,FRCL-2026-6690,,85,Foreclosure auction scheduled; Pre-foreclosure; New this week,Harris County Clerk,https://www.cclerk.hctx.net/applications/websearch/FRCL_R.aspx
,,,,TX,,,,TX,,Foreclosure Sale,FRCL,2026-11-03,FRCL-2026-6691,,85,Foreclosure auction scheduled; Pre-foreclosure; New this week,Harris County Clerk,https://www.cclerk.hctx.net/applications/websearch/FRCL_R.aspx
,,,,TX,,,,TX,,Foreclosure Sale,FRCL,2026-11-03,FRCL-2026-6692,,85,Foreclosure auction scheduled; Pre-foreclosure; New this week,Harris County Clerk,https://www.cclerk.hctx.net/applications/websearch/FRCL_R.aspx
,,,,TX,,,,TX,,Foreclosure Sale,FRCL,2026-11-03,FRCL-2026-6693,,85,Foreclosure auction scheduled; Pre-foreclosure; New this week,Harris County Clerk,https://www.cclerk.hctx.net/applications/websearch/FRCL_R.aspx
,,,,TX,,,,TX,,Foreclosure Sale,FRCL,2026-12-01,FRCL-2026-6694,,85,Foreclosure auction scheduled; Pre-foreclosure; New this week,Harris County Clerk,https://www.cclerk.hctx.net/applications/websearch/FRCL_R.aspx
,,,,TX,,,,TX,,Foreclosure Sale,FRCL,2026-12-01,FRCL-2026-6695,,85,Foreclosure auction scheduled; Pre-foreclosure; New this week,Harris County Clerk,https://www.cclerk.hctx.net/applications/websearch/FRCL_R.aspx
,,,,TX,,,,TX,,Foreclosure Sale,FRCL,2026-12-01,FRCL-2026-6696,,85,Foreclosure auction scheduled; Pre-foreclosure; New this week,Harris County Clerk,https://www.cclerk.hctx.net/applications/websearch/FRCL_R.aspx
,,,,TX,,,,TX,,Foreclosure Sale,FRCL,2026-12-01,FRCL-2026-6697,,85,Foreclosure auction scheduled; Pre-foreclosure; New this week,Harris County Clerk,https://www.cclerk.hctx.net/applications/websearch/FRCL_R.aspx
,,,,TX,,,,TX,,Foreclosure Sale,FRCL,2026-10-06,FRCL-2026-6716,,85,Foreclosure auction scheduled; Pre-foreclosure; New this week,Harris County Clerk,https://www.cclerk.hctx.net/applications/websearch/FRCL_R.aspx
,,,,TX,,,,TX,,Foreclosure Sale,FRCL,2026-10-06,FRCL-2026-6717,,85,Foreclosure auction scheduled; Pre-foreclosure; New this week,Harris County Clerk,https://www.cclerk.hctx.net/applications/websearch/FRCL_R.aspx
,,,,TX,,,,TX,,Foreclosure Sale,FRCL,2026-10-06,FRCL-2026-6718,,85,Foreclosure auction scheduled; Pre-foreclosure; New this week,Harris County Clerk,https://www.cclerk.hctx.net/applications/websearch/FRCL_R.aspx
,,,,TX,,,,TX,,Foreclosure Sale,FRCL,2026-10-06,FRCL-2026-6719,,85,Foreclosure auction scheduled; Pre-foreclosure; New this week,Harris County Clerk,https://www.cclerk.hctx.net/applications/websearch/FRCL_R.aspx
,,,,TX,,,,TX,,Foreclosure Sale,FRCL,2026-10-06,FRCL-2026-6720,,85,Foreclosure auction scheduled; Pre-foreclosure; New this week,Harris County Clerk,https://www.cclerk.hctx.net/applications/websearch/FRCL_R.aspx
,,,,TX,,,,TX,,Foreclosure Sale,FRCL,2026-10-06,FRCL-2026-6721,,85,Foreclosure auction scheduled; Pre-foreclosure; New this week,Harris County Clerk,https://www.cclerk.hctx.net/applications/websearch/FRCL_R.aspx
,,,,TX,,,,TX,,Foreclosure Sale,FRCL,2026-10-06,FRCL-2026-6722,,85,Foreclosure auction scheduled; Pre-foreclosure; New this week,Harris County Clerk,https://www.cclerk.hctx.net/applications/websearch/FRCL_R.aspx
,,,,TX,,,,TX,,Foreclosure Sale,FRCL,2026-11-03,FRCL-2026-6723,,85,Foreclosure auction scheduled; Pre-foreclosure; New this week,Harris County Clerk,https://www.cclerk.hctx.net/applications/websearch/FRCL_R.aspx
,,,,TX,,,,TX,,Foreclosure Sale,FRCL,2026-10-06,FRCL-2026-6724,,85,Foreclosure auction scheduled; Pre-foreclosure; New this week,Harris County Clerk,https://www.cclerk.hctx.net/applications/websearch/FRCL_R.aspx
,,,,TX,,,,TX,,Foreclosure Sale,FRCL,2026-10-06,FRCL-2026-6732,,85,Foreclosure auction scheduled; Pre-foreclosure; New this week,Harris County Clerk,https://www.cclerk.hctx.net/applications/websearch/FRCL_R.aspx
,,,,TX,,,,TX,,Foreclosure Sale,FRCL,2026-10-06,FRCL-2026-6698,,85,Foreclosure auction scheduled; Pre-foreclosure; New this week,Harris County Clerk,https://www.cclerk.hctx.net/applications/websearch/FRCL_R.aspx
,,,,TX,,,,TX,,Foreclosure Sale,FRCL,2026-10-06,FRCL-2026-6699,,85,Foreclosure auction scheduled; Pre-foreclosure; New this week,Harris County Clerk,https://www.cclerk.hctx.net/applications/websearch/FRCL_R.aspx
,,,,TX,,,,TX,,Foreclosure Sale,FRCL,2026-10-06,FRCL-2026-6700,,85,Foreclosure auction scheduled; Pre-foreclosure; New this week,Harris County Clerk,https://www.cclerk.hctx.net/applications/websearch/FRCL_R.aspx
,,,,TX,,,,TX,,Foreclosure Sale,FRCL,2026-10-06,FRCL-2026-6701,,85,Foreclosure auction scheduled; Pre-foreclosure; New this week,Harris County Clerk,https://www.cclerk.hctx.net/applications/websearch/FRCL_R.aspx
,,,,TX,,,,TX,,Foreclosure Sale,FRCL,2026-10-06,FRCL-2026-6702,,85,Foreclosure auction scheduled; Pre-foreclosure; New this week,Harris County Clerk,https://www.cclerk.hctx.net/applications/websearch/FRCL_R.aspx
,,,,TX,,,,TX,,Foreclosure Sale,FRCL,2026-10-06,FRCL-2026-6703,,85,Foreclosure auction scheduled; Pre-foreclosure; New this week,Harris County Clerk,https://www.cclerk.hctx.net/applications/websearch/FRCL_R.aspx
,,,,TX,,,,TX,,Foreclosure Sale,FRCL,2026-10-06,FRCL-2026-6704,,85,Foreclosure auction scheduled; Pre-foreclosure; New this week,Harris County Clerk,https://www.cclerk.hctx.net/applications/websearch/FRCL_R.aspx
,,,,TX,,,,TX,,Foreclosure Sale,FRCL,2026-10-06,FRCL-2026-6705,,85,Foreclosure auction scheduled; Pre-foreclosure; New this week,Harris County Clerk,https://www.cclerk.hctx.net/applications/websearch/FRCL_R.aspx
,,,,TX,,,,TX,,Foreclosure Sale,FRCL,2026-10-06,FRCL-2025-4592,,85,Foreclosure auction scheduled; Pre-foreclosure; New this week,Harris County Clerk,https://www.cclerk.hctx.net/applications/websearch/FRCL_R.aspx
,,,,TX,,,,TX,,Foreclosure Sale,FRCL,2026-10-06,FRCL-2026-2935,,85,Foreclosure auction scheduled; Pre-foreclosure; New this week,Harris County Clerk,https://www.cclerk.hctx.net/applications/websearch/FRCL_R.aspx
,,,,TX,,,,TX,,Foreclosure Sale,FRCL,2026-10-06,FRCL-2026-4656,,85,Foreclosure auction scheduled; Pre-foreclosure; New this week,Harris County Clerk,https://www.cclerk.hctx.net/applications/websearch/FRCL_R.aspx
,,,,TX,,,,TX,,Foreclosure Sale,FRCL,2026-10-06,FRCL-2026-4682,,85,Foreclosure auction scheduled; Pre-foreclosure; New this week,Harris County Clerk,https://www.cclerk.hctx.net/applications/websearch/FRCL_R.aspx
,,,,TX,,,,TX,,Foreclosure Sale,FRCL,2026-10-06,FRCL-2026-4809,,85,Foreclosure auction scheduled; Pre-foreclosure; New this week,Harris County Clerk,https://www.cclerk.hctx.net/applications/websearch/FRCL_R.aspx
,,,,TX,,,,TX,,Foreclosure Sale,FRCL,2026-10-06,FRCL-2026-4830,,85,Foreclosure auction scheduled; Pre-foreclosure; New this week,Harris County Clerk,https://www.cclerk.hctx.net/applications/websearch/FRCL_R.aspx
,,,,TX,,,,TX,,Foreclosure Sale,FRCL,2026-10-06,FRCL-2026-4860,,85,Foreclosure auction scheduled; Pre-foreclosure; New this week,Harris County Clerk,https://www.cclerk.hctx.net/applications/websearch/FRCL_R.aspx
,,,,TX,,,,TX,,Foreclosure Sale,FRCL,2026-10-06,FRCL-2026-4861,,85,Foreclosure auction scheduled; Pre-foreclosure; New this week,Harris County Clerk,https://www.cclerk.hctx.net/applications/websearch/FRCL_R.aspx
,,,,TX,,,,TX,,Foreclosure Sale,FRCL,2026-10-06,FRCL-2026-4878,,85,Foreclosure auction scheduled; Pre-foreclosure; New this week,Harris County Clerk,https://www.cclerk.hctx.net/applications/websearch/FRCL_R.aspx
,,,,TX,,,,TX,,Foreclosure Sale,FRCL,2026-10-06,FRCL-2026-4881,,85,Foreclosure auction scheduled; Pre-foreclosure; New this week,Harris County Clerk,https://www.cclerk.hctx.net/applications/websearch/FRCL_R.aspx
,,,,TX,,,,TX,,Foreclosure Sale,FRCL,2026-10-06,FRCL-2026-4882,,85,Foreclosure auction scheduled; Pre-foreclosure; New this week,Harris County Clerk,https://www.cclerk.hctx.net/applications/websearch/FRCL_R.aspx
,,,,TX,,,,TX,,Foreclosure Sale,FRCL,2026-10-06,FRCL-2026-4886,,85,Foreclosure auction scheduled; Pre-foreclosure; New this week,Harris County Clerk,https://www.cclerk.hctx.net/applications/websearch/FRCL_R.aspx
,,,,TX,,,,TX,,Foreclosure Sale,FRCL,2026-10-06,FRCL-2026-4914,,85,Foreclosure auction scheduled; Pre-foreclosure; New this week,Harris County Clerk,https://www.cclerk.hctx.net/applications/websearch/FRCL_R.aspx
,,,,TX,,,,TX,,Foreclosure Sale,FRCL,2026-10-06,FRCL-2026-4926,,85,Foreclosure auction scheduled; Pre-foreclosure; New this week,Harris County Clerk,https://www.cclerk.hctx.net/applications/websearch/FRCL_R.aspx
,,,,TX,,,,TX,,Foreclosure Sale,FRCL,2026-10-06,FRCL-2026-4927,,85,Foreclosure auction scheduled; Pre-foreclosure; New this week,Harris County Clerk,https://www.cclerk.hctx.net/applications/websearch/FRCL_R.aspx
,,,,TX,,,,TX,,Foreclosure Sale,FRCL,2026-10-06,FRCL-2026-4949,,85,Foreclosure auction scheduled; Pre-foreclosure; New this week,Harris County Clerk,https://www.cclerk.hctx.net/applications/websearch/FRCL_R.aspx
,,,,TX,,,,TX,,Foreclosure Sale,FRCL,2026-10-06,FRCL-2026-4950,,85,Foreclosure auction scheduled; Pre-foreclosure; New this week,Harris County Clerk,https://www.cclerk.hctx.net/applications/websearch/FRCL_R.aspx
,,,,TX,,,,TX,,Foreclosure Sale,FRCL,2026-10-06,FRCL-2026-4964,,85,Foreclosure auction scheduled; Pre-foreclosure; New this week,Harris County Clerk,https://www.cclerk.hctx.net/applications/websearch/FRCL_R.aspx
,,,,TX,,,,TX,,Foreclosure Sale,FRCL,2026-10-06,FRCL-2026-4965,,85,Foreclosure auction scheduled; Pre-foreclosure; New this week,Harris County Clerk,https://www.cclerk.hctx.net/applications/websearch/FRCL_R.aspx
,,,,TX,,,,TX,,Foreclosure Sale,FRCL,2026-10-06,FRCL-2026-5002,,85,Foreclosure auction scheduled; Pre-foreclosure; New this week,Harris County Clerk,https://www.cclerk.hctx.net/applications/websearch/FRCL_R.aspx
,,,,TX,,,,TX,,Foreclosure Sale,FRCL,2026-10-06,FRCL-2026-5003,,85,Foreclosure auction scheduled; Pre-foreclosure; New this week,Harris County Clerk,https://www.cclerk.hctx.net/applications/websearch/FRCL_R.aspx
,,,,TX,,,,TX,,Foreclosure Sale,FRCL,2026-10-06,FRCL-2026-5019,,85,Foreclosure auction scheduled; Pre-foreclosure; New this week,Harris County Clerk,https://www.cclerk.hctx.net/applications/websearch/FRCL_R.aspx
,,,,TX,,,,TX,,Foreclosure Sale,FRCL,2026-10-06,FRCL-2026-5020,,85,Foreclosure auction scheduled; Pre-foreclosure; New this week,Harris County Clerk,https://www.cclerk.hctx.net/applications/websearch/FRCL_R.aspx
,,,,TX,,,,TX,,Foreclosure Sale,FRCL,2026-10-06,FRCL-2026-5021,,85,Foreclosure auction scheduled; Pre-foreclosure; New this week,Harris County Clerk,https://www.cclerk.hctx.net/applications/websearch/FRCL_R.aspx
,,,,TX,,,,TX,,Foreclosure Sale,FRCL,2026-10-06,FRCL-2026-5022,,85,Foreclosure auction scheduled; Pre-foreclosure; New this week,Harris County Clerk,https://www.cclerk.hctx.net/applications/websearch/FRCL_R.aspx
,,,,TX,,,,TX,,Foreclosure Sale,FRCL,2026-10-06,FRCL-2026-5039,,85,Foreclosure auction scheduled; Pre-foreclosure; New this week,Harris County Clerk,https://www.cclerk.hctx.net/applications/websearch/FRCL_R.aspx
,,,,TX,,,,TX,,Foreclosure Sale,FRCL,2026-10-06,FRCL-2026-5075,,85,Foreclosure auction scheduled; Pre-foreclosure; New this week,Harris County Clerk,https://www.cclerk.hctx.net/applications/websearch/FRCL_R.aspx
,,,,TX,,,,TX,,Foreclosure Sale,FRCL,2026-10-06,FRCL-2026-5086,,85,Foreclosure auction scheduled; Pre-foreclosure; New this week,Harris County Clerk,https://www.cclerk.hctx.net/applications/websearch/FRCL_R.aspx
,,,,TX,,,,TX,,Foreclosure Sale,FRCL,2026-10-06,FRCL-2026-5092,,85,Foreclosure auction scheduled; Pre-foreclosure; New this week,Harris County Clerk,https://www.cclerk.hctx.net/applications/websearch/FRCL_R.aspx
,,,,TX,,,,TX,,Foreclosure Sale,FRCL,2026-10-06,FRCL-2026-5095,,85,Foreclosure auction scheduled; Pre-foreclosure; New this week,Harris County Clerk,https://www.cclerk.hctx.net/applications/websearch/FRCL_R.aspx
,,,,TX,,,,TX,,Foreclosure Sale,FRCL,2026-10-06,FRCL-2026-5096,,85,Foreclosure auction scheduled; Pre-foreclosure; New this week,Harris County Clerk,https://www.cclerk.hctx.net/applications/websearch/FRCL_R.aspx
,,,,TX,,,,TX,,Foreclosure Sale,FRCL,2026-10-06,FRCL-2026-5176,,85,Foreclosure auction scheduled; Pre-foreclosure; New this week,Harris County Clerk,https://www.cclerk.hctx.net/applications/websearch/FRCL_R.aspx
,,,,TX,,,,TX,,Foreclosure Sale,FRCL,2026-10-01,FRCL-2026-5197,,85,Foreclosure auction scheduled; Pre-foreclosure; New this week,Harris County Clerk,https://www.cclerk.hctx.net/applications/websearch/FRCL_R.aspx
,,,,TX,,,,TX,,Foreclosure Sale,FRCL,2026-10-01,FRCL-2026-5198,,85,Foreclosure auction scheduled; Pre-foreclosure; New this week,Harris County Clerk,https://www.cclerk.hctx.net/applications/websearch/FRCL_R.aspx
,,,,TX,,,,TX,,Foreclosure Sale,FRCL,2026-10-06,FRCL-2026-5202,,85,Foreclosure auction scheduled; Pre-foreclosure; New this week,Harris County Clerk,https://www.cclerk.hctx.net/applications/websearch/FRCL_R.aspx
,,,,TX,,,,TX,,Foreclosure Sale,FRCL,2026-10-06,FRCL-2026-5203,,85,Foreclosure auction scheduled; Pre-foreclosure; New this week,Harris County Clerk,https://www.cclerk.hctx.net/applications/websearch/FRCL_R.aspx
,,,,TX,,,,TX,,Foreclosure Sale,FRCL,2026-10-06,FRCL-2026-5204,,85,Foreclosure auction scheduled; Pre-foreclosure; New this week,Harris County Clerk,https://www.cclerk.hctx.net/applications/websearch/FRCL_R.aspx
,,,,TX,,,,TX,,Foreclosure Sale,FRCL,2026-10-06,FRCL-2026-5220,,85,Foreclosure auction scheduled; Pre-foreclosure; New this week,Harris County Clerk,https://www.cclerk.hctx.net/applications/websearch/FRCL_R.aspx
,,,,TX,,,,TX,,Foreclosure Sale,FRCL,2026-10-06,FRCL-2026-5221,,85,Foreclosure auction scheduled; Pre-foreclosure; New this week,Harris County Clerk,https://www.cclerk.hctx.net/applications/websearch/FRCL_R.aspx
,,,,TX,,,,TX,,Foreclosure Sale,FRCL,2026-10-06,FRCL-2026-5222,,85,Foreclosure auction scheduled; Pre-foreclosure; New this week,Harris County Clerk,https://www.cclerk.hctx.net/applications/websearch/FRCL_R.aspx
,,,,TX,,,,TX,,Foreclosure Sale,FRCL,2026-10-06,FRCL-2026-5228,,85,Foreclosure auction scheduled; Pre-foreclosure; New this week,Harris County Clerk,https://www.cclerk.hctx.net/applications/websearch/FRCL_R.aspx
,,,,TX,,,,TX,,Foreclosure Sale,FRCL,2026-10-06,FRCL-2026-5217,,85,Foreclosure auction scheduled; Pre-foreclosure; New this week,Harris County Clerk,https://www.cclerk.hctx.net/applications/websearch/FRCL_R.aspx
,,,,TX,,,,TX,,Foreclosure Sale,FRCL,2026-10-06,FRCL-2026-5218,,85,Foreclosure auction scheduled; Pre-foreclosure; New this week,Harris County Clerk,https://www.cclerk.hctx.net/applications/websearch/FRCL_R.aspx
,,,,TX,,,,TX,,Foreclosure Sale,FRCL,2026-10-06,FRCL-2026-5219,,85,Foreclosure auction scheduled; Pre-foreclosure; New this week,Harris County Clerk,https://www.cclerk.hctx.net/applications/websearch/FRCL_R.aspx
,,,,TX,,,,TX,,Foreclosure Sale,FRCL,2026-10-06,FRCL-2026-5234,,85,Foreclosure auction scheduled; Pre-foreclosure; New this week,Harris County Clerk,https://www.cclerk.hctx.net/applications/websearch/FRCL_R.aspx
,,,,TX,,,,TX,,Foreclosure Sale,FRCL,2026-10-06,FRCL-2026-5238,,85,Foreclosure auction scheduled; Pre-foreclosure; New this week,Harris County Clerk,https://www.cclerk.hctx.net/applications/websearch/FRCL_R.aspx
,,,,TX,,,,TX,,Foreclosure Sale,FRCL,2026-10-06,FRCL-2026-5239,,85,Foreclosure auction scheduled; Pre-foreclosure; New this week,Harris County Clerk,https://www.cclerk.hctx.net/applications/websearch/FRCL_R.aspx
,,,,TX,,,,TX,,Foreclosure Sale,FRCL,2026-10-06,FRCL-2026-5249,,85,Foreclosure auction scheduled; Pre-foreclosure; New this week,Harris County Clerk,https://www.cclerk.hctx.net/applications/websearch/FRCL_R.aspx
,,,,TX,,,,TX,,Foreclosure Sale,FRCL,2026-10-06,FRCL-2026-5250,,85,Foreclosure auction scheduled; Pre-foreclosure; New this week,Harris County Clerk,https://www.cclerk.hctx.net/applications/websearch/FRCL_R.aspx
,,,,TX,,,,TX,,Foreclosure Sale,FRCL,2026-10-06,FRCL-2026-5252,,85,Foreclosure auction scheduled; Pre-foreclosure; New this week,Harris County Clerk,https://www.cclerk.hctx.net/applications/websearch/FRCL_R.aspx
,,,,TX,,,,TX,,Foreclosure Sale,FRCL,2026-10-06,FRCL-2026-5253,,85,Foreclosure auction scheduled; Pre-foreclosure; New this week,Harris County Clerk,https://www.cclerk.hctx.net/applications/websearch/FRCL_R.aspx
,,,,TX,,,,TX,,Foreclosure Sale,FRCL,2026-10-06,FRCL-2026-5254,,85,Foreclosure auction scheduled; Pre-foreclosure; New this week,Harris County Clerk,https://www.cclerk.hctx.net/applications/websearch/FRCL_R.aspx
,,,,TX,,,,TX,,Foreclosure Sale,FRCL,2026-10-06,FRCL-2026-5255,,85,Foreclosure auction scheduled; Pre-foreclosure; New this week,Harris County Clerk,https://www.cclerk.hctx.net/applications/websearch/FRCL_R.aspx
,,,,TX,,,,TX,,Foreclosure Sale,FRCL,2026-10-06,FRCL-2026-5256,,85,Foreclosure auction scheduled; Pre-foreclosure; New this week,Harris County Clerk,https://www.cclerk.hctx.net/applications/websearch/FRCL_R.aspx
,,,,TX,,,,TX,,Foreclosure Sale,FRCL,2026-10-06,FRCL-2026-5257,,85,Foreclosure auction scheduled; Pre-foreclosure; New this week,Harris County Clerk,https://www.cclerk.hctx.net/applications/websearch/FRCL_R.aspx
,,,,TX,,,,TX,,Foreclosure Sale,FRCL,2026-10-06,FRCL-2026-5258,,85,Foreclosure auction scheduled; Pre-foreclosure; New this week,Harris County Clerk,https://www.cclerk.hctx.net/applications/websearch/FRCL_R.aspx
,,,,TX,,,,TX,,Foreclosure Sale,FRCL,2026-10-06,FRCL-2026-5259,,85,Foreclosure auction scheduled; Pre-foreclosure; New this week,Harris County Clerk,https://www.cclerk.hctx.net/applications/websearch/FRCL_R.aspx
,,,,TX,,,,TX,,Foreclosure Sale,FRCL,2026-10-06,FRCL-2026-5261,,85,Foreclosure auction scheduled; Pre-foreclosure; New this week,Harris County Clerk,https://www.cclerk.hctx.net/applications/websearch/FRCL_R.aspx
,,,,TX,,,,TX,,Foreclosure Sale,FRCL,2026-10-06,FRCL-2026-5263,,85,Foreclosure auction scheduled; Pre-foreclosure; New this week,Harris County Clerk,https://www.cclerk.hctx.net/applications/websearch/FRCL_R.aspx
,,,,TX,,,,TX,,Foreclosure Sale,FRCL,2026-10-06,FRCL-2026-5264,,85,Foreclosure auction scheduled; Pre-foreclosure; New this week,Harris County Clerk,https://www.cclerk.hctx.net/applications/websearch/FRCL_R.aspx
,,,,TX,,,,TX,,Foreclosure Sale,FRCL,2026-10-06,FRCL-2026-5265,,85,Foreclosure auction scheduled; Pre-foreclosure; New this week,Harris County Clerk,https://www.cclerk.hctx.net/applications/websearch/FRCL_R.aspx
,,,,TX,,,,TX,,Foreclosure Sale,FRCL,2026-10-06,FRCL-2026-5266,,85,Foreclosure auction scheduled; Pre-foreclosure; New this week,Harris County Clerk,https://www.cclerk.hctx.net/applications/websearch/FRCL_R.aspx
,,,,TX,,,,TX,,Foreclosure Sale,FRCL,2026-10-06,FRCL-2026-5271,,85,Foreclosure auction scheduled; Pre-foreclosure; New this week,Harris County Clerk,https://www.cclerk.hctx.net/applications/websearch/FRCL_R.aspx
,,,,TX,,,,TX,,Foreclosure Sale,FRCL,2026-10-06,FRCL-2026-5279,,85,Foreclosure auction scheduled; Pre-foreclosure; New this week,Harris County Clerk,https://www.cclerk.hctx.net/applications/websearch/FRCL_R.aspx
,,,,TX,,,,TX,,Foreclosure Sale,FRCL,2026-10-06,FRCL-2026-5280,,85,Foreclosure auction scheduled; Pre-foreclosure; New this week,Harris County Clerk,https://www.cclerk.hctx.net/applications/websearch/FRCL_R.aspx
,,,,TX,,,,TX,,Foreclosure Sale,FRCL,2026-10-06,FRCL-2026-5281,,85,Foreclosure auction scheduled; Pre-foreclosure; New this week,Harris County Clerk,https://www.cclerk.hctx.net/applications/websearch/FRCL_R.aspx
,,,,TX,,,,TX,,Foreclosure Sale,FRCL,2026-10-06,FRCL-2026-5283,,85,Foreclosure auction scheduled; Pre-foreclosure; New this week,Harris County Clerk,https://www.cclerk.hctx.net/applications/websearch/FRCL_R.aspx
,,,,TX,,,,TX,,Foreclosure Sale,FRCL,2026-10-06,FRCL-2026-5287,,85,Foreclosure auction scheduled; Pre-foreclosure; New this week,Harris County Clerk,https://www.cclerk.hctx.net/applications/websearch/FRCL_R.aspx
,,,,TX,,,,TX,,Foreclosure Sale,FRCL,2026-10-06,FRCL-2026-5310,,85,Foreclosure auction scheduled; Pre-foreclosure; New this week,Harris County Clerk,https://www.cclerk.hctx.net/applications/websearch/FRCL_R.aspx
,,,,TX,,,,TX,,Foreclosure Sale,FRCL,2026-10-06,FRCL-2026-5306,,85,Foreclosure auction scheduled; Pre-foreclosure; New this week,Harris County Clerk,https://www.cclerk.hctx.net/applications/websearch/FRCL_R.aspx
,,,,TX,,,,TX,,Foreclosure Sale,FRCL,2026-10-06,FRCL-2026-5307,,85,Foreclosure auction scheduled; Pre-foreclosure; New this week,Harris County Clerk,https://www.cclerk.hctx.net/applications/websearch/FRCL_R.aspx
,,,,TX,,,,TX,,Foreclosure Sale,FRCL,2026-10-06,FRCL-2026-5308,,85,Foreclosure auction scheduled; Pre-foreclosure; New this week,Harris County Clerk,https://www.cclerk.hctx.net/applications/websearch/FRCL_R.aspx
,,,,TX,,,,TX,,Foreclosure Sale,FRCL,2026-10-06,FRCL-2026-5318,,85,Foreclosure auction scheduled; Pre-foreclosure; New this week,Harris County Clerk,https://www.cclerk.hctx.net/applications/websearch/FRCL_R.aspx
,,,,TX,,,,TX,,Foreclosure Sale,FRCL,2026-10-06,FRCL-2026-5319,,85,Foreclosure auction scheduled; Pre-foreclosure; New this week,Harris County Clerk,https://www.cclerk.hctx.net/applications/websearch/FRCL_R.aspx
,,,,TX,,,,TX,,Foreclosure Sale,FRCL,2026-10-06,FRCL-2026-5320,,85,Foreclosure auction scheduled; Pre-foreclosure; New this week,Harris County Clerk,https://www.cclerk.hctx.net/applications/websearch/FRCL_R.aspx
,,,,TX,,,,TX,,Foreclosure Sale,FRCL,2026-10-06,FRCL-2026-5321,,85,Foreclosure auction scheduled; Pre-foreclosure; New this week,Harris County Clerk,https://www.cclerk.hctx.net/applications/websearch/FRCL_R.aspx
,,,,TX,,,,TX,,Foreclosure Sale,FRCL,2026-10-06,FRCL-2026-5322,,85,Foreclosure auction scheduled; Pre-foreclosure; New this week,Harris County Clerk,https://www.cclerk.hctx.net/applications/websearch/FRCL_R.aspx
,,,,TX,,,,TX,,Foreclosure Sale,FRCL,2026-10-06,FRCL-2026-5323,,85,Foreclosure auction scheduled; Pre-foreclosure; New this week,Harris County Clerk,https://www.cclerk.hctx.net/applications/websearch/FRCL_R.aspx
,,,,TX,,,,TX,,Foreclosure Sale,FRCL,2026-10-06,FRCL-2026-5324,,85,Foreclosure auction scheduled; Pre-foreclosure; New this week,Harris County Clerk,https://www.cclerk.hctx.net/applications/websearch/FRCL_R.aspx
,,,,TX,,,,TX,,Foreclosure Sale,FRCL,2026-10-06,FRCL-2026-5325,,85,Foreclosure auction scheduled; Pre-foreclosure; New this week,Harris County Clerk,https://www.cclerk.hctx.net/applications/websearch/FRCL_R.aspx
,,,,TX,,,,TX,,Foreclosure Sale,FRCL,2026-10-06,FRCL-2026-5326,,85,Foreclosure auction scheduled; Pre-foreclosure; New this week,Harris County Clerk,https://www.cclerk.hctx.net/applications/websearch/FRCL_R.aspx
,,,,TX,,,,TX,,Foreclosure Sale,FRCL,2026-10-06,FRCL-2026-5327,,85,Foreclosure auction scheduled; Pre-foreclosure; New this week,Harris County Clerk,https://www.cclerk.hctx.net/applications/websearch/FRCL_R.aspx
,,,,TX,,,,TX,,Foreclosure Sale,FRCL,2026-10-06,FRCL-2026-5328,,85,Foreclosure auction scheduled; Pre-foreclosure; New this week,Harris County Clerk,https://www.cclerk.hctx.net/applications/websearch/FRCL_R.aspx
,,,,TX,,,,TX,,Foreclosure Sale,FRCL,2026-10-06,FRCL-2026-5346,,85,Foreclosure auction scheduled; Pre-foreclosure; New this week,Harris County Clerk,https://www.cclerk.hctx.net/applications/websearch/FRCL_R.aspx
,,,,TX,,,,TX,,Foreclosure Sale,FRCL,2026-10-06,FRCL-2026-5349,,85,Foreclosure auction scheduled; Pre-foreclosure; New this week,Harris County Clerk,https://www.cclerk.hctx.net/applications/websearch/FRCL_R.aspx
,,,,TX,,,,TX,,Foreclosure Sale,FRCL,2026-10-06,FRCL-2026-5334,,85,Foreclosure auction scheduled; Pre-foreclosure; New this week,Harris County Clerk,https://www.cclerk.hctx.net/applications/websearch/FRCL_R.aspx
,,,,TX,,,,TX,,Foreclosure Sale,FRCL,2026-10-06,FRCL-2026-5341,,85,Foreclosure auction scheduled; Pre-foreclosure; New this week,Harris County Clerk,https://www.cclerk.hctx.net/applications/websearch/FRCL_R.aspx
,,,,TX,,,,TX,,Foreclosure Sale,FRCL,2026-10-06,FRCL-2026-5329,,85,Foreclosure auction scheduled; Pre-foreclosure; New this week,Harris County Clerk,https://www.cclerk.hctx.net/applications/websearch/FRCL_R.aspx
,,,,TX,,,,TX,,Foreclosure Sale,FRCL,2026-10-06,FRCL-2026-5359,,85,Foreclosure auction scheduled; Pre-foreclosure; New this week,Harris County Clerk,https://www.cclerk.hctx.net/applications/websearch/FRCL_R.aspx
,,,,TX,,,,TX,,Foreclosure Sale,FRCL,2026-10-06,FRCL-2026-5360,,85,Foreclosure auction scheduled; Pre-foreclosure; New this week,Harris County Clerk,https://www.cclerk.hctx.net/applications/websearch/FRCL_R.aspx
,,,,TX,,,,TX,,Foreclosure Sale,FRCL,2026-10-06,FRCL-2026-5361,,85,Foreclosure auction scheduled; Pre-foreclosure; New this week,Harris County Clerk,https://www.cclerk.hctx.net/applications/websearch/FRCL_R.aspx
,,,,TX,,,,TX,,Foreclosure Sale,FRCL,2026-10-06,FRCL-2026-5362,,85,Foreclosure auction scheduled; Pre-foreclosure; New this week,Harris County Clerk,https://www.cclerk.hctx.net/applications/websearch/FRCL_R.aspx
,,,,TX,,,,TX,,Foreclosure Sale,FRCL,2026-10-06,FRCL-2026-5363,,85,Foreclosure auction scheduled; Pre-foreclosure; New this week,Harris County Clerk,https://www.cclerk.hctx.net/applications/websearch/FRCL_R.aspx
,,,,TX,,,,TX,,Foreclosure Sale,FRCL,2026-10-06,FRCL-2026-5364,,85,Foreclosure auction scheduled; Pre-foreclosure; New this week,Harris County Clerk,https://www.cclerk.hctx.net/applications/websearch/FRCL_R.aspx
,,,,TX,,,,TX,,Foreclosure Sale,FRCL,2026-10-06,FRCL-2026-5365,,85,Foreclosure auction scheduled; Pre-foreclosure; New this week,Harris County Clerk,https://www.cclerk.hctx.net/applications/websearch/FRCL_R.aspx
,,,,TX,,,,TX,,Foreclosure Sale,FRCL,2026-10-06,FRCL-2026-5366,,85,Foreclosure auction scheduled; Pre-foreclosure; New this week,Harris County Clerk,https://www.cclerk.hctx.net/applications/websearch/FRCL_R.aspx
,,,,TX,,,,TX,,Foreclosure Sale,FRCL,2026-10-06,FRCL-2026-5367,,85,Foreclosure auction scheduled; Pre-foreclosure; New this week,Harris County Clerk,https://www.cclerk.hctx.net/applications/websearch/FRCL_R.aspx
,,,,TX,,,,TX,,Foreclosure Sale,FRCL,2026-10-06,FRCL-2026-5368,,85,Foreclosure auction scheduled; Pre-foreclosure; New this week,Harris County Clerk,https://www.cclerk.hctx.net/applications/websearch/FRCL_R.aspx
,,,,TX,,,,TX,,Foreclosure Sale,FRCL,2026-10-06,FRCL-2026-5369,,85,Foreclosure auction scheduled; Pre-foreclosure; New this week,Harris County Clerk,https://www.cclerk.hctx.net/applications/websearch/FRCL_R.aspx
,,,,TX,,,,TX,,Foreclosure Sale,FRCL,2026-10-06,FRCL-2026-5370,,85,Foreclosure auction scheduled; Pre-foreclosure; New this week,Harris County Clerk,https://www.cclerk.hctx.net/applications/websearch/FRCL_R.aspx
,,,,TX,,,,TX,,Foreclosure Sale,FRCL,2026-10-06,FRCL-2026-5371,,85,Foreclosure auction scheduled; Pre-foreclosure; New this week,Harris County Clerk,https://www.cclerk.hctx.net/applications/websearch/FRCL_R.aspx
,,,,TX,,,,TX,,Foreclosure Sale,FRCL,2026-10-06,FRCL-2026-5372,,85,Foreclosure auction scheduled; Pre-foreclosure; New this week,Harris County Clerk,https://www.cclerk.hctx.net/applications/websearch/FRCL_R.aspx
,,,,TX,,,,TX,,Foreclosure Sale,FRCL,2026-10-06,FRCL-2026-5373,,85,Foreclosure auction scheduled; Pre-foreclosure; New this week,Harris County Clerk,https://www.cclerk.hctx.net/applications/websearch/FRCL_R.aspx
,,,,TX,,,,TX,,Foreclosure Sale,FRCL,2026-10-06,FRCL-2026-5374,,85,Foreclosure auction scheduled; Pre-foreclosure; New this week,Harris County Clerk,https://www.cclerk.hctx.net/applications/websearch/FRCL_R.aspx
,,,,TX,,,,TX,,Foreclosure Sale,FRCL,2026-10-06,FRCL-2026-5402,,85,Foreclosure auction scheduled; Pre-foreclosure; New this week,Harris County Clerk,https://www.cclerk.hctx.net/applications/websearch/FRCL_R.aspx
,,,,TX,,,,TX,,Foreclosure Sale,FRCL,2026-10-06,FRCL-2026-5393,,85,Foreclosure auction scheduled; Pre-foreclosure; New this week,Harris County Clerk,https://www.cclerk.hctx.net/applications/websearch/FRCL_R.aspx
,,,,TX,,,,TX,,Foreclosure Sale,FRCL,2026-10-06,FRCL-2026-5394,,85,Foreclosure auction scheduled; Pre-foreclosure; New this week,Harris County Clerk,https://www.cclerk.hctx.net/applications/websearch/FRCL_R.aspx
,,,,TX,,,,TX,,Foreclosure Sale,FRCL,2026-10-06,FRCL-2026-5395,,85,Foreclosure auction scheduled; Pre-foreclosure; New this week,Harris County Clerk,https://www.cclerk.hctx.net/applications/websearch/FRCL_R.aspx
,,,,TX,,,,TX,,Foreclosure Sale,FRCL,2026-10-06,FRCL-2026-5396,,85,Foreclosure auction scheduled; Pre-foreclosure; New this week,Harris County Clerk,https://www.cclerk.hctx.net/applications/websearch/FRCL_R.aspx
,,,,TX,,,,TX,,Foreclosure Sale,FRCL,2026-10-06,FRCL-2026-5397,,85,Foreclosure auction scheduled; Pre-foreclosure; New this week,Harris County Clerk,https://www.cclerk.hctx.net/applications/websearch/FRCL_R.aspx
,,,,TX,,,,TX,,Foreclosure Sale,FRCL,2026-10-06,FRCL-2026-5398,,85,Foreclosure auction scheduled; Pre-foreclosure; New this week,Harris County Clerk,https://www.cclerk.hctx.net/applications/websearch/FRCL_R.aspx
,,,,TX,,,,TX,,Foreclosure Sale,FRCL,2026-10-06,FRCL-2026-5399,,85,Foreclosure auction scheduled; Pre-foreclosure; New this week,Harris County Clerk,https://www.cclerk.hctx.net/applications/websearch/FRCL_R.aspx
,,,,TX,,,,TX,,Foreclosure Sale,FRCL,2026-10-06,FRCL-2026-5400,,85,Foreclosure auction scheduled; Pre-foreclosure; New this week,Harris County Clerk,https://www.cclerk.hctx.net/applications/websearch/FRCL_R.aspx
,,,,TX,,,,TX,,Foreclosure Sale,FRCL,2026-10-06,FRCL-2026-5401,,85,Foreclosure auction scheduled; Pre-foreclosure; New this week,Harris County Clerk,https://www.cclerk.hctx.net/applications/websearch/FRCL_R.aspx
,,,,TX,,,,TX,,Foreclosure Sale,FRCL,2026-10-06,FRCL-2026-5404,,85,Foreclosure auction scheduled; Pre-foreclosure; New this week,Harris County Clerk,https://www.cclerk.hctx.net/applications/websearch/FRCL_R.aspx
,,,,TX,,,,TX,,Foreclosure Sale,FRCL,2026-10-06,FRCL-2026-5417,,85,Foreclosure auction scheduled; Pre-foreclosure; New this week,Harris County Clerk,https://www.cclerk.hctx.net/applications/websearch/FRCL_R.aspx
,,,,TX,,,,TX,,Foreclosure Sale,FRCL,2026-10-06,FRCL-2026-5418,,85,Foreclosure auction scheduled; Pre-foreclosure; New this week,Harris County Clerk,https://www.cclerk.hctx.net/applications/websearch/FRCL_R.aspx
,,,,TX,,,,TX,,Foreclosure Sale,FRCL,2026-10-06,FRCL-2026-5419,,85,Foreclosure auction scheduled; Pre-foreclosure; New this week,Harris County Clerk,https://www.cclerk.hctx.net/applications/websearch/FRCL_R.aspx
,,,,TX,,,,TX,,Foreclosure Sale,FRCL,2026-10-06,FRCL-2026-5420,,85,Foreclosure auction scheduled; Pre-foreclosure; New this week,Harris County Clerk,https://www.cclerk.hctx.net/applications/websearch/FRCL_R.aspx
,,,,TX,,,,TX,,Foreclosure Sale,FRCL,2026-10-06,FRCL-2026-5421,,85,Foreclosure auction scheduled; Pre-foreclosure; New this week,Harris County Clerk,https://www.cclerk.hctx.net/applications/websearch/FRCL_R.aspx
,,,,TX,,,,TX,,Foreclosure Sale,FRCL,2026-10-06,FRCL-2026-5426,,85,Foreclosure auction scheduled; Pre-foreclosure; New this week,Harris County Clerk,https://www.cclerk.hctx.net/applications/websearch/FRCL_R.aspx
,,,,TX,,,,TX,,Foreclosure Sale,FRCL,2026-10-06,FRCL-2026-5422,,85,Foreclosure auction scheduled; Pre-foreclosure; New this week,Harris County Clerk,https://www.cclerk.hctx.net/applications/websearch/FRCL_R.aspx
,,,,TX,,,,TX,,Foreclosure Sale,FRCL,2026-10-06,FRCL-2026-5428,,85,Foreclosure auction scheduled; Pre-foreclosure; New this week,Harris County Clerk,https://www.cclerk.hctx.net/applications/websearch/FRCL_R.aspx
,,,,TX,,,,TX,,Foreclosure Sale,FRCL,2026-10-06,FRCL-2026-5429,,85,Foreclosure auction scheduled; Pre-foreclosure; New this week,Harris County Clerk,https://www.cclerk.hctx.net/applications/websearch/FRCL_R.aspx
,,,,TX,,,,TX,,Foreclosure Sale,FRCL,2026-10-06,FRCL-2026-5432,,85,Foreclosure auction scheduled; Pre-foreclosure; New this week,Harris County Clerk,https://www.cclerk.hctx.net/applications/websearch/FRCL_R.aspx
,,,,TX,,,,TX,,Foreclosure Sale,FRCL,2026-10-06,FRCL-2026-5438,,85,Foreclosure auction scheduled; Pre-foreclosure; New this week,Harris County Clerk,https://www.cclerk.hctx.net/applications/websearch/FRCL_R.aspx
,,,,TX,,,,TX,,Foreclosure Sale,FRCL,2026-10-06,FRCL-2026-5440,,85,Foreclosure auction scheduled; Pre-foreclosure; New this week,Harris County Clerk,https://www.cclerk.hctx.net/applications/websearch/FRCL_R.aspx
,,,,TX,,,,TX,,Foreclosure Sale,FRCL,2026-10-06,FRCL-2026-5442,,85,Foreclosure auction scheduled; Pre-foreclosure; New this week,Harris County Clerk,https://www.cclerk.hctx.net/applications/websearch/FRCL_R.aspx
,,,,TX,,,,TX,,Foreclosure Sale,FRCL,2026-10-06,FRCL-2026-5454,,85,Foreclosure auction scheduled; Pre-foreclosure; New this week,Harris County Clerk,https://www.cclerk.hctx.net/applications/websearch/FRCL_R.aspx
,,,,TX,,,,TX,,Foreclosure Sale,FRCL,2026-10-06,FRCL-2026-5455,,85,Foreclosure auction scheduled; Pre-foreclosure; New this week,Harris County Clerk,https://www.cclerk.hctx.net/applications/websearch/FRCL_R.aspx
,,,,TX,,,,TX,,Foreclosure Sale,FRCL,2026-10-06,FRCL-2026-5474,,85,Foreclosure auction scheduled; Pre-foreclosure; New this week,Harris County Clerk,https://www.cclerk.hctx.net/applications/websearch/FRCL_R.aspx
,,,,TX,,,,TX,,Foreclosure Sale,FRCL,2026-10-06,FRCL-2026-5475,,85,Foreclosure auction scheduled; Pre-foreclosure; New this week,Harris County Clerk,https://www.cclerk.hctx.net/applications/websearch/FRCL_R.aspx
,,,,TX,,,,TX,,Foreclosure Sale,FRCL,2026-10-06,FRCL-2026-5477,,85,Foreclosure auction scheduled; Pre-foreclosure; New this week,Harris County Clerk,https://www.cclerk.hctx.net/applications/websearch/FRCL_R.aspx
,,,,TX,,,,TX,,Foreclosure Sale,FRCL,2026-10-06,FRCL-2026-5478,,85,Foreclosure auction scheduled; Pre-foreclosure; New this week,Harris County Clerk,https://www.cclerk.hctx.net/applications/websearch/FRCL_R.aspx
,,,,TX,,,,TX,,Foreclosure Sale,FRCL,2026-10-06,FRCL-2026-5458,,85,Foreclosure auction scheduled; Pre-foreclosure; New this week,Harris County Clerk,https://www.cclerk.hctx.net/applications/websearch/FRCL_R.aspx
,,,,TX,,,,TX,,Foreclosure Sale,FRCL,2026-10-06,FRCL-2026-5459,,85,Foreclosure auction scheduled; Pre-foreclosure; New this week,Harris County Clerk,https://www.cclerk.hctx.net/applications/websearch/FRCL_R.aspx
,,,,TX,,,,TX,,Foreclosure Sale,FRCL,2026-10-06,FRCL-2026-5460,,85,Foreclosure auction scheduled; Pre-foreclosure; New this week,Harris County Clerk,https://www.cclerk.hctx.net/applications/websearch/FRCL_R.aspx
,,,,TX,,,,TX,,Foreclosure Sale,FRCL,2026-10-06,FRCL-2026-5531,,85,Foreclosure auction scheduled; Pre-foreclosure; New this week,Harris County Clerk,https://www.cclerk.hctx.net/applications/websearch/FRCL_R.aspx
,,,,TX,,,,TX,,Foreclosure Sale,FRCL,2026-10-06,FRCL-2026-5532,,85,Foreclosure auction scheduled; Pre-foreclosure; New this week,Harris County Clerk,https://www.cclerk.hctx.net/applications/websearch/FRCL_R.aspx
,,,,TX,,,,TX,,Foreclosure Sale,FRCL,2026-10-06,FRCL-2026-5533,,85,Foreclosure auction scheduled; Pre-foreclosure; New this week,Harris County Clerk,https://www.cclerk.hctx.net/applications/websearch/FRCL_R.aspx
,,,,TX,,,,TX,,Foreclosure Sale,FRCL,2026-10-06,FRCL-2026-5534,,85,Foreclosure auction scheduled; Pre-foreclosure; New this week,Harris County Clerk,https://www.cclerk.hctx.net/applications/websearch/FRCL_R.aspx
,,,,TX,,,,TX,,Foreclosure Sale,FRCL,2026-10-06,FRCL-2026-5535,,85,Foreclosure auction scheduled; Pre-foreclosure; New this week,Harris County Clerk,https://www.cclerk.hctx.net/applications/websearch/FRCL_R.aspx
,,,,TX,,,,TX,,Foreclosure Sale,FRCL,2026-10-06,FRCL-2026-5536,,85,Foreclosure auction scheduled; Pre-foreclosure; New this week,Harris County Clerk,https://www.cclerk.hctx.net/applications/websearch/FRCL_R.aspx
,,,,TX,,,,TX,,Foreclosure Sale,FRCL,2026-10-06,FRCL-2026-5491,,85,Foreclosure auction scheduled; Pre-foreclosure; New this week,Harris County Clerk,https://www.cclerk.hctx.net/applications/websearch/FRCL_R.aspx
,,,,TX,,,,TX,,Foreclosure Sale,FRCL,2026-10-06,FRCL-2026-5492,,85,Foreclosure auction scheduled; Pre-foreclosure; New this week,Harris County Clerk,https://www.cclerk.hctx.net/applications/websearch/FRCL_R.aspx
,,,,TX,,,,TX,,Foreclosure Sale,FRCL,2026-10-06,FRCL-2026-5493,,85,Foreclosure auction scheduled; Pre-foreclosure; New this week,Harris County Clerk,https://www.cclerk.hctx.net/applications/websearch/FRCL_R.aspx
,,,,TX,,,,TX,,Foreclosure Sale,FRCL,2026-10-06,FRCL-2026-5494,,85,Foreclosure auction scheduled; Pre-foreclosure; New this week,Harris County Clerk,https://www.cclerk.hctx.net/applications/websearch/FRCL_R.aspx
,,,,TX,,,,TX,,Foreclosure Sale,FRCL,2026-10-06,FRCL-2026-5495,,85,Foreclosure auction scheduled; Pre-foreclosure; New this week,Harris County Clerk,https://www.cclerk.hctx.net/applications/websearch/FRCL_R.aspx
,,,,TX,,,,TX,,Foreclosure Sale,FRCL,2026-10-06,FRCL-2026-5496,,85,Foreclosure auction scheduled; Pre-foreclosure; New this week,Harris County Clerk,https://www.cclerk.hctx.net/applications/websearch/FRCL_R.aspx
,,,,TX,,,,TX,,Foreclosure Sale,FRCL,2026-10-06,FRCL-2026-5497,,85,Foreclosure auction scheduled; Pre-foreclosure; New this week,Harris County Clerk,https://www.cclerk.hctx.net/applications/websearch/FRCL_R.aspx
,,,,TX,,,,TX,,Foreclosure Sale,FRCL,2026-10-06,FRCL-2026-5498,,85,Foreclosure auction scheduled; Pre-foreclosure; New this week,Harris County Clerk,https://www.cclerk.hctx.net/applications/websearch/FRCL_R.aspx
,,,,TX,,,,TX,,Foreclosure Sale,FRCL,2026-10-06,FRCL-2026-5499,,85,Foreclosure auction scheduled; Pre-foreclosure; New this week,Harris County Clerk,https://www.cclerk.hctx.net/applications/websearch/FRCL_R.aspx
,,,,TX,,,,TX,,Foreclosure Sale,FRCL,2026-10-06,FRCL-2026-5500,,85,Foreclosure auction scheduled; Pre-foreclosure; New this week,Harris County Clerk,https://www.cclerk.hctx.net/applications/websearch/FRCL_R.aspx
,,,,TX,,,,TX,,Foreclosure Sale,FRCL,2026-10-06,FRCL-2026-5501,,85,Foreclosure auction scheduled; Pre-foreclosure; New this week,Harris County Clerk,https://www.cclerk.hctx.net/applications/websearch/FRCL_R.aspx
,,,,TX,,,,TX,,Foreclosure Sale,FRCL,2026-10-06,FRCL-2026-5502,,85,Foreclosure auction scheduled; Pre-foreclosure; New this week,Harris County Clerk,https://www.cclerk.hctx.net/applications/websearch/FRCL_R.aspx
,,,,TX,,,,TX,,Foreclosure Sale,FRCL,2026-10-06,FRCL-2026-5503,,85,Foreclosure auction scheduled; Pre-foreclosure; New this week,Harris County Clerk,https://www.cclerk.hctx.net/applications/websearch/FRCL_R.aspx
,,,,TX,,,,TX,,Foreclosure Sale,FRCL,2026-10-06,FRCL-2026-5504,,85,Foreclosure auction scheduled; Pre-foreclosure; New this week,Harris County Clerk,https://www.cclerk.hctx.net/applications/websearch/FRCL_R.aspx
,,,,TX,,,,TX,,Foreclosure Sale,FRCL,2026-10-06,FRCL-2026-5505,,85,Foreclosure auction scheduled; Pre-foreclosure; New this week,Harris County Clerk,https://www.cclerk.hctx.net/applications/websearch/FRCL_R.aspx
,,,,TX,,,,TX,,Foreclosure Sale,FRCL,2026-10-06,FRCL-2026-5506,,85,Foreclosure auction scheduled; Pre-foreclosure; New this week,Harris County Clerk,https://www.cclerk.hctx.net/applications/websearch/FRCL_R.aspx
,,,,TX,,,,TX,,Foreclosure Sale,FRCL,2026-10-06,FRCL-2026-5507,,85,Foreclosure auction scheduled; Pre-foreclosure; New this week,Harris County Clerk,https://www.cclerk.hctx.net/applications/websearch/FRCL_R.aspx
,,,,TX,,,,TX,,Foreclosure Sale,FRCL,2026-10-06,FRCL-2026-5539,,85,Foreclosure auction scheduled; Pre-foreclosure; New this week,Harris County Clerk,https://www.cclerk.hctx.net/applications/websearch/FRCL_R.aspx
,,,,TX,,,,TX,,Foreclosure Sale,FRCL,2026-10-06,FRCL-2026-5542,,85,Foreclosure auction scheduled; Pre-foreclosure; New this week,Harris County Clerk,https://www.cclerk.hctx.net/applications/websearch/FRCL_R.aspx
,,,,TX,,,,TX,,Foreclosure Sale,FRCL,2026-10-06,FRCL-2026-5555,,85,Foreclosure auction scheduled; Pre-foreclosure; New this week,Harris County Clerk,https://www.cclerk.hctx.net/applications/websearch/FRCL_R.aspx
,,,,TX,,,,TX,,Foreclosure Sale,FRCL,2026-10-06,FRCL-2026-5556,,85,Foreclosure auction scheduled; Pre-foreclosure; New this week,Harris County Clerk,https://www.cclerk.hctx.net/applications/websearch/FRCL_R.aspx
,,,,TX,,,,TX,,Foreclosure Sale,FRCL,2026-10-06,FRCL-2026-5557,,85,Foreclosure auction scheduled; Pre-foreclosure; New this week,Harris County Clerk,https://www.cclerk.hctx.net/applications/websearch/FRCL_R.aspx
,,,,TX,,,,TX,,Foreclosure Sale,FRCL,2026-10-06,FRCL-2026-5558,,85,Foreclosure auction scheduled; Pre-foreclosure; New this week,Harris County Clerk,https://www.cclerk.hctx.net/applications/websearch/FRCL_R.aspx
,,,,TX,,,,TX,,Foreclosure Sale,FRCL,2026-10-06,FRCL-2026-5559,,85,Foreclosure auction scheduled; Pre-foreclosure; New this week,Harris County Clerk,https://www.cclerk.hctx.net/applications/websearch/FRCL_R.aspx
,,,,TX,,,,TX,,Foreclosure Sale,FRCL,2026-10-06,FRCL-2026-5560,,85,Foreclosure auction scheduled; Pre-foreclosure; New this week,Harris County Clerk,https://www.cclerk.hctx.net/applications/websearch/FRCL_R.aspx
,,,,TX,,,,TX,,Foreclosure Sale,FRCL,2026-10-06,FRCL-2026-5561,,85,Foreclosure auction scheduled; Pre-foreclosure; New this week,Harris County Clerk,https://www.cclerk.hctx.net/applications/websearch/FRCL_R.aspx
,,,,TX,,,,TX,,Foreclosure Sale,FRCL,2026-10-06,FRCL-2026-5562,,85,Foreclosure auction scheduled; Pre-foreclosure; New this week,Harris County Clerk,https://www.cclerk.hctx.net/applications/websearch/FRCL_R.aspx
,,,,TX,,,,TX,,Foreclosure Sale,FRCL,2026-10-06,FRCL-2026-5564,,85,Foreclosure auction scheduled; Pre-foreclosure; New this week,Harris County Clerk,https://www.cclerk.hctx.net/applications/websearch/FRCL_R.aspx
,,,,TX,,,,TX,,Foreclosure Sale,FRCL,2026-10-06,FRCL-2026-5581,,85,Foreclosure auction scheduled; Pre-foreclosure; New this week,Harris County Clerk,https://www.cclerk.hctx.net/applications/websearch/FRCL_R.aspx
,,,,TX,,,,TX,,Foreclosure Sale,FRCL,2026-10-06,FRCL-2026-5582,,85,Foreclosure auction scheduled; Pre-foreclosure; New this week,Harris County Clerk,https://www.cclerk.hctx.net/applications/websearch/FRCL_R.aspx
,,,,TX,,,,TX,,Foreclosure Sale,FRCL,2026-10-06,FRCL-2026-5583,,85,Foreclosure auction scheduled; Pre-foreclosure; New this week,Harris County Clerk,https://www.cclerk.hctx.net/applications/websearch/FRCL_R.aspx
,,,,TX,,,,TX,,Foreclosure Sale,FRCL,2026-10-06,FRCL-2026-5584,,85,Foreclosure auction scheduled; Pre-foreclosure; New this week,Harris County Clerk,https://www.cclerk.hctx.net/applications/websearch/FRCL_R.aspx
,,,,TX,,,,TX,,Foreclosure Sale,FRCL,2026-10-06,FRCL-2026-5585,,85,Foreclosure auction scheduled; Pre-foreclosure; New this week,Harris County Clerk,https://www.cclerk.hctx.net/applications/websearch/FRCL_R.aspx
,,,,TX,,,,TX,,Foreclosure Sale,FRCL,2026-10-06,FRCL-2026-5589,,85,Foreclosure auction scheduled; Pre-foreclosure; New this week,Harris County Clerk,https://www.cclerk.hctx.net/applications/websearch/FRCL_R.aspx
,,,,TX,,,,TX,,Foreclosure Sale,FRCL,2026-10-06,FRCL-2026-5590,,85,Foreclosure auction scheduled; Pre-foreclosure; New this week,Harris County Clerk,https://www.cclerk.hctx.net/applications/websearch/FRCL_R.aspx
,,,,TX,,,,TX,,Foreclosure Sale,FRCL,2026-10-06,FRCL-2026-5593,,85,Foreclosure auction scheduled; Pre-foreclosure; New this week,Harris County Clerk,https://www.cclerk.hctx.net/applications/websearch/FRCL_R.aspx
,,,,TX,,,,TX,,Foreclosure Sale,FRCL,2026-10-06,FRCL-2026-5611,,85,Foreclosure auction scheduled; Pre-foreclosure; New this week,Harris County Clerk,https://www.cclerk.hctx.net/applications/websearch/FRCL_R.aspx
,,,,TX,,,,TX,,Foreclosure Sale,FRCL,2026-10-06,FRCL-2026-5617,,85,Foreclosure auction scheduled; Pre-foreclosure; New this week,Harris County Clerk,https://www.cclerk.hctx.net/applications/websearch/FRCL_R.aspx
,,,,TX,,,,TX,,Foreclosure Sale,FRCL,2026-10-06,FRCL-2026-5618,,85,Foreclosure auction scheduled; Pre-foreclosure; New this week,Harris County Clerk,https://www.cclerk.hctx.net/applications/websearch/FRCL_R.aspx
,,,,TX,,,,TX,,Foreclosure Sale,FRCL,2026-10-06,FRCL-2026-5619,,85,Foreclosure auction scheduled; Pre-foreclosure; New this week,Harris County Clerk,https://www.cclerk.hctx.net/applications/websearch/FRCL_R.aspx
,,,,TX,,,,TX,,Foreclosure Sale,FRCL,2026-10-06,FRCL-2026-5620,,85,Foreclosure auction scheduled; Pre-foreclosure; New this week,Harris County Clerk,https://www.cclerk.hctx.net/applications/websearch/FRCL_R.aspx
,,,,TX,,,,TX,,Foreclosure Sale,FRCL,2026-10-06,FRCL-2026-5621,,85,Foreclosure auction scheduled; Pre-foreclosure; New this week,Harris County Clerk,https://www.cclerk.hctx.net/applications/websearch/FRCL_R.aspx
,,,,TX,,,,TX,,Foreclosure Sale,FRCL,2026-10-06,FRCL-2026-5622,,85,Foreclosure auction scheduled; Pre-foreclosure; New this week,Harris County Clerk,https://www.cclerk.hctx.net/applications/websearch/FRCL_R.aspx
,,,,TX,,,,TX,,Foreclosure Sale,FRCL,2026-10-06,FRCL-2026-5623,,85,Foreclosure auction scheduled; Pre-foreclosure; New this week,Harris County Clerk,https://www.cclerk.hctx.net/applications/websearch/FRCL_R.aspx
,,,,TX,,,,TX,,Foreclosure Sale,FRCL,2026-10-06,FRCL-2026-5624,,85,Foreclosure auction scheduled; Pre-foreclosure; New this week,Harris County Clerk,https://www.cclerk.hctx.net/applications/websearch/FRCL_R.aspx
,,,,TX,,,,TX,,Foreclosure Sale,FRCL,2026-10-06,FRCL-2026-5625,,85,Foreclosure auction scheduled; Pre-foreclosure; New this week,Harris County Clerk,https://www.cclerk.hctx.net/applications/websearch/FRCL_R.aspx
,,,,TX,,,,TX,,Foreclosure Sale,FRCL,2026-10-06,FRCL-2026-5626,,85,Foreclosure auction scheduled; Pre-foreclosure; New this week,Harris County Clerk,https://www.cclerk.hctx.net/applications/websearch/FRCL_R.aspx
,,,,TX,,,,TX,,Foreclosure Sale,FRCL,2026-10-06,FRCL-2026-5627,,85,Foreclosure auction scheduled; Pre-foreclosure; New this week,Harris County Clerk,https://www.cclerk.hctx.net/applications/websearch/FRCL_R.aspx
,,,,TX,,,,TX,,Foreclosure Sale,FRCL,2026-10-06,FRCL-2026-5628,,85,Foreclosure auction scheduled; Pre-foreclosure; New this week,Harris County Clerk,https://www.cclerk.hctx.net/applications/websearch/FRCL_R.aspx
,,,,TX,,,,TX,,Foreclosure Sale,FRCL,2026-10-06,FRCL-2026-5629,,85,Foreclosure auction scheduled; Pre-foreclosure; New this week,Harris County Clerk,https://www.cclerk.hctx.net/applications/websearch/FRCL_R.aspx
,,,,TX,,,,TX,,Foreclosure Sale,FRCL,2026-10-06,FRCL-2026-5630,,85,Foreclosure auction scheduled; Pre-foreclosure; New this week,Harris County Clerk,https://www.cclerk.hctx.net/applications/websearch/FRCL_R.aspx
,,,,TX,,,,TX,,Foreclosure Sale,FRCL,2026-10-06,FRCL-2026-5631,,85,Foreclosure auction scheduled; Pre-foreclosure; New this week,Harris County Clerk,https://www.cclerk.hctx.net/applications/websearch/FRCL_R.aspx
,,,,TX,,,,TX,,Foreclosure Sale,FRCL,2026-10-06,FRCL-2026-5632,,85,Foreclosure auction scheduled; Pre-foreclosure; New this week,Harris County Clerk,https://www.cclerk.hctx.net/applications/websearch/FRCL_R.aspx
,,,,TX,,,,TX,,Foreclosure Sale,FRCL,2026-10-06,FRCL-2026-5643,,85,Foreclosure auction scheduled; Pre-foreclosure; New this week,Harris County Clerk,https://www.cclerk.hctx.net/applications/websearch/FRCL_R.aspx
,,,,TX,,,,TX,,Foreclosure Sale,FRCL,2026-10-06,FRCL-2026-5635,,85,Foreclosure auction scheduled; Pre-foreclosure; New this week,Harris County Clerk,https://www.cclerk.hctx.net/applications/websearch/FRCL_R.aspx
,,,,TX,,,,TX,,Foreclosure Sale,FRCL,2026-10-06,FRCL-2026-5638,,85,Foreclosure auction scheduled; Pre-foreclosure; New this week,Harris County Clerk,https://www.cclerk.hctx.net/applications/websearch/FRCL_R.aspx
,,,,TX,,,,TX,,Foreclosure Sale,FRCL,2026-10-06,FRCL-2026-5639,,85,Foreclosure auction scheduled; Pre-foreclosure; New this week,Harris County Clerk,https://www.cclerk.hctx.net/applications/websearch/FRCL_R.aspx
,,,,TX,,,,TX,,Foreclosure Sale,FRCL,2026-10-06,FRCL-2026-5640,,85,Foreclosure auction scheduled; Pre-foreclosure; New this week,Harris County Clerk,https://www.cclerk.hctx.net/applications/websearch/FRCL_R.aspx
,,,,TX,,,,TX,,Foreclosure Sale,FRCL,2026-10-06,FRCL-2026-5641,,85,Foreclosure auction scheduled; Pre-foreclosure; New this week,Harris County Clerk,https://www.cclerk.hctx.net/applications/websearch/FRCL_R.aspx
,,,,TX,,,,TX,,Foreclosure Sale,FRCL,2026-10-06,FRCL-2026-5642,,85,Foreclosure auction scheduled; Pre-foreclosure; New this week,Harris County Clerk,https://www.cclerk.hctx.net/applications/websearch/FRCL_R.aspx
,,,,TX,,,,TX,,Foreclosure Sale,FRCL,2026-10-06,FRCL-2026-5684,,85,Foreclosure auction scheduled; Pre-foreclosure; New this week,Harris County Clerk,https://www.cclerk.hctx.net/applications/websearch/FRCL_R.aspx
,,,,TX,,,,TX,,Foreclosure Sale,FRCL,2026-10-06,FRCL-2026-5685,,85,Foreclosure auction scheduled; Pre-foreclosure; New this week,Harris County Clerk,https://www.cclerk.hctx.net/applications/websearch/FRCL_R.aspx
,,,,TX,,,,TX,,Foreclosure Sale,FRCL,2026-10-06,FRCL-2026-5686,,85,Foreclosure auction scheduled; Pre-foreclosure; New this week,Harris County Clerk,https://www.cclerk.hctx.net/applications/websearch/FRCL_R.aspx
,,,,TX,,,,TX,,Foreclosure Sale,FRCL,2026-10-06,FRCL-2026-5687,,85,Foreclosure auction scheduled; Pre-foreclosure; New this week,Harris County Clerk,https://www.cclerk.hctx.net/applications/websearch/FRCL_R.aspx
,,,,TX,,,,TX,,Foreclosure Sale,FRCL,2026-10-06,FRCL-2026-5652,,85,Foreclosure auction scheduled; Pre-foreclosure; New this week,Harris County Clerk,https://www.cclerk.hctx.net/applications/websearch/FRCL_R.aspx
,,,,TX,,,,TX,,Foreclosure Sale,FRCL,2026-10-06,FRCL-2026-5653,,85,Foreclosure auction scheduled; Pre-foreclosure; New this week,Harris County Clerk,https://www.cclerk.hctx.net/applications/websearch/FRCL_R.aspx
,,,,TX,,,,TX,,Foreclosure Sale,FRCL,2026-10-06,FRCL-2026-5692,,85,Foreclosure auction scheduled; Pre-foreclosure; New this week,Harris County Clerk,https://www.cclerk.hctx.net/applications/websearch/FRCL_R.aspx
,,,,TX,,,,TX,,Foreclosure Sale,FRCL,2026-10-06,FRCL-2026-5693,,85,Foreclosure auction scheduled; Pre-foreclosure; New this week,Harris County Clerk,https://www.cclerk.hctx.net/applications/websearch/FRCL_R.aspx
,,,,TX,,,,TX,,Foreclosure Sale,FRCL,2026-10-06,FRCL-2026-5660,,85,Foreclosure auction scheduled; Pre-foreclosure; New this week,Harris County Clerk,https://www.cclerk.hctx.net/applications/websearch/FRCL_R.aspx
,,,,TX,,,,TX,,Foreclosure Sale,FRCL,2026-10-06,FRCL-2026-5661,,85,Foreclosure auction scheduled; Pre-foreclosure; New this week,Harris County Clerk,https://www.cclerk.hctx.net/applications/websearch/FRCL_R.aspx
,,,,TX,,,,TX,,Foreclosure Sale,FRCL,2026-10-06,FRCL-2026-5662,,85,Foreclosure auction scheduled; Pre-foreclosure; New this week,Harris County Clerk,https://www.cclerk.hctx.net/applications/websearch/FRCL_R.aspx
,,,,TX,,,,TX,,Foreclosure Sale,FRCL,2026-10-06,FRCL-2026-5663,,85,Foreclosure auction scheduled; Pre-foreclosure; New this week,Harris County Clerk,https://www.cclerk.hctx.net/applications/websearch/FRCL_R.aspx
,,,,TX,,,,TX,,Foreclosure Sale,FRCL,2026-10-06,FRCL-2026-5664,,85,Foreclosure auction scheduled; Pre-foreclosure; New this week,Harris County Clerk,https://www.cclerk.hctx.net/applications/websearch/FRCL_R.aspx
,,,,TX,,,,TX,,Foreclosure Sale,FRCL,2026-10-06,FRCL-2026-5665,,85,Foreclosure auction scheduled; Pre-foreclosure; New this week,Harris County Clerk,https://www.cclerk.hctx.net/applications/websearch/FRCL_R.aspx
,,,,TX,,,,TX,,Foreclosure Sale,FRCL,2026-10-06,FRCL-2026-5666,,85,Foreclosure auction scheduled; Pre-foreclosure; New this week,Harris County Clerk,https://www.cclerk.hctx.net/applications/websearch/FRCL_R.aspx
,,,,TX,,,,TX,,Foreclosure Sale,FRCL,2026-10-06,FRCL-2026-5667,,85,Foreclosure auction scheduled; Pre-foreclosure; New this week,Harris County Clerk,https://www.cclerk.hctx.net/applications/websearch/FRCL_R.aspx
,,,,TX,,,,TX,,Foreclosure Sale,FRCL,2026-10-06,FRCL-2026-5668,,85,Foreclosure auction scheduled; Pre-foreclosure; New this week,Harris County Clerk,https://www.cclerk.hctx.net/applications/websearch/FRCL_R.aspx
,,,,TX,,,,TX,,Foreclosure Sale,FRCL,2026-10-06,FRCL-2026-5669,,85,Foreclosure auction scheduled; Pre-foreclosure; New this week,Harris County Clerk,https://www.cclerk.hctx.net/applications/websearch/FRCL_R.aspx
,,,,TX,,,,TX,,Foreclosure Sale,FRCL,2026-10-06,FRCL-2026-5670,,85,Foreclosure auction scheduled; Pre-foreclosure; New this week,Harris County Clerk,https://www.cclerk.hctx.net/applications/websearch/FRCL_R.aspx
,,,,TX,,,,TX,,Foreclosure Sale,FRCL,2026-10-06,FRCL-2026-5671,,85,Foreclosure auction scheduled; Pre-foreclosure; New this week,Harris County Clerk,https://www.cclerk.hctx.net/applications/websearch/FRCL_R.aspx
,,,,TX,,,,TX,,Foreclosure Sale,FRCL,2026-10-06,FRCL-2026-5672,,85,Foreclosure auction scheduled; Pre-foreclosure; New this week,Harris County Clerk,https://www.cclerk.hctx.net/applications/websearch/FRCL_R.aspx
,,,,TX,,,,TX,,Foreclosure Sale,FRCL,2026-10-06,FRCL-2026-5673,,85,Foreclosure auction scheduled; Pre-foreclosure; New this week,Harris County Clerk,https://www.cclerk.hctx.net/applications/websearch/FRCL_R.aspx
,,,,TX,,,,TX,,Foreclosure Sale,FRCL,2026-10-06,FRCL-2026-5674,,85,Foreclosure auction scheduled; Pre-foreclosure; New this week,Harris County Clerk,https://www.cclerk.hctx.net/applications/websearch/FRCL_R.aspx
,,,,TX,,,,TX,,Foreclosure Sale,FRCL,2026-10-06,FRCL-2026-5675,,85,Foreclosure auction scheduled; Pre-foreclosure; New this week,Harris County Clerk,https://www.cclerk.hctx.net/applications/websearch/FRCL_R.aspx
,,,,TX,,,,TX,,Foreclosure Sale,FRCL,2026-10-06,FRCL-2026-5676,,85,Foreclosure auction scheduled; Pre-foreclosure; New this week,Harris County Clerk,https://www.cclerk.hctx.net/applications/websearch/FRCL_R.aspx
,,,,TX,,,,TX,,Foreclosure Sale,FRCL,2026-10-06,FRCL-2026-5677,,85,Foreclosure auction scheduled; Pre-foreclosure; New this week,Harris County Clerk,https://www.cclerk.hctx.net/applications/websearch/FRCL_R.aspx
,,,,TX,,,,TX,,Foreclosure Sale,FRCL,2026-10-06,FRCL-2026-5678,,85,Foreclosure auction scheduled; Pre-foreclosure; New this week,Harris County Clerk,https://www.cclerk.hctx.net/applications/websearch/FRCL_R.aspx
,,,,TX,,,,TX,,Foreclosure Sale,FRCL,2026-10-06,FRCL-2026-5679,,85,Foreclosure auction scheduled; Pre-foreclosure; New this week,Harris County Clerk,https://www.cclerk.hctx.net/applications/websearch/FRCL_R.aspx
,,,,TX,,,,TX,,Foreclosure Sale,FRCL,2026-10-06,FRCL-2026-5711,,85,Foreclosure auction scheduled; Pre-foreclosure; New this week,Harris County Clerk,https://www.cclerk.hctx.net/applications/websearch/FRCL_R.aspx
,,,,TX,,,,TX,,Foreclosure Sale,FRCL,2026-10-06,FRCL-2026-5712,,85,Foreclosure auction scheduled; Pre-foreclosure; New this week,Harris County Clerk,https://www.cclerk.hctx.net/applications/websearch/FRCL_R.aspx
,,,,TX,,,,TX,,Foreclosure Sale,FRCL,2026-10-06,FRCL-2026-5713,,85,Foreclosure auction scheduled; Pre-foreclosure; New this week,Harris County Clerk,https://www.cclerk.hctx.net/applications/websearch/FRCL_R.aspx
,,,,TX,,,,TX,,Foreclosure Sale,FRCL,2026-10-06,FRCL-2026-5714,,85,Foreclosure auction scheduled; Pre-foreclosure; New this week,Harris County Clerk,https://www.cclerk.hctx.net/applications/websearch/FRCL_R.aspx
,,,,TX,,,,TX,,Foreclosure Sale,FRCL,2026-10-06,FRCL-2026-5715,,85,Foreclosure auction scheduled; Pre-foreclosure; New this week,Harris County Clerk,https://www.cclerk.hctx.net/applications/websearch/FRCL_R.aspx
,,,,TX,,,,TX,,Foreclosure Sale,FRCL,2026-10-06,FRCL-2026-5716,,85,Foreclosure auction scheduled; Pre-foreclosure; New this week,Harris County Clerk,https://www.cclerk.hctx.net/applications/websearch/FRCL_R.aspx
,,,,TX,,,,TX,,Foreclosure Sale,FRCL,2026-10-06,FRCL-2026-5717,,85,Foreclosure auction scheduled; Pre-foreclosure; New this week,Harris County Clerk,https://www.cclerk.hctx.net/applications/websearch/FRCL_R.aspx
,,,,TX,,,,TX,,Foreclosure Sale,FRCL,2026-10-06,FRCL-2026-5718,,85,Foreclosure auction scheduled; Pre-foreclosure; New this week,Harris County Clerk,https://www.cclerk.hctx.net/applications/websearch/FRCL_R.aspx
,,,,TX,,,,TX,,Foreclosure Sale,FRCL,2026-10-06,FRCL-2026-5701,,85,Foreclosure auction scheduled; Pre-foreclosure; New this week,Harris County Clerk,https://www.cclerk.hctx.net/applications/websearch/FRCL_R.aspx
,,,,TX,,,,TX,,Foreclosure Sale,FRCL,2026-10-06,FRCL-2026-5743,,85,Foreclosure auction scheduled; Pre-foreclosure; New this week,Harris County Clerk,https://www.cclerk.hctx.net/applications/websearch/FRCL_R.aspx
,,,,TX,,,,TX,,Foreclosure Sale,FRCL,2026-10-06,FRCL-2026-5799,,85,Foreclosure auction scheduled; Pre-foreclosure; New this week,Harris County Clerk,https://www.cclerk.hctx.net/applications/websearch/FRCL_R.aspx
,,,,TX,,,,TX,,Foreclosure Sale,FRCL,2026-10-06,FRCL-2026-5800,,85,Foreclosure auction scheduled; Pre-foreclosure; New this week,Harris County Clerk,https://www.cclerk.hctx.net/applications/websearch/FRCL_R.aspx
,,,,TX,,,,TX,,Foreclosure Sale,FRCL,2026-10-06,FRCL-2026-5801,,85,Foreclosure auction scheduled; Pre-foreclosure; New this week,Harris County Clerk,https://www.cclerk.hctx.net/applications/websearch/FRCL_R.aspx
,,,,TX,,,,TX,,Foreclosure Sale,FRCL,2026-10-06,FRCL-2026-5802,,85,Foreclosure auction scheduled; Pre-foreclosure; New this week,Harris County Clerk,https://www.cclerk.hctx.net/applications/websearch/FRCL_R.aspx
,,,,TX,,,,TX,,Foreclosure Sale,FRCL,2026-10-06,FRCL-2026-5758,,85,Foreclosure auction scheduled; Pre-foreclosure; New this week,Harris County Clerk,https://www.cclerk.hctx.net/applications/websearch/FRCL_R.aspx
,,,,TX,,,,TX,,Foreclosure Sale,FRCL,2026-10-06,FRCL-2026-5759,,85,Foreclosure auction scheduled; Pre-foreclosure; New this week,Harris County Clerk,https://www.cclerk.hctx.net/applications/websearch/FRCL_R.aspx
,,,,TX,,,,TX,,Foreclosure Sale,FRCL,2026-10-06,FRCL-2026-5781,,85,Foreclosure auction scheduled; Pre-foreclosure; New this week,Harris County Clerk,https://www.cclerk.hctx.net/applications/websearch/FRCL_R.aspx
,,,,TX,,,,TX,,Foreclosure Sale,FRCL,2026-10-06,FRCL-2026-5782,,85,Foreclosure auction scheduled; Pre-foreclosure; New this week,Harris County Clerk,https://www.cclerk.hctx.net/applications/websearch/FRCL_R.aspx
,,,,TX,,,,TX,,Foreclosure Sale,FRCL,2026-10-06,FRCL-2026-5783,,85,Foreclosure auction scheduled; Pre-foreclosure; New this week,Harris County Clerk,https://www.cclerk.hctx.net/applications/websearch/FRCL_R.aspx
,,,,TX,,,,TX,,Foreclosure Sale,FRCL,2026-10-06,FRCL-2026-5784,,85,Foreclosure auction scheduled; Pre-foreclosure; New this week,Harris County Clerk,https://www.cclerk.hctx.net/applications/websearch/FRCL_R.aspx
,,,,TX,,,,TX,,Foreclosure Sale,FRCL,2026-10-06,FRCL-2026-5785,,85,Foreclosure auction scheduled; Pre-foreclosure; New this week,Harris County Clerk,https://www.cclerk.hctx.net/applications/websearch/FRCL_R.aspx
,,,,TX,,,,TX,,Foreclosure Sale,FRCL,2026-10-06,FRCL-2026-5786,,85,Foreclosure auction scheduled; Pre-foreclosure; New this week,Harris County Clerk,https://www.cclerk.hctx.net/applications/websearch/FRCL_R.aspx
,,,,TX,,,,TX,,Foreclosure Sale,FRCL,2026-10-06,FRCL-2026-5787,,85,Foreclosure auction scheduled; Pre-foreclosure; New this week,Harris County Clerk,https://www.cclerk.hctx.net/applications/websearch/FRCL_R.aspx
,,,,TX,,,,TX,,Foreclosure Sale,FRCL,2026-10-06,FRCL-2026-5788,,85,Foreclosure auction scheduled; Pre-foreclosure; New this week,Harris County Clerk,https://www.cclerk.hctx.net/applications/websearch/FRCL_R.aspx
,,,,TX,,,,TX,,Foreclosure Sale,FRCL,2026-10-06,FRCL-2026-5789,,85,Foreclosure auction scheduled; Pre-foreclosure; New this week,Harris County Clerk,https://www.cclerk.hctx.net/applications/websearch/FRCL_R.aspx
,,,,TX,,,,TX,,Foreclosure Sale,FRCL,2026-10-06,FRCL-2026-5790,,85,Foreclosure auction scheduled; Pre-foreclosure; New this week,Harris County Clerk,https://www.cclerk.hctx.net/applications/websearch/FRCL_R.aspx
,,,,TX,,,,TX,,Foreclosure Sale,FRCL,2026-10-06,FRCL-2026-5791,,85,Foreclosure auction scheduled; Pre-foreclosure; New this week,Harris County Clerk,https://www.cclerk.hctx.net/applications/websearch/FRCL_R.aspx
,,,,TX,,,,TX,,Foreclosure Sale,FRCL,2026-10-06,FRCL-2026-5792,,85,Foreclosure auction scheduled; Pre-foreclosure; New this week,Harris County Clerk,https://www.cclerk.hctx.net/applications/websearch/FRCL_R.aspx
,,,,TX,,,,TX,,Foreclosure Sale,FRCL,2026-10-06,FRCL-2026-5793,,85,Foreclosure auction scheduled; Pre-foreclosure; New this week,Harris County Clerk,https://www.cclerk.hctx.net/applications/websearch/FRCL_R.aspx
,,,,TX,,,,TX,,Foreclosure Sale,FRCL,2026-10-06,FRCL-2026-5794,,85,Foreclosure auction scheduled; Pre-foreclosure; New this week,Harris County Clerk,https://www.cclerk.hctx.net/applications/websearch/FRCL_R.aspx
,,,,TX,,,,TX,,Foreclosure Sale,FRCL,2026-10-06,FRCL-2026-5795,,85,Foreclosure auction scheduled; Pre-foreclosure; New this week,Harris County Clerk,https://www.cclerk.hctx.net/applications/websearch/FRCL_R.aspx
,,,,TX,,,,TX,,Foreclosure Sale,FRCL,2026-10-06,FRCL-2026-5774,,85,Foreclosure auction scheduled; Pre-foreclosure; New this week,Harris County Clerk,https://www.cclerk.hctx.net/applications/websearch/FRCL_R.aspx
,,,,TX,,,,TX,,Foreclosure Sale,FRCL,2026-10-06,FRCL-2026-5862,,85,Foreclosure auction scheduled; Pre-foreclosure; New this week,Harris County Clerk,https://www.cclerk.hctx.net/applications/websearch/FRCL_R.aspx
,,,,TX,,,,TX,,Foreclosure Sale,FRCL,2026-10-06,FRCL-2026-5863,,85,Foreclosure auction scheduled; Pre-foreclosure; New this week,Harris County Clerk,https://www.cclerk.hctx.net/applications/websearch/FRCL_R.aspx
,,,,TX,,,,TX,,Foreclosure Sale,FRCL,2026-10-06,FRCL-2026-5864,,85,Foreclosure auction scheduled; Pre-foreclosure; New this week,Harris County Clerk,https://www.cclerk.hctx.net/applications/websearch/FRCL_R.aspx
,,,,TX,,,,TX,,Foreclosure Sale,FRCL,2026-10-06,FRCL-2026-5865,,85,Foreclosure auction scheduled; Pre-foreclosure; New this week,Harris County Clerk,https://www.cclerk.hctx.net/applications/websearch/FRCL_R.aspx
,,,,TX,,,,TX,,Foreclosure Sale,FRCL,2026-10-06,FRCL-2026-5866,,85,Foreclosure auction scheduled; Pre-foreclosure; New this week,Harris County Clerk,https://www.cclerk.hctx.net/applications/websearch/FRCL_R.aspx
,,,,TX,,,,TX,,Foreclosure Sale,FRCL,2026-10-06,FRCL-2026-5894,,85,Foreclosure auction scheduled; Pre-foreclosure; New this week,Harris County Clerk,https://www.cclerk.hctx.net/applications/websearch/FRCL_R.aspx
,,,,TX,,,,TX,,Foreclosure Sale,FRCL,2026-10-06,FRCL-2026-5900,,85,Foreclosure auction scheduled; Pre-foreclosure; New this week,Harris County Clerk,https://www.cclerk.hctx.net/applications/websearch/FRCL_R.aspx
,,,,TX,,,,TX,,Foreclosure Sale,FRCL,2026-10-06,FRCL-2026-5901,,85,Foreclosure auction scheduled; Pre-foreclosure; New this week,Harris County Clerk,https://www.cclerk.hctx.net/applications/websearch/FRCL_R.aspx
,,,,TX,,,,TX,,Foreclosure Sale,FRCL,2026-10-06,FRCL-2026-5902,,85,Foreclosure auction scheduled; Pre-foreclosure; New this week,Harris County Clerk,https://www.cclerk.hctx.net/applications/websearch/FRCL_R.aspx
,,,,TX,,,,TX,,Foreclosure Sale,FRCL,2026-10-06,FRCL-2026-5905,,85,Foreclosure auction scheduled; Pre-foreclosure; New this week,Harris County Clerk,https://www.cclerk.hctx.net/applications/websearch/FRCL_R.aspx
,,,,TX,,,,TX,,Foreclosure Sale,FRCL,2026-10-06,FRCL-2026-5906,,85,Foreclosure auction scheduled; Pre-foreclosure; New this week,Harris County Clerk,https://www.cclerk.hctx.net/applications/websearch/FRCL_R.aspx
,,,,TX,,,,TX,,Foreclosure Sale,FRCL,2026-10-06,FRCL-2026-5913,,85,Foreclosure auction scheduled; Pre-foreclosure; New this week,Harris County Clerk,https://www.cclerk.hctx.net/applications/websearch/FRCL_R.aspx
,,,,TX,,,,TX,,Foreclosure Sale,FRCL,2026-10-06,FRCL-2026-5914,,85,Foreclosure auction scheduled; Pre-foreclosure; New this week,Harris County Clerk,https://www.cclerk.hctx.net/applications/websearch/FRCL_R.aspx
,,,,TX,,,,TX,,Foreclosure Sale,FRCL,2026-10-06,FRCL-2026-5915,,85,Foreclosure auction scheduled; Pre-foreclosure; New this week,Harris County Clerk,https://www.cclerk.hctx.net/applications/websearch/FRCL_R.aspx
,,,,TX,,,,TX,,Foreclosure Sale,FRCL,2026-10-06,FRCL-2026-5916,,85,Foreclosure auction scheduled; Pre-foreclosure; New this week,Harris County Clerk,https://www.cclerk.hctx.net/applications/websearch/FRCL_R.aspx
,,,,TX,,,,TX,,Foreclosure Sale,FRCL,2026-10-06,FRCL-2026-5917,,85,Foreclosure auction scheduled; Pre-foreclosure; New this week,Harris County Clerk,https://www.cclerk.hctx.net/applications/websearch/FRCL_R.aspx
,,,,TX,,,,TX,,Foreclosure Sale,FRCL,2026-10-06,FRCL-2026-5918,,85,Foreclosure auction scheduled; Pre-foreclosure; New this week,Harris County Clerk,https://www.cclerk.hctx.net/applications/websearch/FRCL_R.aspx
,,,,TX,,,,TX,,Foreclosure Sale,FRCL,2026-10-06,FRCL-2026-5919,,85,Foreclosure auction scheduled; Pre-foreclosure; New this week,Harris County Clerk,https://www.cclerk.hctx.net/applications/websearch/FRCL_R.aspx
,,,,TX,,,,TX,,Foreclosure Sale,FRCL,2026-10-06,FRCL-2026-5920,,85,Foreclosure auction scheduled; Pre-foreclosure; New this week,Harris County Clerk,https://www.cclerk.hctx.net/applications/websearch/FRCL_R.aspx
,,,,TX,,,,TX,,Foreclosure Sale,FRCL,2026-10-06,FRCL-2026-5921,,85,Foreclosure auction scheduled; Pre-foreclosure; New this week,Harris County Clerk,https://www.cclerk.hctx.net/applications/websearch/FRCL_R.aspx
,,,,TX,,,,TX,,Foreclosure Sale,FRCL,2026-10-06,FRCL-2026-5907,,85,Foreclosure auction scheduled; Pre-foreclosure; New this week,Harris County Clerk,https://www.cclerk.hctx.net/applications/websearch/FRCL_R.aspx
,,,,TX,,,,TX,,Foreclosure Sale,FRCL,2026-10-06,FRCL-2026-5928,,85,Foreclosure auction scheduled; Pre-foreclosure; New this week,Harris County Clerk,https://www.cclerk.hctx.net/applications/websearch/FRCL_R.aspx
,,,,TX,,,,TX,,Foreclosure Sale,FRCL,2026-10-06,FRCL-2026-5929,,85,Foreclosure auction scheduled; Pre-foreclosure; New this week,Harris County Clerk,https://www.cclerk.hctx.net/applications/websearch/FRCL_R.aspx
,,,,TX,,,,TX,,Foreclosure Sale,FRCL,2026-10-06,FRCL-2026-5930,,85,Foreclosure auction scheduled; Pre-foreclosure; New this week,Harris County Clerk,https://www.cclerk.hctx.net/applications/websearch/FRCL_R.aspx
,,,,TX,,,,TX,,Foreclosure Sale,FRCL,2026-10-06,FRCL-2026-5931,,85,Foreclosure auction scheduled; Pre-foreclosure; New this week,Harris County Clerk,https://www.cclerk.hctx.net/applications/websearch/FRCL_R.aspx
,,,,TX,,,,TX,,Foreclosure Sale,FRCL,2026-10-06,FRCL-2026-5932,,85,Foreclosure auction scheduled; Pre-foreclosure; New this week,Harris County Clerk,https://www.cclerk.hctx.net/applications/websearch/FRCL_R.aspx
,,,,TX,,,,TX,,Foreclosure Sale,FRCL,2026-10-06,FRCL-2026-5972,,85,Foreclosure auction scheduled; Pre-foreclosure; New this week,Harris County Clerk,https://www.cclerk.hctx.net/applications/websearch/FRCL_R.aspx
,,,,TX,,,,TX,,Foreclosure Sale,FRCL,2026-10-06,FRCL-2026-5973,,85,Foreclosure auction scheduled; Pre-foreclosure; New this week,Harris County Clerk,https://www.cclerk.hctx.net/applications/websearch/FRCL_R.aspx
,,,,TX,,,,TX,,Foreclosure Sale,FRCL,2026-10-06,FRCL-2026-5974,,85,Foreclosure auction scheduled; Pre-foreclosure; New this week,Harris County Clerk,https://www.cclerk.hctx.net/applications/websearch/FRCL_R.aspx
,,,,TX,,,,TX,,Foreclosure Sale,FRCL,2026-10-06,FRCL-2026-5975,,85,Foreclosure auction scheduled; Pre-foreclosure; New this week,Harris County Clerk,https://www.cclerk.hctx.net/applications/websearch/FRCL_R.aspx
,,,,TX,,,,TX,,Foreclosure Sale,FRCL,2026-10-06,FRCL-2026-5976,,85,Foreclosure auction scheduled; Pre-foreclosure; New this week,Harris County Clerk,https://www.cclerk.hctx.net/applications/websearch/FRCL_R.aspx
,,,,TX,,,,TX,,Foreclosure Sale,FRCL,2026-10-06,FRCL-2026-5977,,85,Foreclosure auction scheduled; Pre-foreclosure; New this week,Harris County Clerk,https://www.cclerk.hctx.net/applications/websearch/FRCL_R.aspx
,,,,TX,,,,TX,,Foreclosure Sale,FRCL,2026-10-06,FRCL-2026-5978,,85,Foreclosure auction scheduled; Pre-foreclosure; New this week,Harris County Clerk,https://www.cclerk.hctx.net/applications/websearch/FRCL_R.aspx
,,,,TX,,,,TX,,Foreclosure Sale,FRCL,2026-10-06,FRCL-2026-5979,,85,Foreclosure auction scheduled; Pre-foreclosure; New this week,Harris County Clerk,https://www.cclerk.hctx.net/applications/websearch/FRCL_R.aspx
,,,,TX,,,,TX,,Foreclosure Sale,FRCL,2026-10-06,FRCL-2026-5982,,85,Foreclosure auction scheduled; Pre-foreclosure; New this week,Harris County Clerk,https://www.cclerk.hctx.net/applications/websearch/FRCL_R.aspx
,,,,TX,,,,TX,,Foreclosure Sale,FRCL,2026-10-06,FRCL-2026-5983,,85,Foreclosure auction scheduled; Pre-foreclosure; New this week,Harris County Clerk,https://www.cclerk.hctx.net/applications/websearch/FRCL_R.aspx
,,,,TX,,,,TX,,Foreclosure Sale,FRCL,2026-10-06,FRCL-2026-5995,,85,Foreclosure auction scheduled; Pre-foreclosure; New this week,Harris County Clerk,https://www.cclerk.hctx.net/applications/websearch/FRCL_R.aspx
,,,,TX,,,,TX,,Foreclosure Sale,FRCL,2026-10-06,FRCL-2026-5996,,85,Foreclosure auction scheduled; Pre-foreclosure; New this week,Harris County Clerk,https://www.cclerk.hctx.net/applications/websearch/FRCL_R.aspx
,,,,TX,,,,TX,,Foreclosure Sale,FRCL,2026-10-06,FRCL-2026-5997,,85,Foreclosure auction scheduled; Pre-foreclosure; New this week,Harris County Clerk,https://www.cclerk.hctx.net/applications/websearch/FRCL_R.aspx
,,,,TX,,,,TX,,Foreclosure Sale,FRCL,2026-10-06,FRCL-2026-5998,,85,Foreclosure auction scheduled; Pre-foreclosure; New this week,Harris County Clerk,https://www.cclerk.hctx.net/applications/websearch/FRCL_R.aspx
,,,,TX,,,,TX,,Foreclosure Sale,FRCL,2026-10-06,FRCL-2026-5999,,85,Foreclosure auction scheduled; Pre-foreclosure; New this week,Harris County Clerk,https://www.cclerk.hctx.net/applications/websearch/FRCL_R.aspx
,,,,TX,,,,TX,,Foreclosure Sale,FRCL,2026-10-06,FRCL-2026-6000,,85,Foreclosure auction scheduled; Pre-foreclosure; New this week,Harris County Clerk,https://www.cclerk.hctx.net/applications/websearch/FRCL_R.aspx
,,,,TX,,,,TX,,Foreclosure Sale,FRCL,2026-10-06,FRCL-2026-6001,,85,Foreclosure auction scheduled; Pre-foreclosure; New this week,Harris County Clerk,https://www.cclerk.hctx.net/applications/websearch/FRCL_R.aspx
,,,,TX,,,,TX,,Foreclosure Sale,FRCL,2026-10-06,FRCL-2026-6002,,85,Foreclosure auction scheduled; Pre-foreclosure; New this week,Harris County Clerk,https://www.cclerk.hctx.net/applications/websearch/FRCL_R.aspx
,,,,TX,,,,TX,,Foreclosure Sale,FRCL,2026-10-06,FRCL-2026-6003,,85,Foreclosure auction scheduled; Pre-foreclosure; New this week,Harris County Clerk,https://www.cclerk.hctx.net/applications/websearch/FRCL_R.aspx
,,,,TX,,,,TX,,Foreclosure Sale,FRCL,2026-10-06,FRCL-2026-6004,,85,Foreclosure auction scheduled; Pre-foreclosure; New this week,Harris County Clerk,https://www.cclerk.hctx.net/applications/websearch/FRCL_R.aspx
,,,,TX,,,,TX,,Foreclosure Sale,FRCL,2026-10-06,FRCL-2026-6005,,85,Foreclosure auction scheduled; Pre-foreclosure; New this week,Harris County Clerk,https://www.cclerk.hctx.net/applications/websearch/FRCL_R.aspx
,,,,TX,,,,TX,,Foreclosure Sale,FRCL,2026-10-06,FRCL-2026-6006,,85,Foreclosure auction scheduled; Pre-foreclosure; New this week,Harris County Clerk,https://www.cclerk.hctx.net/applications/websearch/FRCL_R.aspx
,,,,TX,,,,TX,,Foreclosure Sale,FRCL,2026-10-06,FRCL-2026-6007,,85,Foreclosure auction scheduled; Pre-foreclosure; New this week,Harris County Clerk,https://www.cclerk.hctx.net/applications/websearch/FRCL_R.aspx
,,,,TX,,,,TX,,Foreclosure Sale,FRCL,2026-10-06,FRCL-2026-6008,,85,Foreclosure auction scheduled; Pre-foreclosure; New this week,Harris County Clerk,https://www.cclerk.hctx.net/applications/websearch/FRCL_R.aspx
,,,,TX,,,,TX,,Foreclosure Sale,FRCL,2026-10-06,FRCL-2026-6009,,85,Foreclosure auction scheduled; Pre-foreclosure; New this week,Harris County Clerk,https://www.cclerk.hctx.net/applications/websearch/FRCL_R.aspx
,,,,TX,,,,TX,,Foreclosure Sale,FRCL,2026-10-06,FRCL-2026-6010,,85,Foreclosure auction scheduled; Pre-foreclosure; New this week,Harris County Clerk,https://www.cclerk.hctx.net/applications/websearch/FRCL_R.aspx
,,,,TX,,,,TX,,Foreclosure Sale,FRCL,2026-10-06,FRCL-2026-6011,,85,Foreclosure auction scheduled; Pre-foreclosure; New this week,Harris County Clerk,https://www.cclerk.hctx.net/applications/websearch/FRCL_R.aspx
,,,,TX,,,,TX,,Foreclosure Sale,FRCL,2026-10-06,FRCL-2026-6012,,85,Foreclosure auction scheduled; Pre-foreclosure; New this week,Harris County Clerk,https://www.cclerk.hctx.net/applications/websearch/FRCL_R.aspx
,,,,TX,,,,TX,,Foreclosure Sale,FRCL,2026-10-06,FRCL-2026-6013,,85,Foreclosure auction scheduled; Pre-foreclosure; New this week,Harris County Clerk,https://www.cclerk.hctx.net/applications/websearch/FRCL_R.aspx
,,,,TX,,,,TX,,Foreclosure Sale,FRCL,2026-10-06,FRCL-2026-6014,,85,Foreclosure auction scheduled; Pre-foreclosure; New this week,Harris County Clerk,https://www.cclerk.hctx.net/applications/websearch/FRCL_R.aspx
,,,,TX,,,,TX,,Foreclosure Sale,FRCL,2026-10-06,FRCL-2026-6015,,85,Foreclosure auction scheduled; Pre-foreclosure; New this week,Harris County Clerk,https://www.cclerk.hctx.net/applications/websearch/FRCL_R.aspx
,,,,TX,,,,TX,,Foreclosure Sale,FRCL,2026-10-06,FRCL-2026-6020,,85,Foreclosure auction scheduled; Pre-foreclosure; New this week,Harris County Clerk,https://www.cclerk.hctx.net/applications/websearch/FRCL_R.aspx
,,,,TX,,,,TX,,Foreclosure Sale,FRCL,2026-10-06,FRCL-2026-6021,,85,Foreclosure auction scheduled; Pre-foreclosure; New this week,Harris County Clerk,https://www.cclerk.hctx.net/applications/websearch/FRCL_R.aspx
,,,,TX,,,,TX,,Foreclosure Sale,FRCL,2026-10-06,FRCL-2026-5990,,85,Foreclosure auction scheduled; Pre-foreclosure; New this week,Harris County Clerk,https://www.cclerk.hctx.net/applications/websearch/FRCL_R.aspx
,,,,TX,,,,TX,,Foreclosure Sale,FRCL,2026-10-06,FRCL-2026-5991,,85,Foreclosure auction scheduled; Pre-foreclosure; New this week,Harris County Clerk,https://www.cclerk.hctx.net/applications/websearch/FRCL_R.aspx
,,,,TX,,,,TX,,Foreclosure Sale,FRCL,2026-10-06,FRCL-2026-5994,,85,Foreclosure auction scheduled; Pre-foreclosure; New this week,Harris County Clerk,https://www.cclerk.hctx.net/applications/websearch/FRCL_R.aspx
,,,,TX,,,,TX,,Foreclosure Sale,FRCL,2026-10-06,FRCL-2026-5985,,85,Foreclosure auction scheduled; Pre-foreclosure; New this week,Harris County Clerk,https://www.cclerk.hctx.net/applications/websearch/FRCL_R.aspx
,,,,TX,,,,TX,,Foreclosure Sale,FRCL,2026-10-06,FRCL-2026-5986,,85,Foreclosure auction scheduled; Pre-foreclosure; New this week,Harris County Clerk,https://www.cclerk.hctx.net/applications/websearch/FRCL_R.aspx
,,,,TX,,,,TX,,Foreclosure Sale,FRCL,2026-10-06,FRCL-2026-6022,,85,Foreclosure auction scheduled; Pre-foreclosure; New this week,Harris County Clerk,https://www.cclerk.hctx.net/applications/websearch/FRCL_R.aspx
,,,,TX,,,,TX,,Foreclosure Sale,FRCL,2026-10-06,FRCL-2026-6023,,85,Foreclosure auction scheduled; Pre-foreclosure; New this week,Harris County Clerk,https://www.cclerk.hctx.net/applications/websearch/FRCL_R.aspx
,,,,TX,,,,TX,,Foreclosure Sale,FRCL,2026-10-06,FRCL-2026-6024,,85,Foreclosure auction scheduled; Pre-foreclosure; New this week,Harris County Clerk,https://www.cclerk.hctx.net/applications/websearch/FRCL_R.aspx
,,,,TX,,,,TX,,Foreclosure Sale,FRCL,2026-10-06,FRCL-2026-6025,,85,Foreclosure auction scheduled; Pre-foreclosure; New this week,Harris County Clerk,https://www.cclerk.hctx.net/applications/websearch/FRCL_R.aspx
,,,,TX,,,,TX,,Foreclosure Sale,FRCL,2026-10-06,FRCL-2026-6026,,85,Foreclosure auction scheduled; Pre-foreclosure; New this week,Harris County Clerk,https://www.cclerk.hctx.net/applications/websearch/FRCL_R.aspx
,,,,TX,,,,TX,,Foreclosure Sale,FRCL,2026-10-06,FRCL-2026-6027,,85,Foreclosure auction scheduled; Pre-foreclosure; New this week,Harris County Clerk,https://www.cclerk.hctx.net/applications/websearch/FRCL_R.aspx
,,,,TX,,,,TX,,Foreclosure Sale,FRCL,2026-10-06,FRCL-2026-6028,,85,Foreclosure auction scheduled; Pre-foreclosure; New this week,Harris County Clerk,https://www.cclerk.hctx.net/applications/websearch/FRCL_R.aspx
,,,,TX,,,,TX,,Foreclosure Sale,FRCL,2026-10-06,FRCL-2026-6029,,85,Foreclosure auction scheduled; Pre-foreclosure; New this week,Harris County Clerk,https://www.cclerk.hctx.net/applications/websearch/FRCL_R.aspx
,,,,TX,,,,TX,,Foreclosure Sale,FRCL,2026-10-06,FRCL-2026-6030,,85,Foreclosure auction scheduled; Pre-foreclosure; New this week,Harris County Clerk,https://www.cclerk.hctx.net/applications/websearch/FRCL_R.aspx
,,,,TX,,,,TX,,Foreclosure Sale,FRCL,2026-10-06,FRCL-2026-6031,,85,Foreclosure auction scheduled; Pre-foreclosure; New this week,Harris County Clerk,https://www.cclerk.hctx.net/applications/websearch/FRCL_R.aspx
,,,,TX,,,,TX,,Foreclosure Sale,FRCL,2026-10-06,FRCL-2026-6032,,85,Foreclosure auction scheduled; Pre-foreclosure; New this week,Harris County Clerk,https://www.cclerk.hctx.net/applications/websearch/FRCL_R.aspx
,,,,TX,,,,TX,,Foreclosure Sale,FRCL,2026-10-06,FRCL-2026-6035,,85,Foreclosure auction scheduled; Pre-foreclosure; New this week,Harris County Clerk,https://www.cclerk.hctx.net/applications/websearch/FRCL_R.aspx
,,,,TX,,,,TX,,Foreclosure Sale,FRCL,2026-10-06,FRCL-2026-6036,,85,Foreclosure auction scheduled; Pre-foreclosure; New this week,Harris County Clerk,https://www.cclerk.hctx.net/applications/websearch/FRCL_R.aspx
,,,,TX,,,,TX,,Foreclosure Sale,FRCL,2026-10-06,FRCL-2026-6037,,85,Foreclosure auction scheduled; Pre-foreclosure; New this week,Harris County Clerk,https://www.cclerk.hctx.net/applications/websearch/FRCL_R.aspx
,,,,TX,,,,TX,,Foreclosure Sale,FRCL,2026-10-06,FRCL-2026-6038,,85,Foreclosure auction scheduled; Pre-foreclosure; New this week,Harris County Clerk,https://www.cclerk.hctx.net/applications/websearch/FRCL_R.aspx
,,,,TX,,,,TX,,Foreclosure Sale,FRCL,2026-10-06,FRCL-2026-6039,,85,Foreclosure auction scheduled; Pre-foreclosure; New this week,Harris County Clerk,https://www.cclerk.hctx.net/applications/websearch/FRCL_R.aspx
,,,,TX,,,,TX,,Foreclosure Sale,FRCL,2026-10-06,FRCL-2026-6040,,85,Foreclosure auction scheduled; Pre-foreclosure; New this week,Harris County Clerk,https://www.cclerk.hctx.net/applications/websearch/FRCL_R.aspx
,,,,TX,,,,TX,,Foreclosure Sale,FRCL,2026-10-06,FRCL-2026-6041,,85,Foreclosure auction scheduled; Pre-foreclosure; New this week,Harris County Clerk,https://www.cclerk.hctx.net/applications/websearch/FRCL_R.aspx
,,,,TX,,,,TX,,Foreclosure Sale,FRCL,2026-10-06,FRCL-2026-6042,,85,Foreclosure auction scheduled; Pre-foreclosure; New this week,Harris County Clerk,https://www.cclerk.hctx.net/applications/websearch/FRCL_R.aspx
,,,,TX,,,,TX,,Foreclosure Sale,FRCL,2026-10-06,FRCL-2026-6043,,85,Foreclosure auction scheduled; Pre-foreclosure; New this week,Harris County Clerk,https://www.cclerk.hctx.net/applications/websearch/FRCL_R.aspx
,,,,TX,,,,TX,,Foreclosure Sale,FRCL,2026-10-06,FRCL-2026-6045,,85,Foreclosure auction scheduled; Pre-foreclosure; New this week,Harris County Clerk,https://www.cclerk.hctx.net/applications/websearch/FRCL_R.aspx
,,,,TX,,,,TX,,Foreclosure Sale,FRCL,2026-10-06,FRCL-2026-6047,,85,Foreclosure auction scheduled; Pre-foreclosure; New this week,Harris County Clerk,https://www.cclerk.hctx.net/applications/websearch/FRCL_R.aspx
,,,,TX,,,,TX,,Foreclosure Sale,FRCL,2026-10-06,FRCL-2026-6048,,85,Foreclosure auction scheduled; Pre-foreclosure; New this week,Harris County Clerk,https://www.cclerk.hctx.net/applications/websearch/FRCL_R.aspx
,,,,TX,,,,TX,,Foreclosure Sale,FRCL,2026-10-06,FRCL-2026-6049,,85,Foreclosure auction scheduled; Pre-foreclosure; New this week,Harris County Clerk,https://www.cclerk.hctx.net/applications/websearch/FRCL_R.aspx
,,,,TX,,,,TX,,Foreclosure Sale,FRCL,2026-10-06,FRCL-2026-6050,,85,Foreclosure auction scheduled; Pre-foreclosure; New this week,Harris County Clerk,https://www.cclerk.hctx.net/applications/websearch/FRCL_R.aspx
,,,,TX,,,,TX,,Foreclosure Sale,FRCL,2026-10-06,FRCL-2026-6051,,85,Foreclosure auction scheduled; Pre-foreclosure; New this week,Harris County Clerk,https://www.cclerk.hctx.net/applications/websearch/FRCL_R.aspx
,,,,TX,,,,TX,,Foreclosure Sale,FRCL,2026-10-06,FRCL-2026-6052,,85,Foreclosure auction scheduled; Pre-foreclosure; New this week,Harris County Clerk,https://www.cclerk.hctx.net/applications/websearch/FRCL_R.aspx
,,,,TX,,,,TX,,Foreclosure Sale,FRCL,2026-10-06,FRCL-2026-6053,,85,Foreclosure auction scheduled; Pre-foreclosure; New this week,Harris County Clerk,https://www.cclerk.hctx.net/applications/websearch/FRCL_R.aspx
,,,,TX,,,,TX,,Foreclosure Sale,FRCL,2026-10-06,FRCL-2026-6056,,85,Foreclosure auction scheduled; Pre-foreclosure; New this week,Harris County Clerk,https://www.cclerk.hctx.net/applications/websearch/FRCL_R.aspx
,,,,TX,,,,TX,,Foreclosure Sale,FRCL,2026-10-06,FRCL-2026-6057,,85,Foreclosure auction scheduled; Pre-foreclosure; New this week,Harris County Clerk,https://www.cclerk.hctx.net/applications/websearch/FRCL_R.aspx
,,,,TX,,,,TX,,Foreclosure Sale,FRCL,2026-10-06,FRCL-2026-6060,,85,Foreclosure auction scheduled; Pre-foreclosure; New this week,Harris County Clerk,https://www.cclerk.hctx.net/applications/websearch/FRCL_R.aspx
,,,,TX,,,,TX,,Foreclosure Sale,FRCL,2026-10-06,FRCL-2026-6070,,85,Foreclosure auction scheduled; Pre-foreclosure; New this week,Harris County Clerk,https://www.cclerk.hctx.net/applications/websearch/FRCL_R.aspx
,,,,TX,,,,TX,,Foreclosure Sale,FRCL,2026-10-06,FRCL-2026-6072,,85,Foreclosure auction scheduled; Pre-foreclosure; New this week,Harris County Clerk,https://www.cclerk.hctx.net/applications/websearch/FRCL_R.aspx
,,,,TX,,,,TX,,Foreclosure Sale,FRCL,2026-10-06,FRCL-2026-6073,,85,Foreclosure auction scheduled; Pre-foreclosure; New this week,Harris County Clerk,https://www.cclerk.hctx.net/applications/websearch/FRCL_R.aspx
,,,,TX,,,,TX,,Foreclosure Sale,FRCL,2026-10-06,FRCL-2026-6074,,85,Foreclosure auction scheduled; Pre-foreclosure; New this week,Harris County Clerk,https://www.cclerk.hctx.net/applications/websearch/FRCL_R.aspx
,,,,TX,,,,TX,,Foreclosure Sale,FRCL,2026-10-06,FRCL-2026-6075,,85,Foreclosure auction scheduled; Pre-foreclosure; New this week,Harris County Clerk,https://www.cclerk.hctx.net/applications/websearch/FRCL_R.aspx
,,,,TX,,,,TX,,Foreclosure Sale,FRCL,2026-10-06,FRCL-2026-6076,,85,Foreclosure auction scheduled; Pre-foreclosure; New this week,Harris County Clerk,https://www.cclerk.hctx.net/applications/websearch/FRCL_R.aspx
,,,,TX,,,,TX,,Foreclosure Sale,FRCL,2026-10-06,FRCL-2026-6077,,85,Foreclosure auction scheduled; Pre-foreclosure; New this week,Harris County Clerk,https://www.cclerk.hctx.net/applications/websearch/FRCL_R.aspx
,,,,TX,,,,TX,,Foreclosure Sale,FRCL,2026-10-06,FRCL-2026-6078,,85,Foreclosure auction scheduled; Pre-foreclosure; New this week,Harris County Clerk,https://www.cclerk.hctx.net/applications/websearch/FRCL_R.aspx
,,,,TX,,,,TX,,Foreclosure Sale,FRCL,2026-10-06,FRCL-2026-6090,,85,Foreclosure auction scheduled; Pre-foreclosure; New this week,Harris County Clerk,https://www.cclerk.hctx.net/applications/websearch/FRCL_R.aspx
,,,,TX,,,,TX,,Foreclosure Sale,FRCL,2026-10-06,FRCL-2026-6091,,85,Foreclosure auction scheduled; Pre-foreclosure; New this week,Harris County Clerk,https://www.cclerk.hctx.net/applications/websearch/FRCL_R.aspx
,,,,TX,,,,TX,,Foreclosure Sale,FRCL,2026-10-06,FRCL-2026-6092,,85,Foreclosure auction scheduled; Pre-foreclosure; New this week,Harris County Clerk,https://www.cclerk.hctx.net/applications/websearch/FRCL_R.aspx
,,,,TX,,,,TX,,Foreclosure Sale,FRCL,2026-10-06,FRCL-2026-6093,,85,Foreclosure auction scheduled; Pre-foreclosure; New this week,Harris County Clerk,https://www.cclerk.hctx.net/applications/websearch/FRCL_R.aspx
,,,,TX,,,,TX,,Foreclosure Sale,FRCL,2026-10-06,FRCL-2026-6094,,85,Foreclosure auction scheduled; Pre-foreclosure; New this week,Harris County Clerk,https://www.cclerk.hctx.net/applications/websearch/FRCL_R.aspx
,,,,TX,,,,TX,,Foreclosure Sale,FRCL,2026-10-06,FRCL-2026-6095,,85,Foreclosure auction scheduled; Pre-foreclosure; New this week,Harris County Clerk,https://www.cclerk.hctx.net/applications/websearch/FRCL_R.aspx
,,,,TX,,,,TX,,Foreclosure Sale,FRCL,2026-10-06,FRCL-2026-6061,,85,Foreclosure auction scheduled; Pre-foreclosure; New this week,Harris County Clerk,https://www.cclerk.hctx.net/applications/websearch/FRCL_R.aspx
,,,,TX,,,,TX,,Foreclosure Sale,FRCL,2026-10-06,FRCL-2026-6062,,85,Foreclosure auction scheduled; Pre-foreclosure; New this week,Harris County Clerk,https://www.cclerk.hctx.net/applications/websearch/FRCL_R.aspx
,,,,TX,,,,TX,,Foreclosure Sale,FRCL,2026-10-06,FRCL-2026-6063,,85,Foreclosure auction scheduled; Pre-foreclosure; New this week,Harris County Clerk,https://www.cclerk.hctx.net/applications/websearch/FRCL_R.aspx
,,,,TX,,,,TX,,Foreclosure Sale,FRCL,2026-10-06,FRCL-2026-6064,,85,Foreclosure auction scheduled; Pre-foreclosure; New this week,Harris County Clerk,https://www.cclerk.hctx.net/applications/websearch/FRCL_R.aspx
,,,,TX,,,,TX,,Foreclosure Sale,FRCL,2026-10-06,FRCL-2026-6104,,85,Foreclosure auction scheduled; Pre-foreclosure; New this week,Harris County Clerk,https://www.cclerk.hctx.net/applications/websearch/FRCL_R.aspx
,,,,TX,,,,TX,,Foreclosure Sale,FRCL,2026-10-06,FRCL-2026-6105,,85,Foreclosure auction scheduled; Pre-foreclosure; New this week,Harris County Clerk,https://www.cclerk.hctx.net/applications/websearch/FRCL_R.aspx
,,,,TX,,,,TX,,Foreclosure Sale,FRCL,2026-10-06,FRCL-2026-6106,,85,Foreclosure auction scheduled; Pre-foreclosure; New this week,Harris County Clerk,https://www.cclerk.hctx.net/applications/websearch/FRCL_R.aspx
,,,,TX,,,,TX,,Foreclosure Sale,FRCL,2026-10-06,FRCL-2026-6107,,85,Foreclosure auction scheduled; Pre-foreclosure; New this week,Harris County Clerk,https://www.cclerk.hctx.net/applications/websearch/FRCL_R.aspx
,,,,TX,,,,TX,,Foreclosure Sale,FRCL,2026-11-03,FRCL-2026-7208,,85,Foreclosure auction scheduled; Pre-foreclosure; New this week,Harris County Clerk,https://www.cclerk.hctx.net/applications/websearch/FRCL_R.aspx
,,,,TX,,,,TX,,Foreclosure Sale,FRCL,2026-11-03,FRCL-2026-7209,,85,Foreclosure auction scheduled; Pre-foreclosure; New this week,Harris County Clerk,https://www.cclerk.hctx.net/applications/websearch/FRCL_R.aspx
,,,,TX,,,,TX,,Foreclosure Sale,FRCL,2026-11-03,FRCL-2026-7210,,85,Foreclosure auction scheduled; Pre-foreclosure; New this week,Harris County Clerk,https://www.cclerk.hctx.net/applications/websearch/FRCL_R.aspx
,,,,TX,,,,TX,,Foreclosure Sale,FRCL,2026-11-03,FRCL-2026-7211,,85,Foreclosure auction scheduled; Pre-foreclosure; New this week,Harris County Clerk,https://www.cclerk.hctx.net/applications/websearch/FRCL_R.aspx
,,,,TX,,,,TX,,Foreclosure Sale,FRCL,2026-11-03,FRCL-2026-7212,,85,Foreclosure auction scheduled; Pre-foreclosure; New this week,Harris County Clerk,https://www.cclerk.hctx.net/applications/websearch/FRCL_R.aspx
,,,,TX,,,,TX,,Foreclosure Sale,FRCL,2026-11-03,FRCL-2026-7213,,85,Foreclosure auction scheduled; Pre-foreclosure; New this week,Harris County Clerk,https://www.cclerk.hctx.net/applications/websearch/FRCL_R.aspx
,,,,TX,,,,TX,,Foreclosure Sale,FRCL,2026-11-03,FRCL-2026-7214,,85,Foreclosure auction scheduled; Pre-foreclosure; New this week,Harris County Clerk,https://www.cclerk.hctx.net/applications/websearch/FRCL_R.aspx
,,,,TX,,,,TX,,Foreclosure Sale,FRCL,2026-11-03,FRCL-2026-7215,,85,Foreclosure auction scheduled; Pre-foreclosure; New this week,Harris County Clerk,https://www.cclerk.hctx.net/applications/websearch/FRCL_R.aspx
,,,,TX,,,,TX,,Foreclosure Sale,FRCL,2026-11-03,FRCL-2026-7216,,85,Foreclosure auction scheduled; Pre-foreclosure; New this week,Harris County Clerk,https://www.cclerk.hctx.net/applications/websearch/FRCL_R.aspx
,,,,TX,,,,TX,,Foreclosure Sale,FRCL,2026-11-03,FRCL-2026-7217,,85,Foreclosure auction scheduled; Pre-foreclosure; New this week,Harris County Clerk,https://www.cclerk.hctx.net/applications/websearch/FRCL_R.aspx
,,,,TX,,,,TX,,Foreclosure Sale,FRCL,2026-11-03,FRCL-2026-7218,,85,Foreclosure auction scheduled; Pre-foreclosure; New this week,Harris County Clerk,https://www.cclerk.hctx.net/applications/websearch/FRCL_R.aspx
,,,,TX,,,,TX,,Foreclosure Sale,FRCL,2026-11-03,FRCL-2026-7219,,85,Foreclosure auction scheduled; Pre-foreclosure; New this week,Harris County Clerk,https://www.cclerk.hctx.net/applications/websearch/FRCL_R.aspx
,,,,TX,,,,TX,,Foreclosure Sale,FRCL,2026-11-03,FRCL-2026-7220,,85,Foreclosure auction scheduled; Pre-foreclosure; New this week,Harris County Clerk,https://www.cclerk.hctx.net/applications/websearch/FRCL_R.aspx
,,,,TX,,,,TX,,Foreclosure Sale,FRCL,2026-11-03,FRCL-2026-7221,,85,Foreclosure auction scheduled; Pre-foreclosure; New this week,Harris County Clerk,https://www.cclerk.hctx.net/applications/websearch/FRCL_R.aspx
,,,,TX,,,,TX,,Foreclosure Sale,FRCL,2026-11-03,FRCL-2026-7222,,85,Foreclosure auction scheduled; Pre-foreclosure; New this week,Harris County Clerk,https://www.cclerk.hctx.net/applications/websearch/FRCL_R.aspx
,,,,TX,,,,TX,,Foreclosure Sale,FRCL,2026-12-01,FRCL-2026-7223,,85,Foreclosure auction scheduled; Pre-foreclosure; New this week,Harris County Clerk,https://www.cclerk.hctx.net/applications/websearch/FRCL_R.aspx
,,,,TX,,,,TX,,Foreclosure Sale,FRCL,2026-12-01,FRCL-2026-7224,,85,Foreclosure auction scheduled; Pre-foreclosure; New this week,Harris County Clerk,https://www.cclerk.hctx.net/applications/websearch/FRCL_R.aspx
,,,,TX,,,,TX,,Foreclosure Sale,FRCL,2026-11-03,FRCL-2026-7201,,85,Foreclosure auction scheduled; Pre-foreclosure; New this week,Harris County Clerk,https://www.cclerk.hctx.net/applications/websearch/FRCL_R.aspx
,,,,TX,,,,TX,,Foreclosure Sale,FRCL,2026-11-03,FRCL-2026-7202,,85,Foreclosure auction scheduled; Pre-foreclosure; New this week,Harris County Clerk,https://www.cclerk.hctx.net/applications/websearch/FRCL_R.aspx
,,,,TX,,,,TX,,Foreclosure Sale,FRCL,2026-11-03,FRCL-2026-7203,,85,Foreclosure auction scheduled; Pre-foreclosure; New this week,Harris County Clerk,https://www.cclerk.hctx.net/applications/websearch/FRCL_R.aspx
,,,,TX,,,,TX,,Foreclosure Sale,FRCL,2026-11-03,FRCL-2026-7204,,85,Foreclosure auction scheduled; Pre-foreclosure; New this week,Harris County Clerk,https://www.cclerk.hctx.net/applications/websearch/FRCL_R.aspx
,,,,TX,,,,TX,,Foreclosure Sale,FRCL,2026-11-03,FRCL-2026-7205,,85,Foreclosure auction scheduled; Pre-foreclosure; New this week,Harris County Clerk,https://www.cclerk.hctx.net/applications/websearch/FRCL_R.aspx
,,,,TX,,,,TX,,Foreclosure Sale,FRCL,2026-11-03,FRCL-2026-7206,,85,Foreclosure auction scheduled; Pre-foreclosure; New this week,Harris County Clerk,https://www.cclerk.hctx.net/applications/websearch/FRCL_R.aspx
,,,,TX,,,,TX,,Foreclosure Sale,FRCL,2026-11-03,FRCL-2026-7207,,85,Foreclosure auction scheduled; Pre-foreclosure; New this week,Harris County Clerk,https://www.cclerk.hctx.net/applications/websearch/FRCL_R.aspx
,,,,TX,,,,TX,,Foreclosure Sale,FRCL,2026-11-03,FRCL-2026-7225,,85,Foreclosure auction scheduled; Pre-foreclosure; New this week,Harris County Clerk,https://www.cclerk.hctx.net/applications/websearch/FRCL_R.aspx
,,,,TX,,,,TX,,Foreclosure Sale,FRCL,2026-11-03,FRCL-2026-7226,,85,Foreclosure auction scheduled; Pre-foreclosure; New this week,Harris County Clerk,https://www.cclerk.hctx.net/applications/websearch/FRCL_R.aspx
,,,,TX,,,,TX,,Foreclosure Sale,FRCL,2026-11-03,FRCL-2026-7229,,85,Foreclosure auction scheduled; Pre-foreclosure; New this week,Harris County Clerk,https://www.cclerk.hctx.net/applications/websearch/FRCL_R.aspx
,,,,TX,,,,TX,,Foreclosure Sale,FRCL,2026-11-03,FRCL-2026-7230,,85,Foreclosure auction scheduled; Pre-foreclosure; New this week,Harris County Clerk,https://www.cclerk.hctx.net/applications/websearch/FRCL_R.aspx
,,,,TX,,,,TX,,Foreclosure Sale,FRCL,2026-11-03,FRCL-2026-7231,,85,Foreclosure auction scheduled; Pre-foreclosure; New this week,Harris County Clerk,https://www.cclerk.hctx.net/applications/websearch/FRCL_R.aspx
,,,,TX,,,,TX,,Foreclosure Sale,FRCL,2026-11-03,FRCL-2026-7232,,85,Foreclosure auction scheduled; Pre-foreclosure; New this week,Harris County Clerk,https://www.cclerk.hctx.net/applications/websearch/FRCL_R.aspx
,,,,TX,,,,TX,,Foreclosure Sale,FRCL,2026-11-03,FRCL-2026-7233,,85,Foreclosure auction scheduled; Pre-foreclosure; New this week,Harris County Clerk,https://www.cclerk.hctx.net/applications/websearch/FRCL_R.aspx
,,,,TX,,,,TX,,Foreclosure Sale,FRCL,2026-11-03,FRCL-2026-7234,,85,Foreclosure auction scheduled; Pre-foreclosure; New this week,Harris County Clerk,https://www.cclerk.hctx.net/applications/websearch/FRCL_R.aspx
,,,,TX,,,,TX,,Foreclosure Sale,FRCL,2026-11-03,FRCL-2026-7235,,85,Foreclosure auction scheduled; Pre-foreclosure; New this week,Harris County Clerk,https://www.cclerk.hctx.net/applications/websearch/FRCL_R.aspx
,,,,TX,,,,TX,,Foreclosure Sale,FRCL,2026-11-03,FRCL-2026-7236,,85,Foreclosure auction scheduled; Pre-foreclosure; New this week,Harris County Clerk,https://www.cclerk.hctx.net/applications/websearch/FRCL_R.aspx
,,,,TX,,,,TX,,Foreclosure Sale,FRCL,2026-11-03,FRCL-2026-7237,,85,Foreclosure auction scheduled; Pre-foreclosure; New this week,Harris County Clerk,https://www.cclerk.hctx.net/applications/websearch/FRCL_R.aspx
,,,,TX,,,,TX,,Foreclosure Sale,FRCL,2026-11-03,FRCL-2026-7238,,85,Foreclosure auction scheduled; Pre-foreclosure; New this week,Harris County Clerk,https://www.cclerk.hctx.net/applications/websearch/FRCL_R.aspx
,,,,TX,,,,TX,,Foreclosure Sale,FRCL,2026-11-03,FRCL-2026-7239,,85,Foreclosure auction scheduled; Pre-foreclosure; New this week,Harris County Clerk,https://www.cclerk.hctx.net/applications/websearch/FRCL_R.aspx
,,,,TX,,,,TX,,Foreclosure Sale,FRCL,2026-11-03,FRCL-2026-7240,,85,Foreclosure auction scheduled; Pre-foreclosure; New this week,Harris County Clerk,https://www.cclerk.hctx.net/applications/websearch/FRCL_R.aspx
,,,,TX,,,,TX,,Foreclosure Sale,FRCL,2026-11-03,FRCL-2026-7241,,85,Foreclosure auction scheduled; Pre-foreclosure; New this week,Harris County Clerk,https://www.cclerk.hctx.net/applications/websearch/FRCL_R.aspx
,,,,TX,,,,TX,,Foreclosure Sale,FRCL,2026-11-03,FRCL-2026-7242,,85,Foreclosure auction scheduled; Pre-foreclosure; New this week,Harris County Clerk,https://www.cclerk.hctx.net/applications/websearch/FRCL_R.aspx
,,,,TX,,,,TX,,Foreclosure Sale,FRCL,2026-11-03,FRCL-2026-7243,,85,Foreclosure auction scheduled; Pre-foreclosure; New this week,Harris County Clerk,https://www.cclerk.hctx.net/applications/websearch/FRCL_R.aspx
,,,,TX,,,,TX,,Foreclosure Sale,FRCL,2026-11-03,FRCL-2026-7244,,85,Foreclosure auction scheduled; Pre-foreclosure; New this week,Harris County Clerk,https://www.cclerk.hctx.net/applications/websearch/FRCL_R.aspx
,,,,TX,,,,TX,,Foreclosure Sale,FRCL,2026-11-03,FRCL-2026-7245,,85,Foreclosure auction scheduled; Pre-foreclosure; New this week,Harris County Clerk,https://www.cclerk.hctx.net/applications/websearch/FRCL_R.aspx
,,,,TX,,,,TX,,Foreclosure Sale,FRCL,2026-11-03,FRCL-2026-7246,,85,Foreclosure auction scheduled; Pre-foreclosure; New this week,Harris County Clerk,https://www.cclerk.hctx.net/applications/websearch/FRCL_R.aspx
,,,,TX,,,,TX,,Foreclosure Sale,FRCL,2026-11-03,FRCL-2026-7247,,85,Foreclosure auction scheduled; Pre-foreclosure; New this week,Harris County Clerk,https://www.cclerk.hctx.net/applications/websearch/FRCL_R.aspx
,,,,TX,,,,TX,,Foreclosure Sale,FRCL,2026-11-03,FRCL-2026-7248,,85,Foreclosure auction scheduled; Pre-foreclosure; New this week,Harris County Clerk,https://www.cclerk.hctx.net/applications/websearch/FRCL_R.aspx
,,,,TX,,,,TX,,Foreclosure Sale,FRCL,2026-12-01,FRCL-2026-7249,,85,Foreclosure auction scheduled; Pre-foreclosure; New this week,Harris County Clerk,https://www.cclerk.hctx.net/applications/websearch/FRCL_R.aspx
,,,,TX,,,,TX,,Foreclosure Sale,FRCL,2026-12-01,FRCL-2026-7250,,85,Foreclosure auction scheduled; Pre-foreclosure; New this week,Harris County Clerk,https://www.cclerk.hctx.net/applications/websearch/FRCL_R.aspx
,,,,TX,,,,TX,,Foreclosure Sale,FRCL,2026-12-01,FRCL-2026-7251,,85,Foreclosure auction scheduled; Pre-foreclosure; New this week,Harris County Clerk,https://www.cclerk.hctx.net/applications/websearch/FRCL_R.aspx
,,,,TX,,,,TX,,Foreclosure Sale,FRCL,2026-12-01,FRCL-2026-7252,,85,Foreclosure auction scheduled; Pre-foreclosure; New this week,Harris County Clerk,https://www.cclerk.hctx.net/applications/websearch/FRCL_R.aspx
,,,,TX,,,,TX,,Foreclosure Sale,FRCL,2026-12-01,FRCL-2026-7253,,85,Foreclosure auction scheduled; Pre-foreclosure; New this week,Harris County Clerk,https://www.cclerk.hctx.net/applications/websearch/FRCL_R.aspx
,,,,TX,,,,TX,,Foreclosure Sale,FRCL,2026-12-01,FRCL-2026-7254,,85,Foreclosure auction scheduled; Pre-foreclosure; New this week,Harris County Clerk,https://www.cclerk.hctx.net/applications/websearch/FRCL_R.aspx
,,,,TX,,,,TX,,Foreclosure Sale,FRCL,2026-12-01,FRCL-2026-7255,,85,Foreclosure auction scheduled; Pre-foreclosure; New this week,Harris County Clerk,https://www.cclerk.hctx.net/applications/websearch/FRCL_R.aspx
,,,,TX,,,,TX,,Foreclosure Sale,FRCL,2026-12-01,FRCL-2026-7256,,85,Foreclosure auction scheduled; Pre-foreclosure; New this week,Harris County Clerk,https://www.cclerk.hctx.net/applications/websearch/FRCL_R.aspx
,,,,TX,,,,TX,,Foreclosure Sale,FRCL,2026-12-01,FRCL-2026-7257,,85,Foreclosure auction scheduled; Pre-foreclosure; New this week,Harris County Clerk,https://www.cclerk.hctx.net/applications/websearch/FRCL_R.aspx
,,,,TX,,,,TX,,Foreclosure Sale,FRCL,2026-12-01,FRCL-2026-7258,,85,Foreclosure auction scheduled; Pre-foreclosure; New this week,Harris County Clerk,https://www.cclerk.hctx.net/applications/websearch/FRCL_R.aspx
,,,,TX,,,,TX,,Foreclosure Sale,FRCL,2026-12-01,FRCL-2026-7259,,85,Foreclosure auction scheduled; Pre-foreclosure; New this week,Harris County Clerk,https://www.cclerk.hctx.net/applications/websearch/FRCL_R.aspx
,,,,TX,,,,TX,,Foreclosure Sale,FRCL,2026-12-01,FRCL-2026-7260,,85,Foreclosure auction scheduled; Pre-foreclosure; New this week,Harris County Clerk,https://www.cclerk.hctx.net/applications/websearch/FRCL_R.aspx
,,,,TX,,,,TX,,Foreclosure Sale,FRCL,2026-12-01,FRCL-2026-7261,,85,Foreclosure auction scheduled; Pre-foreclosure; New this week,Harris County Clerk,https://www.cclerk.hctx.net/applications/websearch/FRCL_R.aspx
,,,,TX,,,,TX,,Foreclosure Sale,FRCL,2026-12-01,FRCL-2026-7262,,85,Foreclosure auction scheduled; Pre-foreclosure; New this week,Harris County Clerk,https://www.cclerk.hctx.net/applications/websearch/FRCL_R.aspx
,,,,TX,,,,TX,,Foreclosure Sale,FRCL,2026-12-01,FRCL-2026-7227,,85,Foreclosure auction scheduled; Pre-foreclosure; New this week,Harris County Clerk,https://www.cclerk.hctx.net/applications/websearch/FRCL_R.aspx
,,,,TX,,,,TX,,Foreclosure Sale,FRCL,2026-12-01,FRCL-2026-7228,,85,Foreclosure auction scheduled; Pre-foreclosure; New this week,Harris County Clerk,https://www.cclerk.hctx.net/applications/websearch/FRCL_R.aspx
,,,,TX,,,,TX,,Foreclosure Sale,FRCL,2026-11-03,FRCL-2026-7263,,85,Foreclosure auction scheduled; Pre-foreclosure; New this week,Harris County Clerk,https://www.cclerk.hctx.net/applications/websearch/FRCL_R.aspx
,,,,TX,,,,TX,,Foreclosure Sale,FRCL,2026-12-01,FRCL-2026-7264,,85,Foreclosure auction scheduled; Pre-foreclosure; New this week,Harris County Clerk,https://www.cclerk.hctx.net/applications/websearch/FRCL_R.aspx
,,,,TX,,,,TX,,Foreclosure Sale,FRCL,2026-11-03,FRCL-2026-7265,,85,Foreclosure auction scheduled; Pre-foreclosure; New this week,Harris County Clerk,https://www.cclerk.hctx.net/applications/websearch/FRCL_R.aspx
,,,,TX,,,,TX,,Foreclosure Sale,FRCL,2026-11-03,FRCL-2026-7266,,85,Foreclosure auction scheduled; Pre-foreclosure; New this week,Harris County Clerk,https://www.cclerk.hctx.net/applications/websearch/FRCL_R.aspx
,,,,TX,,,,TX,,Foreclosure Sale,FRCL,2026-11-03,FRCL-2026-7267,,85,Foreclosure auction scheduled; Pre-foreclosure; New this week,Harris County Clerk,https://www.cclerk.hctx.net/applications/websearch/FRCL_R.aspx
,,,,TX,,,,TX,,Foreclosure Sale,FRCL,2026-11-03,FRCL-2026-7268,,85,Foreclosure auction scheduled; Pre-foreclosure; New this week,Harris County Clerk,https://www.cclerk.hctx.net/applications/websearch/FRCL_R.aspx
,,,,TX,,,,TX,,Foreclosure Sale,FRCL,2026-11-03,FRCL-2026-7269,,85,Foreclosure auction scheduled; Pre-foreclosure; New this week,Harris County Clerk,https://www.cclerk.hctx.net/applications/websearch/FRCL_R.aspx
,,,,TX,,,,TX,,Foreclosure Sale,FRCL,2026-11-03,FRCL-2026-7270,,85,Foreclosure auction scheduled; Pre-foreclosure; New this week,Harris County Clerk,https://www.cclerk.hctx.net/applications/websearch/FRCL_R.aspx
,,,,TX,,,,TX,,Foreclosure Sale,FRCL,2026-11-03,FRCL-2026-7271,,85,Foreclosure auction scheduled; Pre-foreclosure; New this week,Harris County Clerk,https://www.cclerk.hctx.net/applications/websearch/FRCL_R.aspx
,,,,TX,,,,TX,,Foreclosure Sale,FRCL,2026-11-03,FRCL-2026-7272,,85,Foreclosure auction scheduled; Pre-foreclosure; New this week,Harris County Clerk,https://www.cclerk.hctx.net/applications/websearch/FRCL_R.aspx
,,,,TX,,,,TX,,Foreclosure Sale,FRCL,2026-11-03,FRCL-2026-7273,,85,Foreclosure auction scheduled; Pre-foreclosure; New this week,Harris County Clerk,https://www.cclerk.hctx.net/applications/websearch/FRCL_R.aspx
,,,,TX,,,,TX,,Foreclosure Sale,FRCL,2026-11-03,FRCL-2026-7274,,85,Foreclosure auction scheduled; Pre-foreclosure; New this week,Harris County Clerk,https://www.cclerk.hctx.net/applications/websearch/FRCL_R.aspx
,,,,TX,,,,TX,,Foreclosure Sale,FRCL,2026-11-03,FRCL-2026-7275,,85,Foreclosure auction scheduled; Pre-foreclosure; New this week,Harris County Clerk,https://www.cclerk.hctx.net/applications/websearch/FRCL_R.aspx
,,,,TX,,,,TX,,Foreclosure Sale,FRCL,2026-11-03,FRCL-2026-7276,,85,Foreclosure auction scheduled; Pre-foreclosure; New this week,Harris County Clerk,https://www.cclerk.hctx.net/applications/websearch/FRCL_R.aspx
,,,,TX,,,,TX,,Foreclosure Sale,FRCL,2026-11-03,FRCL-2026-7277,,85,Foreclosure auction scheduled; Pre-foreclosure; New this week,Harris County Clerk,https://www.cclerk.hctx.net/applications/websearch/FRCL_R.aspx
,,,,TX,,,,TX,,Foreclosure Sale,FRCL,2026-11-03,FRCL-2026-7278,,85,Foreclosure auction scheduled; Pre-foreclosure; New this week,Harris County Clerk,https://www.cclerk.hctx.net/applications/websearch/FRCL_R.aspx
,,,,TX,,,,TX,,Foreclosure Sale,FRCL,2026-11-03,FRCL-2026-7279,,85,Foreclosure auction scheduled; Pre-foreclosure; New this week,Harris County Clerk,https://www.cclerk.hctx.net/applications/websearch/FRCL_R.aspx
,,,,TX,,,,TX,,Foreclosure Sale,FRCL,2026-11-03,FRCL-2026-7280,,85,Foreclosure auction scheduled; Pre-foreclosure; New this week,Harris County Clerk,https://www.cclerk.hctx.net/applications/websearch/FRCL_R.aspx
,,,,TX,,,,TX,,Foreclosure Sale,FRCL,2026-11-03,FRCL-2026-7281,,85,Foreclosure auction scheduled; Pre-foreclosure; New this week,Harris County Clerk,https://www.cclerk.hctx.net/applications/websearch/FRCL_R.aspx
,,,,TX,,,,TX,,Foreclosure Sale,FRCL,2026-11-03,FRCL-2026-7282,,85,Foreclosure auction scheduled; Pre-foreclosure; New this week,Harris County Clerk,https://www.cclerk.hctx.net/applications/websearch/FRCL_R.aspx
,,,,TX,,,,TX,,Foreclosure Sale,FRCL,2026-11-03,FRCL-2026-7283,,85,Foreclosure auction scheduled; Pre-foreclosure; New this week,Harris County Clerk,https://www.cclerk.hctx.net/applications/websearch/FRCL_R.aspx
,,,,TX,,,,TX,,Foreclosure Sale,FRCL,2026-11-03,FRCL-2026-7284,,85,Foreclosure auction scheduled; Pre-foreclosure; New this week,Harris County Clerk,https://www.cclerk.hctx.net/applications/websearch/FRCL_R.aspx
,,,,TX,,,,TX,,Foreclosure Sale,FRCL,2026-11-03,FRCL-2026-7285,,85,Foreclosure auction scheduled; Pre-foreclosure; New this week,Harris County Clerk,https://www.cclerk.hctx.net/applications/websearch/FRCL_R.aspx
,,,,TX,,,,TX,,Foreclosure Sale,FRCL,2026-11-03,FRCL-2026-7286,,85,Foreclosure auction scheduled; Pre-foreclosure; New this week,Harris County Clerk,https://www.cclerk.hctx.net/applications/websearch/FRCL_R.aspx
,,,,TX,,,,TX,,Foreclosure Sale,FRCL,2026-11-03,FRCL-2026-7287,,85,Foreclosure auction scheduled; Pre-foreclosure; New this week,Harris County Clerk,https://www.cclerk.hctx.net/applications/websearch/FRCL_R.aspx
,,,,TX,,,,TX,,Foreclosure Sale,FRCL,2026-11-03,FRCL-2026-7288,,85,Foreclosure auction scheduled; Pre-foreclosure; New this week,Harris County Clerk,https://www.cclerk.hctx.net/applications/websearch/FRCL_R.aspx
,,,,TX,,,,TX,,Foreclosure Sale,FRCL,2026-12-01,FRCL-2026-7289,,85,Foreclosure auction scheduled; Pre-foreclosure; New this week,Harris County Clerk,https://www.cclerk.hctx.net/applications/websearch/FRCL_R.aspx
,,,,TX,,,,TX,,Foreclosure Sale,FRCL,2026-12-01,FRCL-2026-7290,,85,Foreclosure auction scheduled; Pre-foreclosure; New this week,Harris County Clerk,https://www.cclerk.hctx.net/applications/websearch/FRCL_R.aspx
,,,,TX,,,,TX,,Foreclosure Sale,FRCL,2026-12-01,FRCL-2026-7291,,85,Foreclosure auction scheduled; Pre-foreclosure; New this week,Harris County Clerk,https://www.cclerk.hctx.net/applications/websearch/FRCL_R.aspx
,,,,TX,,,,TX,,Foreclosure Sale,FRCL,2026-12-01,FRCL-2026-7292,,85,Foreclosure auction scheduled; Pre-foreclosure; New this week,Harris County Clerk,https://www.cclerk.hctx.net/applications/websearch/FRCL_R.aspx
,,,,TX,,,,TX,,Foreclosure Sale,FRCL,2026-12-01,FRCL-2026-7293,,85,Foreclosure auction scheduled; Pre-foreclosure; New this week,Harris County Clerk,https://www.cclerk.hctx.net/applications/websearch/FRCL_R.aspx
,,,,TX,,,,TX,,Foreclosure Sale,FRCL,2026-12-01,FRCL-2026-7294,,85,Foreclosure auction scheduled; Pre-foreclosure; New this week,Harris County Clerk,https://www.cclerk.hctx.net/applications/websearch/FRCL_R.aspx
,,,,TX,,,,TX,,Foreclosure Sale,FRCL,2026-12-01,FRCL-2026-7295,,85,Foreclosure auction scheduled; Pre-foreclosure; New this week,Harris County Clerk,https://www.cclerk.hctx.net/applications/websearch/FRCL_R.aspx
,,,,TX,,,,TX,,Foreclosure Sale,FRCL,2026-12-01,FRCL-2026-7296,,85,Foreclosure auction scheduled; Pre-foreclosure; New this week,Harris County Clerk,https://www.cclerk.hctx.net/applications/websearch/FRCL_R.aspx
,,,,TX,,,,TX,,Foreclosure Sale,FRCL,2026-12-01,FRCL-2026-7297,,85,Foreclosure auction scheduled; Pre-foreclosure; New this week,Harris County Clerk,https://www.cclerk.hctx.net/applications/websearch/FRCL_R.aspx
,,,,TX,,,,TX,,Foreclosure Sale,FRCL,2026-11-03,FRCL-2026-7298,,85,Foreclosure auction scheduled; Pre-foreclosure; New this week,Harris County Clerk,https://www.cclerk.hctx.net/applications/websearch/FRCL_R.aspx
,,,,TX,,,,TX,,Foreclosure Sale,FRCL,2026-11-03,FRCL-2026-7310,,85,Foreclosure auction scheduled; Pre-foreclosure; New this week,Harris County Clerk,https://www.cclerk.hctx.net/applications/websearch/FRCL_R.aspx
,,,,TX,,,,TX,,Foreclosure Sale,FRCL,2026-11-03,FRCL-2026-7311,,85,Foreclosure auction scheduled; Pre-foreclosure; New this week,Harris County Clerk,https://www.cclerk.hctx.net/applications/websearch/FRCL_R.aspx
,,,,TX,,,,TX,,Foreclosure Sale,FRCL,2026-11-03,FRCL-2026-7312,,85,Foreclosure auction scheduled; Pre-foreclosure; New this week,Harris County Clerk,https://www.cclerk.hctx.net/applications/websearch/FRCL_R.aspx
,,,,TX,,,,TX,,Foreclosure Sale,FRCL,2026-11-03,FRCL-2026-7313,,85,Foreclosure auction scheduled; Pre-foreclosure; New this week,Harris County Clerk,https://www.cclerk.hctx.net/applications/websearch/FRCL_R.aspx
,,,,TX,,,,TX,,Foreclosure Sale,FRCL,2026-11-03,FRCL-2026-7314,,85,Foreclosure auction scheduled; Pre-foreclosure; New this week,Harris County Clerk,https://www.cclerk.hctx.net/applications/websearch/FRCL_R.aspx
,,,,TX,,,,TX,,Foreclosure Sale,FRCL,2026-12-01,FRCL-2026-7299,,85,Foreclosure auction scheduled; Pre-foreclosure; New this week,Harris County Clerk,https://www.cclerk.hctx.net/applications/websearch/FRCL_R.aspx
,,,,TX,,,,TX,,Foreclosure Sale,FRCL,2026-12-01,FRCL-2026-7300,,85,Foreclosure auction scheduled; Pre-foreclosure; New this week,Harris County Clerk,https://www.cclerk.hctx.net/applications/websearch/FRCL_R.aspx
,,,,TX,,,,TX,,Foreclosure Sale,FRCL,2026-12-01,FRCL-2026-7301,,85,Foreclosure auction scheduled; Pre-foreclosure; New this week,Harris County Clerk,https://www.cclerk.hctx.net/applications/websearch/FRCL_R.aspx
,,,,TX,,,,TX,,Foreclosure Sale,FRCL,2026-12-01,FRCL-2026-7302,,85,Foreclosure auction scheduled; Pre-foreclosure; New this week,Harris County Clerk,https://www.cclerk.hctx.net/applications/websearch/FRCL_R.aspx
,,,,TX,,,,TX,,Foreclosure Sale,FRCL,2026-12-01,FRCL-2026-7303,,85,Foreclosure auction scheduled; Pre-foreclosure; New this week,Harris County Clerk,https://www.cclerk.hctx.net/applications/websearch/FRCL_R.aspx
,,,,TX,,,,TX,,Foreclosure Sale,FRCL,2026-12-01,FRCL-2026-7304,,85,Foreclosure auction scheduled; Pre-foreclosure; New this week,Harris County Clerk,https://www.cclerk.hctx.net/applications/websearch/FRCL_R.aspx
,,,,TX,,,,TX,,Foreclosure Sale,FRCL,2026-12-01,FRCL-2026-7305,,85,Foreclosure auction scheduled; Pre-foreclosure; New this week,Harris County Clerk,https://www.cclerk.hctx.net/applications/websearch/FRCL_R.aspx
,,,,TX,,,,TX,,Foreclosure Sale,FRCL,2026-12-01,FRCL-2026-7306,,85,Foreclosure auction scheduled; Pre-foreclosure; New this week,Harris County Clerk,https://www.cclerk.hctx.net/applications/websearch/FRCL_R.aspx
,,,,TX,,,,TX,,Foreclosure Sale,FRCL,2026-12-01,FRCL-2026-7307,,85,Foreclosure auction scheduled; Pre-foreclosure; New this week,Harris County Clerk,https://www.cclerk.hctx.net/applications/websearch/FRCL_R.aspx
,,,,TX,,,,TX,,Foreclosure Sale,FRCL,2026-12-01,FRCL-2026-7308,,85,Foreclosure auction scheduled; Pre-foreclosure; New this week,Harris County Clerk,https://www.cclerk.hctx.net/applications/websearch/FRCL_R.aspx
,,,,TX,,,,TX,,Foreclosure Sale,FRCL,2026-12-01,FRCL-2026-7309,,85,Foreclosure auction scheduled; Pre-foreclosure; New this week,Harris County Clerk,https://www.cclerk.hctx.net/applications/websearch/FRCL_R.aspx
,,,,TX,,,,TX,,Foreclosure Sale,FRCL,2026-12-01,FRCL-2026-7315,,85,Foreclosure auction scheduled; Pre-foreclosure; New this week,Harris County Clerk,https://www.cclerk.hctx.net/applications/websearch/FRCL_R.aspx
,,,,TX,,,,TX,,Foreclosure Sale,FRCL,2026-12-01,FRCL-2026-7316,,85,Foreclosure auction scheduled; Pre-foreclosure; New this week,Harris County Clerk,https://www.cclerk.hctx.net/applications/websearch/FRCL_R.aspx
,,,,TX,,,,TX,,Foreclosure Sale,FRCL,2026-12-01,FRCL-2026-7317,,85,Foreclosure auction scheduled; Pre-foreclosure; New this week,Harris County Clerk,https://www.cclerk.hctx.net/applications/websearch/FRCL_R.aspx
,,,,TX,,,,TX,,Foreclosure Sale,FRCL,2026-12-01,FRCL-2026-7318,,85,Foreclosure auction scheduled; Pre-foreclosure; New this week,Harris County Clerk,https://www.cclerk.hctx.net/applications/websearch/FRCL_R.aspx
,,,,TX,,,,TX,,Foreclosure Sale,FRCL,2026-12-01,FRCL-2026-7319,,85,Foreclosure auction scheduled; Pre-foreclosure; New this week,Harris County Clerk,https://www.cclerk.hctx.net/applications/websearch/FRCL_R.aspx
,,,,TX,,,,TX,,Foreclosure Sale,FRCL,2026-12-01,FRCL-2026-7320,,85,Foreclosure auction scheduled; Pre-foreclosure; New this week,Harris County Clerk,https://www.cclerk.hctx.net/applications/websearch/FRCL_R.aspx
,,,,TX,,,,TX,,Foreclosure Sale,FRCL,2026-12-01,FRCL-2026-7321,,85,Foreclosure auction scheduled; Pre-foreclosure; New this week,Harris County Clerk,https://www.cclerk.hctx.net/applications/websearch/FRCL_R.aspx
,,,,TX,,,,TX,,Foreclosure Sale,FRCL,2026-12-01,FRCL-2026-7322,,85,Foreclosure auction scheduled; Pre-foreclosure; New this week,Harris County Clerk,https://www.cclerk.hctx.net/applications/websearch/FRCL_R.aspx
,,,,TX,,,,TX,,Foreclosure Sale,FRCL,2026-12-01,FRCL-2026-7323,,85,Foreclosure auction scheduled; Pre-foreclosure; New this week,Harris County Clerk,https://www.cclerk.hctx.net/applications/websearch/FRCL_R.aspx
,,,,TX,,,,TX,,Foreclosure Sale,FRCL,2026-12-01,FRCL-2026-7324,,85,Foreclosure auction scheduled; Pre-foreclosure; New this week,Harris County Clerk,https://www.cclerk.hctx.net/applications/websearch/FRCL_R.aspx
,,,,TX,,,,TX,,Foreclosure Sale,FRCL,2026-11-03,FRCL-2026-7325,,85,Foreclosure auction scheduled; Pre-foreclosure; New this week,Harris County Clerk,https://www.cclerk.hctx.net/applications/websearch/FRCL_R.aspx
,,,,TX,,,,TX,,Foreclosure Sale,FRCL,2026-11-03,FRCL-2026-7330,,85,Foreclosure auction scheduled; Pre-foreclosure; New this week,Harris County Clerk,https://www.cclerk.hctx.net/applications/websearch/FRCL_R.aspx
,,,,TX,,,,TX,,Foreclosure Sale,FRCL,2026-12-01,FRCL-2026-7331,,85,Foreclosure auction scheduled; Pre-foreclosure; New this week,Harris County Clerk,https://www.cclerk.hctx.net/applications/websearch/FRCL_R.aspx
,,,,TX,,,,TX,,Foreclosure Sale,FRCL,2026-11-03,FRCL-2026-7326,,85,Foreclosure auction scheduled; Pre-foreclosure; New this week,Harris County Clerk,https://www.cclerk.hctx.net/applications/websearch/FRCL_R.aspx
,,,,TX,,,,TX,,Foreclosure Sale,FRCL,2026-11-03,FRCL-2026-7327,,85,Foreclosure auction scheduled; Pre-foreclosure; New this week,Harris County Clerk,https://www.cclerk.hctx.net/applications/websearch/FRCL_R.aspx
,,,,TX,,,,TX,,Foreclosure Sale,FRCL,2026-11-03,FRCL-2026-7328,,85,Foreclosure auction scheduled; Pre-foreclosure; New this week,Harris County Clerk,https://www.cclerk.hctx.net/applications/websearch/FRCL_R.aspx
,,,,TX,,,,TX,,Foreclosure Sale,FRCL,2026-12-01,FRCL-2026-7329,,85,Foreclosure auction scheduled; Pre-foreclosure; New this week,Harris County Clerk,https://www.cclerk.hctx.net/applications/websearch/FRCL_R.aspx
,,,,TX,,,,TX,,Foreclosure Sale,FRCL,2026-11-03,FRCL-2026-7332,,85,Foreclosure auction scheduled; Pre-foreclosure; New this week,Harris County Clerk,https://www.cclerk.hctx.net/applications/websearch/FRCL_R.aspx
,,,,TX,,,,TX,,Foreclosure Sale,FRCL,2026-11-03,FRCL-2026-7333,,85,Foreclosure auction scheduled; Pre-foreclosure; New this week,Harris County Clerk,https://www.cclerk.hctx.net/applications/websearch/FRCL_R.aspx
,,,,TX,,,,TX,,Foreclosure Sale,FRCL,2026-11-03,FRCL-2026-7334,,85,Foreclosure auction scheduled; Pre-foreclosure; New this week,Harris County Clerk,https://www.cclerk.hctx.net/applications/websearch/FRCL_R.aspx
,,,,TX,,,,TX,,Foreclosure Sale,FRCL,2026-11-03,FRCL-2026-7335,,85,Foreclosure auction scheduled; Pre-foreclosure; New this week,Harris County Clerk,https://www.cclerk.hctx.net/applications/websearch/FRCL_R.aspx
,,,,TX,,,,TX,,Foreclosure Sale,FRCL,2026-11-03,FRCL-2026-7336,,85,Foreclosure auction scheduled; Pre-foreclosure; New this week,Harris County Clerk,https://www.cclerk.hctx.net/applications/websearch/FRCL_R.aspx
,,,,TX,,,,TX,,Foreclosure Sale,FRCL,2026-11-03,FRCL-2026-7337,,85,Foreclosure auction scheduled; Pre-foreclosure; New this week,Harris County Clerk,https://www.cclerk.hctx.net/applications/websearch/FRCL_R.aspx
,,,,TX,,,,TX,,Foreclosure Sale,FRCL,2026-11-03,FRCL-2026-7338,,85,Foreclosure auction scheduled; Pre-foreclosure; New this week,Harris County Clerk,https://www.cclerk.hctx.net/applications/websearch/FRCL_R.aspx
,,,,TX,,,,TX,,Foreclosure Sale,FRCL,2026-11-03,FRCL-2026-7339,,85,Foreclosure auction scheduled; Pre-foreclosure; New this week,Harris County Clerk,https://www.cclerk.hctx.net/applications/websearch/FRCL_R.aspx
,,,,TX,,,,TX,,Foreclosure Sale,FRCL,2026-11-03,FRCL-2026-7340,,85,Foreclosure auction scheduled; Pre-foreclosure; New this week,Harris County Clerk,https://www.cclerk.hctx.net/applications/websearch/FRCL_R.aspx
,,,,TX,,,,TX,,Foreclosure Sale,FRCL,2026-11-03,FRCL-2026-7341,,85,Foreclosure auction scheduled; Pre-foreclosure; New this week,Harris County Clerk,https://www.cclerk.hctx.net/applications/websearch/FRCL_R.aspx
,,,,TX,,,,TX,,Foreclosure Sale,FRCL,2026-11-03,FRCL-2026-7342,,85,Foreclosure auction scheduled; Pre-foreclosure; New this week,Harris County Clerk,https://www.cclerk.hctx.net/applications/websearch/FRCL_R.aspx
,,,,TX,,,,TX,,Foreclosure Sale,FRCL,2026-11-03,FRCL-2026-7343,,85,Foreclosure auction scheduled; Pre-foreclosure; New this week,Harris County Clerk,https://www.cclerk.hctx.net/applications/websearch/FRCL_R.aspx
,,,,TX,,,,TX,,Foreclosure Sale,FRCL,2026-11-03,FRCL-2026-7344,,85,Foreclosure auction scheduled; Pre-foreclosure; New this week,Harris County Clerk,https://www.cclerk.hctx.net/applications/websearch/FRCL_R.aspx
,,,,TX,,,,TX,,Foreclosure Sale,FRCL,2026-11-03,FRCL-2026-7345,,85,Foreclosure auction scheduled; Pre-foreclosure; New this week,Harris County Clerk,https://www.cclerk.hctx.net/applications/websearch/FRCL_R.aspx
,,,,TX,,,,TX,,Foreclosure Sale,FRCL,2026-11-03,FRCL-2026-7346,,85,Foreclosure auction scheduled; Pre-foreclosure; New this week,Harris County Clerk,https://www.cclerk.hctx.net/applications/websearch/FRCL_R.aspx
,,,,TX,,,,TX,,Foreclosure Sale,FRCL,2026-11-03,FRCL-2026-7347,,85,Foreclosure auction scheduled; Pre-foreclosure; New this week,Harris County Clerk,https://www.cclerk.hctx.net/applications/websearch/FRCL_R.aspx
,,,,TX,,,,TX,,Foreclosure Sale,FRCL,2026-11-03,FRCL-2026-7348,,85,Foreclosure auction scheduled; Pre-foreclosure; New this week,Harris County Clerk,https://www.cclerk.hctx.net/applications/websearch/FRCL_R.aspx
,,,,TX,,,,TX,,Foreclosure Sale,FRCL,2026-11-03,FRCL-2026-7349,,85,Foreclosure auction scheduled; Pre-foreclosure; New this week,Harris County Clerk,https://www.cclerk.hctx.net/applications/websearch/FRCL_R.aspx
,,,,TX,,,,TX,,Foreclosure Sale,FRCL,2026-12-01,FRCL-2026-7350,,85,Foreclosure auction scheduled; Pre-foreclosure; New this week,Harris County Clerk,https://www.cclerk.hctx.net/applications/websearch/FRCL_R.aspx
,,,,TX,,,,TX,,Foreclosure Sale,FRCL,2026-12-01,FRCL-2026-7351,,85,Foreclosure auction scheduled; Pre-foreclosure; New this week,Harris County Clerk,https://www.cclerk.hctx.net/applications/websearch/FRCL_R.aspx
,,,,TX,,,,TX,,Foreclosure Sale,FRCL,2026-12-01,FRCL-2026-7352,,85,Foreclosure auction scheduled; Pre-foreclosure; New this week,Harris County Clerk,https://www.cclerk.hctx.net/applications/websearch/FRCL_R.aspx
,,,,TX,,,,TX,,Foreclosure Sale,FRCL,2026-12-01,FRCL-2026-7353,,85,Foreclosure auction scheduled; Pre-foreclosure; New this week,Harris County Clerk,https://www.cclerk.hctx.net/applications/websearch/FRCL_R.aspx
,,,,TX,,,,TX,,Foreclosure Sale,FRCL,2026-12-01,FRCL-2026-7354,,85,Foreclosure auction scheduled; Pre-foreclosure; New this week,Harris County Clerk,https://www.cclerk.hctx.net/applications/websearch/FRCL_R.aspx
,,,,TX,,,,TX,,Foreclosure Sale,FRCL,2026-12-01,FRCL-2026-7355,,85,Foreclosure auction scheduled; Pre-foreclosure; New this week,Harris County Clerk,https://www.cclerk.hctx.net/applications/websearch/FRCL_R.aspx
,,,,TX,,,,TX,,Foreclosure Sale,FRCL,2026-12-01,FRCL-2026-7356,,85,Foreclosure auction scheduled; Pre-foreclosure; New this week,Harris County Clerk,https://www.cclerk.hctx.net/applications/websearch/FRCL_R.aspx
,,,,TX,,,,TX,,Foreclosure Sale,FRCL,2026-12-01,FRCL-2026-7357,,85,Foreclosure auction scheduled; Pre-foreclosure; New this week,Harris County Clerk,https://www.cclerk.hctx.net/applications/websearch/FRCL_R.aspx
,,,,TX,,,,TX,,Foreclosure Sale,FRCL,2026-12-01,FRCL-2026-7358,,85,Foreclosure auction scheduled; Pre-foreclosure; New this week,Harris County Clerk,https://www.cclerk.hctx.net/applications/websearch/FRCL_R.aspx
,,,,TX,,,,TX,,Foreclosure Sale,FRCL,2026-12-01,FRCL-2026-7359,,85,Foreclosure auction scheduled; Pre-foreclosure; New this week,Harris County Clerk,https://www.cclerk.hctx.net/applications/websearch/FRCL_R.aspx
,,,,TX,,,,TX,,Foreclosure Sale,FRCL,2026-11-03,FRCL-2026-7360,,85,Foreclosure auction scheduled; Pre-foreclosure; New this week,Harris County Clerk,https://www.cclerk.hctx.net/applications/websearch/FRCL_R.aspx
,,,,TX,,,,TX,,Foreclosure Sale,FRCL,2026-11-03,FRCL-2026-7361,,85,Foreclosure auction scheduled; Pre-foreclosure; New this week,Harris County Clerk,https://www.cclerk.hctx.net/applications/websearch/FRCL_R.aspx
,,,,TX,,,,TX,,Foreclosure Sale,FRCL,2026-12-01,FRCL-2026-7362,,85,Foreclosure auction scheduled; Pre-foreclosure; New this week,Harris County Clerk,https://www.cclerk.hctx.net/applications/websearch/FRCL_R.aspx
,,,,TX,,,,TX,,Foreclosure Sale,FRCL,2026-11-03,FRCL-2026-7363,,85,Foreclosure auction scheduled; Pre-foreclosure; New this week,Harris County Clerk,https://www.cclerk.hctx.net/applications/websearch/FRCL_R.aspx
,,,,TX,,,,TX,,Foreclosure Sale,FRCL,2026-11-03,FRCL-2026-5654,,85,Foreclosure auction scheduled; Pre-foreclosure; New this week,Harris County Clerk,https://www.cclerk.hctx.net/applications/websearch/FRCL_R.aspx
,,,,TX,,,,TX,,Foreclosure Sale,FRCL,2026-11-03,FRCL-2026-5922,,85,Foreclosure auction scheduled; Pre-foreclosure; New this week,Harris County Clerk,https://www.cclerk.hctx.net/applications/websearch/FRCL_R.aspx
,,,,TX,,,,TX,,Foreclosure Sale,FRCL,2026-11-03,FRCL-2026-5980,,85,Foreclosure auction scheduled; Pre-foreclosure; New this week,Harris County Clerk,https://www.cclerk.hctx.net/applications/websearch/FRCL_R.aspx
,,,,TX,,,,TX,,Foreclosure Sale,FRCL,2026-11-03,FRCL-2026-5981,,85,Foreclosure auction scheduled; Pre-foreclosure; New this week,Harris County Clerk,https://www.cclerk.hctx.net/applications/websearch/FRCL_R.aspx
,,,,TX,,,,TX,,Foreclosure Sale,FRCL,2026-11-03,FRCL-2026-6016,,85,Foreclosure auction scheduled; Pre-foreclosure; New this week,Harris County Clerk,https://www.cclerk.hctx.net/applications/websearch/FRCL_R.aspx
,,,,TX,,,,TX,,Foreclosure Sale,FRCL,2026-11-03,FRCL-2026-6017,,85,Foreclosure auction scheduled; Pre-foreclosure; New this week,Harris County Clerk,https://www.cclerk.hctx.net/applications/websearch/FRCL_R.aspx
,,,,TX,,,,TX,,Foreclosure Sale,FRCL,2026-11-03,FRCL-2026-6018,,85,Foreclosure auction scheduled; Pre-foreclosure; New this week,Harris County Clerk,https://www.cclerk.hctx.net/applications/websearch/FRCL_R.aspx
,,,,TX,,,,TX,,Foreclosure Sale,FRCL,2026-11-03,FRCL-2026-6019,,85,Foreclosure auction scheduled; Pre-foreclosure; New this week,Harris County Clerk,https://www.cclerk.hctx.net/applications/websearch/FRCL_R.aspx
,,,,TX,,,,TX,,Foreclosure Sale,FRCL,2026-11-03,FRCL-2026-5992,,85,Foreclosure auction scheduled; Pre-foreclosure; New this week,Harris County Clerk,https://www.cclerk.hctx.net/applications/websearch/FRCL_R.aspx
,,,,TX,,,,TX,,Foreclosure Sale,FRCL,2026-11-03,FRCL-2026-5993,,85,Foreclosure auction scheduled; Pre-foreclosure; New this week,Harris County Clerk,https://www.cclerk.hctx.net/applications/websearch/FRCL_R.aspx
,,,,TX,,,,TX,,Foreclosure Sale,FRCL,2026-11-03,FRCL-2026-5984,,85,Foreclosure auction scheduled; Pre-foreclosure; New this week,Harris County Clerk,https://www.cclerk.hctx.net/applications/websearch/FRCL_R.aspx
,,,,TX,,,,TX,,Foreclosure Sale,FRCL,2026-11-03,FRCL-2026-5987,,85,Foreclosure auction scheduled; Pre-foreclosure; New this week,Harris County Clerk,https://www.cclerk.hctx.net/applications/websearch/FRCL_R.aspx
,,,,TX,,,,TX,,Foreclosure Sale,FRCL,2026-11-03,FRCL-2026-5988,,85,Foreclosure auction scheduled; Pre-foreclosure; New this week,Harris County Clerk,https://www.cclerk.hctx.net/applications/websearch/FRCL_R.aspx
,,,,TX,,,,TX,,Foreclosure Sale,FRCL,2026-11-03,FRCL-2026-5989,,85,Foreclosure auction scheduled; Pre-foreclosure; New this week,Harris County Clerk,https://www.cclerk.hctx.net/applications/websearch/FRCL_R.aspx
,,,,TX,,,,TX,,Foreclosure Sale,FRCL,2026-11-03,FRCL-2026-6033,,85,Foreclosure auction scheduled; Pre-foreclosure; New this week,Harris County Clerk,https://www.cclerk.hctx.net/applications/websearch/FRCL_R.aspx
,,,,TX,,,,TX,,Foreclosure Sale,FRCL,2026-11-03,FRCL-2026-6034,,85,Foreclosure auction scheduled; Pre-foreclosure; New this week,Harris County Clerk,https://www.cclerk.hctx.net/applications/websearch/FRCL_R.aspx
,,,,TX,,,,TX,,Foreclosure Sale,FRCL,2026-11-03,FRCL-2026-6044,,85,Foreclosure auction scheduled; Pre-foreclosure; New this week,Harris County Clerk,https://www.cclerk.hctx.net/applications/websearch/FRCL_R.aspx
,,,,TX,,,,TX,,Foreclosure Sale,FRCL,2026-11-03,FRCL-2026-6046,,85,Foreclosure auction scheduled; Pre-foreclosure; New this week,Harris County Clerk,https://www.cclerk.hctx.net/applications/websearch/FRCL_R.aspx
,,,,TX,,,,TX,,Foreclosure Sale,FRCL,2026-11-03,FRCL-2026-6054,,85,Foreclosure auction scheduled; Pre-foreclosure; New this week,Harris County Clerk,https://www.cclerk.hctx.net/applications/websearch/FRCL_R.aspx
,,,,TX,,,,TX,,Foreclosure Sale,FRCL,2026-11-03,FRCL-2026-6055,,85,Foreclosure auction scheduled; Pre-foreclosure; New this week,Harris County Clerk,https://www.cclerk.hctx.net/applications/websearch/FRCL_R.aspx
,,,,TX,,,,TX,,Foreclosure Sale,FRCL,2026-11-03,FRCL-2026-6058,,85,Foreclosure auction scheduled; Pre-foreclosure; New this week,Harris County Clerk,https://www.cclerk.hctx.net/applications/websearch/FRCL_R.aspx
,,,,TX,,,,TX,,Foreclosure Sale,FRCL,2026-11-03,FRCL-2026-6059,,85,Foreclosure auction scheduled; Pre-foreclosure; New this week,Harris County Clerk,https://www.cclerk.hctx.net/applications/websearch/FRCL_R.aspx
,,,,TX,,,,TX,,Foreclosure Sale,FRCL,2026-11-03,FRCL-2026-6071,,85,Foreclosure auction scheduled; Pre-foreclosure; New this week,Harris County Clerk,https://www.cclerk.hctx.net/applications/websearch/FRCL_R.aspx
,,,,TX,,,,TX,,Foreclosure Sale,FRCL,2026-11-03,FRCL-2026-6079,,85,Foreclosure auction scheduled; Pre-foreclosure; New this week,Harris County Clerk,https://www.cclerk.hctx.net/applications/websearch/FRCL_R.aspx
,,,,TX,,,,TX,,Foreclosure Sale,FRCL,2026-11-03,FRCL-2026-6080,,85,Foreclosure auction scheduled; Pre-foreclosure; New this week,Harris County Clerk,https://www.cclerk.hctx.net/applications/websearch/FRCL_R.aspx
,,,,TX,,,,TX,,Foreclosure Sale,FRCL,2026-11-03,FRCL-2026-6081,,85,Foreclosure auction scheduled; Pre-foreclosure; New this week,Harris County Clerk,https://www.cclerk.hctx.net/applications/websearch/FRCL_R.aspx
,,,,TX,,,,TX,,Foreclosure Sale,FRCL,2026-11-03,FRCL-2026-6082,,85,Foreclosure auction scheduled; Pre-foreclosure; New this week,Harris County Clerk,https://www.cclerk.hctx.net/applications/websearch/FRCL_R.aspx
,,,,TX,,,,TX,,Foreclosure Sale,FRCL,2026-11-03,FRCL-2026-6083,,85,Foreclosure auction scheduled; Pre-foreclosure; New this week,Harris County Clerk,https://www.cclerk.hctx.net/applications/websearch/FRCL_R.aspx
,,,,TX,,,,TX,,Foreclosure Sale,FRCL,2026-11-03,FRCL-2026-6084,,85,Foreclosure auction scheduled; Pre-foreclosure; New this week,Harris County Clerk,https://www.cclerk.hctx.net/applications/websearch/FRCL_R.aspx
,,,,TX,,,,TX,,Foreclosure Sale,FRCL,2026-11-03,FRCL-2026-6085,,85,Foreclosure auction scheduled; Pre-foreclosure; New this week,Harris County Clerk,https://www.cclerk.hctx.net/applications/websearch/FRCL_R.aspx
,,,,TX,,,,TX,,Foreclosure Sale,FRCL,2026-11-03,FRCL-2026-6086,,85,Foreclosure auction scheduled; Pre-foreclosure; New this week,Harris County Clerk,https://www.cclerk.hctx.net/applications/websearch/FRCL_R.aspx
,,,,TX,,,,TX,,Foreclosure Sale,FRCL,2026-11-03,FRCL-2026-6087,,85,Foreclosure auction scheduled; Pre-foreclosure; New this week,Harris County Clerk,https://www.cclerk.hctx.net/applications/websearch/FRCL_R.aspx
,,,,TX,,,,TX,,Foreclosure Sale,FRCL,2026-11-03,FRCL-2026-6088,,85,Foreclosure auction scheduled; Pre-foreclosure; New this week,Harris County Clerk,https://www.cclerk.hctx.net/applications/websearch/FRCL_R.aspx
,,,,TX,,,,TX,,Foreclosure Sale,FRCL,2026-11-03,FRCL-2026-6089,,85,Foreclosure auction scheduled; Pre-foreclosure; New this week,Harris County Clerk,https://www.cclerk.hctx.net/applications/websearch/FRCL_R.aspx
,,,,TX,,,,TX,,Foreclosure Sale,FRCL,2026-11-03,FRCL-2026-6096,,85,Foreclosure auction scheduled; Pre-foreclosure; New this week,Harris County Clerk,https://www.cclerk.hctx.net/applications/websearch/FRCL_R.aspx
,,,,TX,,,,TX,,Foreclosure Sale,FRCL,2026-11-03,FRCL-2026-6097,,85,Foreclosure auction scheduled; Pre-foreclosure; New this week,Harris County Clerk,https://www.cclerk.hctx.net/applications/websearch/FRCL_R.aspx
,,,,TX,,,,TX,,Foreclosure Sale,FRCL,2026-11-03,FRCL-2026-6098,,85,Foreclosure auction scheduled; Pre-foreclosure; New this week,Harris County Clerk,https://www.cclerk.hctx.net/applications/websearch/FRCL_R.aspx
,,,,TX,,,,TX,,Foreclosure Sale,FRCL,2026-11-03,FRCL-2026-6099,,85,Foreclosure auction scheduled; Pre-foreclosure; New this week,Harris County Clerk,https://www.cclerk.hctx.net/applications/websearch/FRCL_R.aspx
,,,,TX,,,,TX,,Foreclosure Sale,FRCL,2026-11-03,FRCL-2026-6100,,85,Foreclosure auction scheduled; Pre-foreclosure; New this week,Harris County Clerk,https://www.cclerk.hctx.net/applications/websearch/FRCL_R.aspx
,,,,TX,,,,TX,,Foreclosure Sale,FRCL,2026-11-03,FRCL-2026-6101,,85,Foreclosure auction scheduled; Pre-foreclosure; New this week,Harris County Clerk,https://www.cclerk.hctx.net/applications/websearch/FRCL_R.aspx
,,,,TX,,,,TX,,Foreclosure Sale,FRCL,2026-11-03,FRCL-2026-6102,,85,Foreclosure auction scheduled; Pre-foreclosure; New this week,Harris County Clerk,https://www.cclerk.hctx.net/applications/websearch/FRCL_R.aspx
,,,,TX,,,,TX,,Foreclosure Sale,FRCL,2026-11-03,FRCL-2026-6103,,85,Foreclosure auction scheduled; Pre-foreclosure; New this week,Harris County Clerk,https://www.cclerk.hctx.net/applications/websearch/FRCL_R.aspx
,,,,TX,,,,TX,,Foreclosure Sale,FRCL,2026-11-03,FRCL-2026-6065,,85,Foreclosure auction scheduled; Pre-foreclosure; New this week,Harris County Clerk,https://www.cclerk.hctx.net/applications/websearch/FRCL_R.aspx
,,,,TX,,,,TX,,Foreclosure Sale,FRCL,2026-11-03,FRCL-2026-6066,,85,Foreclosure auction scheduled; Pre-foreclosure; New this week,Harris County Clerk,https://www.cclerk.hctx.net/applications/websearch/FRCL_R.aspx
,,,,TX,,,,TX,,Foreclosure Sale,FRCL,2026-11-03,FRCL-2026-6067,,85,Foreclosure auction scheduled; Pre-foreclosure; New this week,Harris County Clerk,https://www.cclerk.hctx.net/applications/websearch/FRCL_R.aspx
,,,,TX,,,,TX,,Foreclosure Sale,FRCL,2026-11-03,FRCL-2026-6068,,85,Foreclosure auction scheduled; Pre-foreclosure; New this week,Harris County Clerk,https://www.cclerk.hctx.net/applications/websearch/FRCL_R.aspx
,,,,TX,,,,TX,,Foreclosure Sale,FRCL,2026-11-03,FRCL-2026-6069,,85,Foreclosure auction scheduled; Pre-foreclosure; New this week,Harris County Clerk,https://www.cclerk.hctx.net/applications/websearch/FRCL_R.aspx
,,,,TX,,,,TX,,Foreclosure Sale,FRCL,2026-11-03,FRCL-2026-6118,,85,Foreclosure auction scheduled; Pre-foreclosure; New this week,Harris County Clerk,https://www.cclerk.hctx.net/applications/websearch/FRCL_R.aspx
,,,,TX,,,,TX,,Foreclosure Sale,FRCL,2026-11-03,FRCL-2026-6119,,85,Foreclosure auction scheduled; Pre-foreclosure; New this week,Harris County Clerk,https://www.cclerk.hctx.net/applications/websearch/FRCL_R.aspx
,,,,TX,,,,TX,,Foreclosure Sale,FRCL,2026-11-03,FRCL-2026-6120,,85,Foreclosure auction scheduled; Pre-foreclosure; New this week,Harris County Clerk,https://www.cclerk.hctx.net/applications/websearch/FRCL_R.aspx
,,,,TX,,,,TX,,Foreclosure Sale,FRCL,2026-11-03,FRCL-2026-6124,,85,Foreclosure auction scheduled; Pre-foreclosure; New this week,Harris County Clerk,https://www.cclerk.hctx.net/applications/websearch/FRCL_R.aspx
,,,,TX,,,,TX,,Foreclosure Sale,FRCL,2026-11-03,FRCL-2026-6148,,85,Foreclosure auction scheduled; Pre-foreclosure; New this week,Harris County Clerk,https://www.cclerk.hctx.net/applications/websearch/FRCL_R.aspx
,,,,TX,,,,TX,,Foreclosure Sale,FRCL,2026-11-03,FRCL-2026-6149,,85,Foreclosure auction scheduled; Pre-foreclosure; New this week,Harris County Clerk,https://www.cclerk.hctx.net/applications/websearch/FRCL_R.aspx
,,,,TX,,,,TX,,Foreclosure Sale,FRCL,2026-11-03,FRCL-2026-6151,,85,Foreclosure auction scheduled; Pre-foreclosure; New this week,Harris County Clerk,https://www.cclerk.hctx.net/applications/websearch/FRCL_R.aspx
,,,,TX,,,,TX,,Foreclosure Sale,FRCL,2026-11-03,FRCL-2026-6152,,85,Foreclosure auction scheduled; Pre-foreclosure; New this week,Harris County Clerk,https://www.cclerk.hctx.net/applications/websearch/FRCL_R.aspx
,,,,TX,,,,TX,,Foreclosure Sale,FRCL,2026-11-03,FRCL-2026-6172,,85,Foreclosure auction scheduled; Pre-foreclosure; New this week,Harris County Clerk,https://www.cclerk.hctx.net/applications/websearch/FRCL_R.aspx
,,,,TX,,,,TX,,Foreclosure Sale,FRCL,2026-11-03,FRCL-2026-6173,,85,Foreclosure auction scheduled; Pre-foreclosure; New this week,Harris County Clerk,https://www.cclerk.hctx.net/applications/websearch/FRCL_R.aspx
,,,,TX,,,,TX,,Foreclosure Sale,FRCL,2026-11-03,FRCL-2026-6174,,85,Foreclosure auction scheduled; Pre-foreclosure; New this week,Harris County Clerk,https://www.cclerk.hctx.net/applications/websearch/FRCL_R.aspx
,,,,TX,,,,TX,,Foreclosure Sale,FRCL,2026-11-03,FRCL-2026-6179,,85,Foreclosure auction scheduled; Pre-foreclosure; New this week,Harris County Clerk,https://www.cclerk.hctx.net/applications/websearch/FRCL_R.aspx
,,,,TX,,,,TX,,Foreclosure Sale,FRCL,2026-11-03,FRCL-2026-6185,,85,Foreclosure auction scheduled; Pre-foreclosure; New this week,Harris County Clerk,https://www.cclerk.hctx.net/applications/websearch/FRCL_R.aspx
,,,,TX,,,,TX,,Foreclosure Sale,FRCL,2026-11-03,FRCL-2026-6187,,85,Foreclosure auction scheduled; Pre-foreclosure; New this week,Harris County Clerk,https://www.cclerk.hctx.net/applications/websearch/FRCL_R.aspx
,,,,TX,,,,TX,,Foreclosure Sale,FRCL,2026-11-03,FRCL-2026-6190,,85,Foreclosure auction scheduled; Pre-foreclosure; New this week,Harris County Clerk,https://www.cclerk.hctx.net/applications/websearch/FRCL_R.aspx
,,,,TX,,,,TX,,Foreclosure Sale,FRCL,2026-11-03,FRCL-2026-6192,,85,Foreclosure auction scheduled; Pre-foreclosure; New this week,Harris County Clerk,https://www.cclerk.hctx.net/applications/websearch/FRCL_R.aspx
,,,,TX,,,,TX,,Foreclosure Sale,FRCL,2026-11-03,FRCL-2026-6200,,85,Foreclosure auction scheduled; Pre-foreclosure; New this week,Harris County Clerk,https://www.cclerk.hctx.net/applications/websearch/FRCL_R.aspx
,,,,TX,,,,TX,,Foreclosure Sale,FRCL,2026-11-03,FRCL-2026-6201,,85,Foreclosure auction scheduled; Pre-foreclosure; New this week,Harris County Clerk,https://www.cclerk.hctx.net/applications/websearch/FRCL_R.aspx
,,,,TX,,,,TX,,Foreclosure Sale,FRCL,2026-11-03,FRCL-2026-6202,,85,Foreclosure auction scheduled; Pre-foreclosure; New this week,Harris County Clerk,https://www.cclerk.hctx.net/applications/websearch/FRCL_R.aspx
,,,,TX,,,,TX,,Foreclosure Sale,FRCL,2026-11-03,FRCL-2026-6203,,85,Foreclosure auction scheduled; Pre-foreclosure; New this week,Harris County Clerk,https://www.cclerk.hctx.net/applications/websearch/FRCL_R.aspx
,,,,TX,,,,TX,,Foreclosure Sale,FRCL,2026-11-03,FRCL-2026-6204,,85,Foreclosure auction scheduled; Pre-foreclosure; New this week,Harris County Clerk,https://www.cclerk.hctx.net/applications/websearch/FRCL_R.aspx
,,,,TX,,,,TX,,Foreclosure Sale,FRCL,2026-11-03,FRCL-2026-6205,,85,Foreclosure auction scheduled; Pre-foreclosure; New this week,Harris County Clerk,https://www.cclerk.hctx.net/applications/websearch/FRCL_R.aspx
,,,,TX,,,,TX,,Foreclosure Sale,FRCL,2026-11-03,FRCL-2026-6206,,85,Foreclosure auction scheduled; Pre-foreclosure; New this week,Harris County Clerk,https://www.cclerk.hctx.net/applications/websearch/FRCL_R.aspx
,,,,TX,,,,TX,,Foreclosure Sale,FRCL,2026-11-03,FRCL-2026-6207,,85,Foreclosure auction scheduled; Pre-foreclosure; New this week,Harris County Clerk,https://www.cclerk.hctx.net/applications/websearch/FRCL_R.aspx
,,,,TX,,,,TX,,Foreclosure Sale,FRCL,2026-11-03,FRCL-2026-6208,,85,Foreclosure auction scheduled; Pre-foreclosure; New this week,Harris County Clerk,https://www.cclerk.hctx.net/applications/websearch/FRCL_R.aspx
,,,,TX,,,,TX,,Foreclosure Sale,FRCL,2026-11-03,FRCL-2026-6209,,85,Foreclosure auction scheduled; Pre-foreclosure; New this week,Harris County Clerk,https://www.cclerk.hctx.net/applications/websearch/FRCL_R.aspx
,,,,TX,,,,TX,,Foreclosure Sale,FRCL,2026-11-03,FRCL-2026-6210,,85,Foreclosure auction scheduled; Pre-foreclosure; New this week,Harris County Clerk,https://www.cclerk.hctx.net/applications/websearch/FRCL_R.aspx
,,,,TX,,,,TX,,Foreclosure Sale,FRCL,2026-11-03,FRCL-2026-6211,,85,Foreclosure auction scheduled; Pre-foreclosure; New this week,Harris County Clerk,https://www.cclerk.hctx.net/applications/websearch/FRCL_R.aspx
,,,,TX,,,,TX,,Foreclosure Sale,FRCL,2026-11-03,FRCL-2026-6212,,85,Foreclosure auction scheduled; Pre-foreclosure; New this week,Harris County Clerk,https://www.cclerk.hctx.net/applications/websearch/FRCL_R.aspx
,,,,TX,,,,TX,,Foreclosure Sale,FRCL,2026-11-03,FRCL-2026-6213,,85,Foreclosure auction scheduled; Pre-foreclosure; New this week,Harris County Clerk,https://www.cclerk.hctx.net/applications/websearch/FRCL_R.aspx
,,,,TX,,,,TX,,Foreclosure Sale,FRCL,2026-11-03,FRCL-2026-6266,,85,Foreclosure auction scheduled; Pre-foreclosure; New this week,Harris County Clerk,https://www.cclerk.hctx.net/applications/websearch/FRCL_R.aspx
,,,,TX,,,,TX,,Foreclosure Sale,FRCL,2026-11-03,FRCL-2026-6267,,85,Foreclosure auction scheduled; Pre-foreclosure; New this week,Harris County Clerk,https://www.cclerk.hctx.net/applications/websearch/FRCL_R.aspx
,,,,TX,,,,TX,,Foreclosure Sale,FRCL,2026-11-03,FRCL-2026-6245,,85,Foreclosure auction scheduled; Pre-foreclosure; New this week,Harris County Clerk,https://www.cclerk.hctx.net/applications/websearch/FRCL_R.aspx
,,,,TX,,,,TX,,Foreclosure Sale,FRCL,2026-11-03,FRCL-2026-6239,,85,Foreclosure auction scheduled; Pre-foreclosure; New this week,Harris County Clerk,https://www.cclerk.hctx.net/applications/websearch/FRCL_R.aspx
,,,,TX,,,,TX,,Foreclosure Sale,FRCL,2026-11-03,FRCL-2026-6240,,85,Foreclosure auction scheduled; Pre-foreclosure; New this week,Harris County Clerk,https://www.cclerk.hctx.net/applications/websearch/FRCL_R.aspx
,,,,TX,,,,TX,,Foreclosure Sale,FRCL,2026-11-03,FRCL-2026-6241,,85,Foreclosure auction scheduled; Pre-foreclosure; New this week,Harris County Clerk,https://www.cclerk.hctx.net/applications/websearch/FRCL_R.aspx
,,,,TX,,,,TX,,Foreclosure Sale,FRCL,2026-11-03,FRCL-2026-6242,,85,Foreclosure auction scheduled; Pre-foreclosure; New this week,Harris County Clerk,https://www.cclerk.hctx.net/applications/websearch/FRCL_R.aspx
,,,,TX,,,,TX,,Foreclosure Sale,FRCL,2026-11-03,FRCL-2026-6243,,85,Foreclosure auction scheduled; Pre-foreclosure; New this week,Harris County Clerk,https://www.cclerk.hctx.net/applications/websearch/FRCL_R.aspx
,,,,TX,,,,TX,,Foreclosure Sale,FRCL,2026-11-03,FRCL-2026-6291,,85,Foreclosure auction scheduled; Pre-foreclosure; New this week,Harris County Clerk,https://www.cclerk.hctx.net/applications/websearch/FRCL_R.aspx
,,,,TX,,,,TX,,Foreclosure Sale,FRCL,2026-11-03,FRCL-2026-6292,,85,Foreclosure auction scheduled; Pre-foreclosure; New this week,Harris County Clerk,https://www.cclerk.hctx.net/applications/websearch/FRCL_R.aspx
,,,,TX,,,,TX,,Foreclosure Sale,FRCL,2026-11-03,FRCL-2026-6272,,85,Foreclosure auction scheduled; Pre-foreclosure; New this week,Harris County Clerk,https://www.cclerk.hctx.net/applications/websearch/FRCL_R.aspx
,,,,TX,,,,TX,,Foreclosure Sale,FRCL,2026-11-03,FRCL-2026-6273,,85,Foreclosure auction scheduled; Pre-foreclosure; New this week,Harris County Clerk,https://www.cclerk.hctx.net/applications/websearch/FRCL_R.aspx
,,,,TX,,,,TX,,Foreclosure Sale,FRCL,2026-11-03,FRCL-2026-6274,,85,Foreclosure auction scheduled; Pre-foreclosure; New this week,Harris County Clerk,https://www.cclerk.hctx.net/applications/websearch/FRCL_R.aspx
,,,,TX,,,,TX,,Foreclosure Sale,FRCL,2026-11-03,FRCL-2026-6275,,85,Foreclosure auction scheduled; Pre-foreclosure; New this week,Harris County Clerk,https://www.cclerk.hctx.net/applications/websearch/FRCL_R.aspx
,,,,TX,,,,TX,,Foreclosure Sale,FRCL,2026-11-03,FRCL-2026-6276,,85,Foreclosure auction scheduled; Pre-foreclosure; New this week,Harris County Clerk,https://www.cclerk.hctx.net/applications/websearch/FRCL_R.aspx
,,,,TX,,,,TX,,Foreclosure Sale,FRCL,2026-11-03,FRCL-2026-6277,,85,Foreclosure auction scheduled; Pre-foreclosure; New this week,Harris County Clerk,https://www.cclerk.hctx.net/applications/websearch/FRCL_R.aspx
,,,,TX,,,,TX,,Foreclosure Sale,FRCL,2026-11-03,FRCL-2026-6278,,85,Foreclosure auction scheduled; Pre-foreclosure; New this week,Harris County Clerk,https://www.cclerk.hctx.net/applications/websearch/FRCL_R.aspx
,,,,TX,,,,TX,,Foreclosure Sale,FRCL,2026-11-03,FRCL-2026-6279,,85,Foreclosure auction scheduled; Pre-foreclosure; New this week,Harris County Clerk,https://www.cclerk.hctx.net/applications/websearch/FRCL_R.aspx
,,,,TX,,,,TX,,Foreclosure Sale,FRCL,2026-11-03,FRCL-2026-6280,,85,Foreclosure auction scheduled; Pre-foreclosure; New this week,Harris County Clerk,https://www.cclerk.hctx.net/applications/websearch/FRCL_R.aspx
,,,,TX,,,,TX,,Foreclosure Sale,FRCL,2026-11-03,FRCL-2026-6296,,85,Foreclosure auction scheduled; Pre-foreclosure; New this week,Harris County Clerk,https://www.cclerk.hctx.net/applications/websearch/FRCL_R.aspx
,,,,TX,,,,TX,,Foreclosure Sale,FRCL,2026-11-03,FRCL-2026-6297,,85,Foreclosure auction scheduled; Pre-foreclosure; New this week,Harris County Clerk,https://www.cclerk.hctx.net/applications/websearch/FRCL_R.aspx
,,,,TX,,,,TX,,Foreclosure Sale,FRCL,2026-11-03,FRCL-2026-6298,,85,Foreclosure auction scheduled; Pre-foreclosure; New this week,Harris County Clerk,https://www.cclerk.hctx.net/applications/websearch/FRCL_R.aspx
,,,,TX,,,,TX,,Foreclosure Sale,FRCL,2026-11-03,FRCL-2026-6318,,85,Foreclosure auction scheduled; Pre-foreclosure; New this week,Harris County Clerk,https://www.cclerk.hctx.net/applications/websearch/FRCL_R.aspx
,,,,TX,,,,TX,,Foreclosure Sale,FRCL,2026-11-03,FRCL-2026-6319,,85,Foreclosure auction scheduled; Pre-foreclosure; New this week,Harris County Clerk,https://www.cclerk.hctx.net/applications/websearch/FRCL_R.aspx
,,,,TX,,,,TX,,Foreclosure Sale,FRCL,2026-11-03,FRCL-2026-6320,,85,Foreclosure auction scheduled; Pre-foreclosure; New this week,Harris County Clerk,https://www.cclerk.hctx.net/applications/websearch/FRCL_R.aspx
,,,,TX,,,,TX,,Foreclosure Sale,FRCL,2026-11-03,FRCL-2026-6301,,85,Foreclosure auction scheduled; Pre-foreclosure; New this week,Harris County Clerk,https://www.cclerk.hctx.net/applications/websearch/FRCL_R.aspx
,,,,TX,,,,TX,,Foreclosure Sale,FRCL,2026-11-03,FRCL-2026-6321,,85,Foreclosure auction scheduled; Pre-foreclosure; New this week,Harris County Clerk,https://www.cclerk.hctx.net/applications/websearch/FRCL_R.aspx
,,,,TX,,,,TX,,Foreclosure Sale,FRCL,2026-11-03,FRCL-2026-6323,,85,Foreclosure auction scheduled; Pre-foreclosure; New this week,Harris County Clerk,https://www.cclerk.hctx.net/applications/websearch/FRCL_R.aspx
,,,,TX,,,,TX,,Foreclosure Sale,FRCL,2026-11-03,FRCL-2026-6331,,85,Foreclosure auction scheduled; Pre-foreclosure; New this week,Harris County Clerk,https://www.cclerk.hctx.net/applications/websearch/FRCL_R.aspx
,,,,TX,,,,TX,,Foreclosure Sale,FRCL,2026-11-03,FRCL-2026-6332,,85,Foreclosure auction scheduled; Pre-foreclosure; New this week,Harris County Clerk,https://www.cclerk.hctx.net/applications/websearch/FRCL_R.aspx
,,,,TX,,,,TX,,Foreclosure Sale,FRCL,2026-11-03,FRCL-2026-6335,,85,Foreclosure auction scheduled; Pre-foreclosure; New this week,Harris County Clerk,https://www.cclerk.hctx.net/applications/websearch/FRCL_R.aspx
,,,,TX,,,,TX,,Foreclosure Sale,FRCL,2026-11-03,FRCL-2026-6714,,85,Foreclosure auction scheduled; Pre-foreclosure; New this week,Harris County Clerk,https://www.cclerk.hctx.net/applications/websearch/FRCL_R.aspx
,,,,TX,,,,TX,,Foreclosure Sale,FRCL,2026-11-03,FRCL-2026-6752,,85,Foreclosure auction scheduled; Pre-foreclosure; New this week,Harris County Clerk,https://www.cclerk.hctx.net/applications/websearch/FRCL_R.aspx
,,,,TX,,,,TX,,Foreclosure Sale,FRCL,2026-11-03,FRCL-2026-6753,,85,Foreclosure auction scheduled; Pre-foreclosure; New this week,Harris County Clerk,https://www.cclerk.hctx.net/applications/websearch/FRCL_R.aspx
,,,,TX,,,,TX,,Foreclosure Sale,FRCL,2026-11-03,FRCL-2026-6764,,85,Foreclosure auction scheduled; Pre-foreclosure; New this week,Harris County Clerk,https://www.cclerk.hctx.net/applications/websearch/FRCL_R.aspx
,,,,TX,,,,TX,,Foreclosure Sale,FRCL,2026-11-03,FRCL-2026-6774,,85,Foreclosure auction scheduled; Pre-foreclosure; New this week,Harris County Clerk,https://www.cclerk.hctx.net/applications/websearch/FRCL_R.aspx
,,,,TX,,,,TX,,Foreclosure Sale,FRCL,2026-11-03,FRCL-2026-6790,,85,Foreclosure auction scheduled; Pre-foreclosure; New this week,Harris County Clerk,https://www.cclerk.hctx.net/applications/websearch/FRCL_R.aspx
,,,,TX,,,,TX,,Foreclosure Sale,FRCL,2026-11-03,FRCL-2026-6779,,85,Foreclosure auction scheduled; Pre-foreclosure; New this week,Harris County Clerk,https://www.cclerk.hctx.net/applications/websearch/FRCL_R.aspx
,,,,TX,,,,TX,,Foreclosure Sale,FRCL,2026-11-03,FRCL-2026-6780,,85,Foreclosure auction scheduled; Pre-foreclosure; New this week,Harris County Clerk,https://www.cclerk.hctx.net/applications/websearch/FRCL_R.aspx
,,,,TX,,,,TX,,Foreclosure Sale,FRCL,2026-11-03,FRCL-2026-6781,,85,Foreclosure auction scheduled; Pre-foreclosure; New this week,Harris County Clerk,https://www.cclerk.hctx.net/applications/websearch/FRCL_R.aspx
,,,,TX,,,,TX,,Foreclosure Sale,FRCL,2026-11-03,FRCL-2026-6782,,85,Foreclosure auction scheduled; Pre-foreclosure; New this week,Harris County Clerk,https://www.cclerk.hctx.net/applications/websearch/FRCL_R.aspx
,,,,TX,,,,TX,,Foreclosure Sale,FRCL,2026-11-03,FRCL-2026-6798,,85,Foreclosure auction scheduled; Pre-foreclosure; New this week,Harris County Clerk,https://www.cclerk.hctx.net/applications/websearch/FRCL_R.aspx
,,,,TX,,,,TX,,Foreclosure Sale,FRCL,2026-11-03,FRCL-2026-6799,,85,Foreclosure auction scheduled; Pre-foreclosure; New this week,Harris County Clerk,https://www.cclerk.hctx.net/applications/websearch/FRCL_R.aspx
,,,,TX,,,,TX,,Foreclosure Sale,FRCL,2026-11-03,FRCL-2026-6816,,85,Foreclosure auction scheduled; Pre-foreclosure; New this week,Harris County Clerk,https://www.cclerk.hctx.net/applications/websearch/FRCL_R.aspx
,,,,TX,,,,TX,,Foreclosure Sale,FRCL,2026-11-03,FRCL-2026-6800,,85,Foreclosure auction scheduled; Pre-foreclosure; New this week,Harris County Clerk,https://www.cclerk.hctx.net/applications/websearch/FRCL_R.aspx
,,,,TX,,,,TX,,Foreclosure Sale,FRCL,2026-11-03,FRCL-2026-6801,,85,Foreclosure auction scheduled; Pre-foreclosure; New this week,Harris County Clerk,https://www.cclerk.hctx.net/applications/websearch/FRCL_R.aspx
,,,,TX,,,,TX,,Foreclosure Sale,FRCL,2026-11-03,FRCL-2026-6802,,85,Foreclosure auction scheduled; Pre-foreclosure; New this week,Harris County Clerk,https://www.cclerk.hctx.net/applications/websearch/FRCL_R.aspx
,,,,TX,,,,TX,,Foreclosure Sale,FRCL,2026-11-03,FRCL-2026-6804,,85,Foreclosure auction scheduled; Pre-foreclosure; New this week,Harris County Clerk,https://www.cclerk.hctx.net/applications/websearch/FRCL_R.aspx
,,,,TX,,,,TX,,Foreclosure Sale,FRCL,2026-11-03,FRCL-2026-6805,,85,Foreclosure auction scheduled; Pre-foreclosure; New this week,Harris County Clerk,https://www.cclerk.hctx.net/applications/websearch/FRCL_R.aspx
,,,,TX,,,,TX,,Foreclosure Sale,FRCL,2026-11-03,FRCL-2026-6806,,85,Foreclosure auction scheduled; Pre-foreclosure; New this week,Harris County Clerk,https://www.cclerk.hctx.net/applications/websearch/FRCL_R.aspx
,,,,TX,,,,TX,,Foreclosure Sale,FRCL,2026-11-03,FRCL-2026-6807,,85,Foreclosure auction scheduled; Pre-foreclosure; New this week,Harris County Clerk,https://www.cclerk.hctx.net/applications/websearch/FRCL_R.aspx
,,,,TX,,,,TX,,Foreclosure Sale,FRCL,2026-11-03,FRCL-2026-6808,,85,Foreclosure auction scheduled; Pre-foreclosure; New this week,Harris County Clerk,https://www.cclerk.hctx.net/applications/websearch/FRCL_R.aspx
,,,,TX,,,,TX,,Foreclosure Sale,FRCL,2026-11-03,FRCL-2026-6827,,85,Foreclosure auction scheduled; Pre-foreclosure; New this week,Harris County Clerk,https://www.cclerk.hctx.net/applications/websearch/FRCL_R.aspx
,,,,TX,,,,TX,,Foreclosure Sale,FRCL,2026-11-03,FRCL-2026-6828,,85,Foreclosure auction scheduled; Pre-foreclosure; New this week,Harris County Clerk,https://www.cclerk.hctx.net/applications/websearch/FRCL_R.aspx
,,,,TX,,,,TX,,Foreclosure Sale,FRCL,2026-11-03,FRCL-2026-6868,,85,Foreclosure auction scheduled; Pre-foreclosure; New this week,Harris County Clerk,https://www.cclerk.hctx.net/applications/websearch/FRCL_R.aspx
,,,,TX,,,,TX,,Foreclosure Sale,FRCL,2026-11-03,FRCL-2026-6869,,85,Foreclosure auction scheduled; Pre-foreclosure; New this week,Harris County Clerk,https://www.cclerk.hctx.net/applications/websearch/FRCL_R.aspx
,,,,TX,,,,TX,,Foreclosure Sale,FRCL,2026-11-03,FRCL-2026-6907,,85,Foreclosure auction scheduled; Pre-foreclosure; New this week,Harris County Clerk,https://www.cclerk.hctx.net/applications/websearch/FRCL_R.aspx
,,,,TX,,,,TX,,Foreclosure Sale,FRCL,2026-11-03,FRCL-2026-6908,,85,Foreclosure auction scheduled; Pre-foreclosure; New this week,Harris County Clerk,https://www.cclerk.hctx.net/applications/websearch/FRCL_R.aspx
,,,,TX,,,,TX,,Foreclosure Sale,FRCL,2026-11-03,FRCL-2026-6909,,85,Foreclosure auction scheduled; Pre-foreclosure; New this week,Harris County Clerk,https://www.cclerk.hctx.net/applications/websearch/FRCL_R.aspx
,,,,TX,,,,TX,,Foreclosure Sale,FRCL,2026-11-03,FRCL-2026-6910,,85,Foreclosure auction scheduled; Pre-foreclosure; New this week,Harris County Clerk,https://www.cclerk.hctx.net/applications/websearch/FRCL_R.aspx
,,,,TX,,,,TX,,Foreclosure Sale,FRCL,2026-11-03,FRCL-2026-6911,,85,Foreclosure auction scheduled; Pre-foreclosure; New this week,Harris County Clerk,https://www.cclerk.hctx.net/applications/websearch/FRCL_R.aspx
,,,,TX,,,,TX,,Foreclosure Sale,FRCL,2026-11-03,FRCL-2026-6915,,85,Foreclosure auction scheduled; Pre-foreclosure; New this week,Harris County Clerk,https://www.cclerk.hctx.net/applications/websearch/FRCL_R.aspx
,,,,TX,,,,TX,,Foreclosure Sale,FRCL,2026-11-03,FRCL-2026-6916,,85,Foreclosure auction scheduled; Pre-foreclosure; New this week,Harris County Clerk,https://www.cclerk.hctx.net/applications/websearch/FRCL_R.aspx
,,,,TX,,,,TX,,Foreclosure Sale,FRCL,2026-11-03,FRCL-2026-6917,,85,Foreclosure auction scheduled; Pre-foreclosure; New this week,Harris County Clerk,https://www.cclerk.hctx.net/applications/websearch/FRCL_R.aspx
,,,,TX,,,,TX,,Foreclosure Sale,FRCL,2026-11-03,FRCL-2026-6918,,85,Foreclosure auction scheduled; Pre-foreclosure; New this week,Harris County Clerk,https://www.cclerk.hctx.net/applications/websearch/FRCL_R.aspx
,,,,TX,,,,TX,,Foreclosure Sale,FRCL,2026-11-03,FRCL-2026-6919,,85,Foreclosure auction scheduled; Pre-foreclosure; New this week,Harris County Clerk,https://www.cclerk.hctx.net/applications/websearch/FRCL_R.aspx
,,,,TX,,,,TX,,Foreclosure Sale,FRCL,2026-11-03,FRCL-2026-6920,,85,Foreclosure auction scheduled; Pre-foreclosure; New this week,Harris County Clerk,https://www.cclerk.hctx.net/applications/websearch/FRCL_R.aspx
,,,,TX,,,,TX,,Foreclosure Sale,FRCL,2026-11-03,FRCL-2026-6921,,85,Foreclosure auction scheduled; Pre-foreclosure; New this week,Harris County Clerk,https://www.cclerk.hctx.net/applications/websearch/FRCL_R.aspx
,,,,TX,,,,TX,,Foreclosure Sale,FRCL,2026-11-03,FRCL-2026-6922,,85,Foreclosure auction scheduled; Pre-foreclosure; New this week,Harris County Clerk,https://www.cclerk.hctx.net/applications/websearch/FRCL_R.aspx
,,,,TX,,,,TX,,Foreclosure Sale,FRCL,2026-11-03,FRCL-2026-6923,,85,Foreclosure auction scheduled; Pre-foreclosure; New this week,Harris County Clerk,https://www.cclerk.hctx.net/applications/websearch/FRCL_R.aspx
,,,,TX,,,,TX,,Foreclosure Sale,FRCL,2026-11-03,FRCL-2026-6924,,85,Foreclosure auction scheduled; Pre-foreclosure; New this week,Harris County Clerk,https://www.cclerk.hctx.net/applications/websearch/FRCL_R.aspx
,,,,TX,,,,TX,,Foreclosure Sale,FRCL,2026-11-03,FRCL-2026-6925,,85,Foreclosure auction scheduled; Pre-foreclosure; New this week,Harris County Clerk,https://www.cclerk.hctx.net/applications/websearch/FRCL_R.aspx
,,,,TX,,,,TX,,Foreclosure Sale,FRCL,2026-11-03,FRCL-2026-6931,,85,Foreclosure auction scheduled; Pre-foreclosure; New this week,Harris County Clerk,https://www.cclerk.hctx.net/applications/websearch/FRCL_R.aspx
,,,,TX,,,,TX,,Foreclosure Sale,FRCL,2026-11-03,FRCL-2026-6932,,85,Foreclosure auction scheduled; Pre-foreclosure; New this week,Harris County Clerk,https://www.cclerk.hctx.net/applications/websearch/FRCL_R.aspx
,,,,TX,,,,TX,,Foreclosure Sale,FRCL,2026-11-03,FRCL-2026-6933,,85,Foreclosure auction scheduled; Pre-foreclosure; New this week,Harris County Clerk,https://www.cclerk.hctx.net/applications/websearch/FRCL_R.aspx
,,,,TX,,,,TX,,Foreclosure Sale,FRCL,2026-11-03,FRCL-2026-6965,,85,Foreclosure auction scheduled; Pre-foreclosure; New this week,Harris County Clerk,https://www.cclerk.hctx.net/applications/websearch/FRCL_R.aspx
,,,,TX,,,,TX,,Foreclosure Sale,FRCL,2026-11-03,FRCL-2026-6966,,85,Foreclosure auction scheduled; Pre-foreclosure; New this week,Harris County Clerk,https://www.cclerk.hctx.net/applications/websearch/FRCL_R.aspx
,,,,TX,,,,TX,,Foreclosure Sale,FRCL,2026-11-03,FRCL-2026-6967,,85,Foreclosure auction scheduled; Pre-foreclosure; New this week,Harris County Clerk,https://www.cclerk.hctx.net/applications/websearch/FRCL_R.aspx
,,,,TX,,,,TX,,Foreclosure Sale,FRCL,2026-11-03,FRCL-2026-6968,,85,Foreclosure auction scheduled; Pre-foreclosure; New this week,Harris County Clerk,https://www.cclerk.hctx.net/applications/websearch/FRCL_R.aspx
,,,,TX,,,,TX,,Foreclosure Sale,FRCL,2026-11-03,FRCL-2026-6969,,85,Foreclosure auction scheduled; Pre-foreclosure; New this week,Harris County Clerk,https://www.cclerk.hctx.net/applications/websearch/FRCL_R.aspx
,,,,TX,,,,TX,,Foreclosure Sale,FRCL,2026-11-03,FRCL-2026-6970,,85,Foreclosure auction scheduled; Pre-foreclosure; New this week,Harris County Clerk,https://www.cclerk.hctx.net/applications/websearch/FRCL_R.aspx
,,,,TX,,,,TX,,Foreclosure Sale,FRCL,2026-11-03,FRCL-2026-6971,,85,Foreclosure auction scheduled; Pre-foreclosure; New this week,Harris County Clerk,https://www.cclerk.hctx.net/applications/websearch/FRCL_R.aspx
,,,,TX,,,,TX,,Foreclosure Sale,FRCL,2026-11-03,FRCL-2026-6972,,85,Foreclosure auction scheduled; Pre-foreclosure; New this week,Harris County Clerk,https://www.cclerk.hctx.net/applications/websearch/FRCL_R.aspx
,,,,TX,,,,TX,,Foreclosure Sale,FRCL,2026-11-03,FRCL-2026-6973,,85,Foreclosure auction scheduled; Pre-foreclosure; New this week,Harris County Clerk,https://www.cclerk.hctx.net/applications/websearch/FRCL_R.aspx
,,,,TX,,,,TX,,Foreclosure Sale,FRCL,2026-11-03,FRCL-2026-6974,,85,Foreclosure auction scheduled; Pre-foreclosure; New this week,Harris County Clerk,https://www.cclerk.hctx.net/applications/websearch/FRCL_R.aspx
,,,,TX,,,,TX,,Foreclosure Sale,FRCL,2026-11-03,FRCL-2026-6975,,85,Foreclosure auction scheduled; Pre-foreclosure; New this week,Harris County Clerk,https://www.cclerk.hctx.net/applications/websearch/FRCL_R.aspx
,,,,TX,,,,TX,,Foreclosure Sale,FRCL,2026-11-03,FRCL-2026-6976,,85,Foreclosure auction scheduled; Pre-foreclosure; New this week,Harris County Clerk,https://www.cclerk.hctx.net/applications/websearch/FRCL_R.aspx
,,,,TX,,,,TX,,Foreclosure Sale,FRCL,2026-11-03,FRCL-2026-6977,,85,Foreclosure auction scheduled; Pre-foreclosure; New this week,Harris County Clerk,https://www.cclerk.hctx.net/applications/websearch/FRCL_R.aspx
,,,,TX,,,,TX,,Foreclosure Sale,FRCL,2026-11-03,FRCL-2026-6978,,85,Foreclosure auction scheduled; Pre-foreclosure; New this week,Harris County Clerk,https://www.cclerk.hctx.net/applications/websearch/FRCL_R.aspx
,,,,TX,,,,TX,,Foreclosure Sale,FRCL,2026-11-03,FRCL-2026-6979,,85,Foreclosure auction scheduled; Pre-foreclosure; New this week,Harris County Clerk,https://www.cclerk.hctx.net/applications/websearch/FRCL_R.aspx
,,,,TX,,,,TX,,Foreclosure Sale,FRCL,2026-11-03,FRCL-2026-6980,,85,Foreclosure auction scheduled; Pre-foreclosure; New this week,Harris County Clerk,https://www.cclerk.hctx.net/applications/websearch/FRCL_R.aspx
,,,,TX,,,,TX,,Foreclosure Sale,FRCL,2026-11-03,FRCL-2026-6981,,85,Foreclosure auction scheduled; Pre-foreclosure; New this week,Harris County Clerk,https://www.cclerk.hctx.net/applications/websearch/FRCL_R.aspx
,,,,TX,,,,TX,,Foreclosure Sale,FRCL,2026-11-03,FRCL-2026-6982,,85,Foreclosure auction scheduled; Pre-foreclosure; New this week,Harris County Clerk,https://www.cclerk.hctx.net/applications/websearch/FRCL_R.aspx
,,,,TX,,,,TX,,Foreclosure Sale,FRCL,2026-11-03,FRCL-2026-6983,,85,Foreclosure auction scheduled; Pre-foreclosure; New this week,Harris County Clerk,https://www.cclerk.hctx.net/applications/websearch/FRCL_R.aspx
,,,,TX,,,,TX,,Foreclosure Sale,FRCL,2026-11-03,FRCL-2026-6989,,85,Foreclosure auction scheduled; Pre-foreclosure; New this week,Harris County Clerk,https://www.cclerk.hctx.net/applications/websearch/FRCL_R.aspx
,,,,TX,,,,TX,,Foreclosure Sale,FRCL,2026-11-03,FRCL-2026-6940,,85,Foreclosure auction scheduled; Pre-foreclosure; New this week,Harris County Clerk,https://www.cclerk.hctx.net/applications/websearch/FRCL_R.aspx
,,,,TX,,,,TX,,Foreclosure Sale,FRCL,2026-11-03,FRCL-2026-6941,,85,Foreclosure auction scheduled; Pre-foreclosure; New this week,Harris County Clerk,https://www.cclerk.hctx.net/applications/websearch/FRCL_R.aspx
,,,,TX,,,,TX,,Foreclosure Sale,FRCL,2026-11-03,FRCL-2026-6942,,85,Foreclosure auction scheduled; Pre-foreclosure; New this week,Harris County Clerk,https://www.cclerk.hctx.net/applications/websearch/FRCL_R.aspx
,,,,TX,,,,TX,,Foreclosure Sale,FRCL,2026-11-03,FRCL-2026-6943,,85,Foreclosure auction scheduled; Pre-foreclosure; New this week,Harris County Clerk,https://www.cclerk.hctx.net/applications/websearch/FRCL_R.aspx
,,,,TX,,,,TX,,Foreclosure Sale,FRCL,2026-11-03,FRCL-2026-6944,,85,Foreclosure auction scheduled; Pre-foreclosure; New this week,Harris County Clerk,https://www.cclerk.hctx.net/applications/websearch/FRCL_R.aspx
,,,,TX,,,,TX,,Foreclosure Sale,FRCL,2026-11-03,FRCL-2026-6945,,85,Foreclosure auction scheduled; Pre-foreclosure; New this week,Harris County Clerk,https://www.cclerk.hctx.net/applications/websearch/FRCL_R.aspx
,,,,TX,,,,TX,,Foreclosure Sale,FRCL,2026-11-03,FRCL-2026-6946,,85,Foreclosure auction scheduled; Pre-foreclosure; New this week,Harris County Clerk,https://www.cclerk.hctx.net/applications/websearch/FRCL_R.aspx
,,,,TX,,,,TX,,Foreclosure Sale,FRCL,2026-11-03,FRCL-2026-6947,,85,Foreclosure auction scheduled; Pre-foreclosure; New this week,Harris County Clerk,https://www.cclerk.hctx.net/applications/websearch/FRCL_R.aspx
,,,,TX,,,,TX,,Foreclosure Sale,FRCL,2026-11-03,FRCL-2026-6948,,85,Foreclosure auction scheduled; Pre-foreclosure; New this week,Harris County Clerk,https://www.cclerk.hctx.net/applications/websearch/FRCL_R.aspx
,,,,TX,,,,TX,,Foreclosure Sale,FRCL,2026-11-03,FRCL-2026-6949,,85,Foreclosure auction scheduled; Pre-foreclosure; New this week,Harris County Clerk,https://www.cclerk.hctx.net/applications/websearch/FRCL_R.aspx
,,,,TX,,,,TX,,Foreclosure Sale,FRCL,2026-11-03,FRCL-2026-6950,,85,Foreclosure auction scheduled; Pre-foreclosure; New this week,Harris County Clerk,https://www.cclerk.hctx.net/applications/websearch/FRCL_R.aspx
,,,,TX,,,,TX,,Foreclosure Sale,FRCL,2026-11-03,FRCL-2026-6951,,85,Foreclosure auction scheduled; Pre-foreclosure; New this week,Harris County Clerk,https://www.cclerk.hctx.net/applications/websearch/FRCL_R.aspx
,,,,TX,,,,TX,,Foreclosure Sale,FRCL,2026-11-03,FRCL-2026-6985,,85,Foreclosure auction scheduled; Pre-foreclosure; New this week,Harris County Clerk,https://www.cclerk.hctx.net/applications/websearch/FRCL_R.aspx
,,,,TX,,,,TX,,Foreclosure Sale,FRCL,2026-11-03,FRCL-2026-6986,,85,Foreclosure auction scheduled; Pre-foreclosure; New this week,Harris County Clerk,https://www.cclerk.hctx.net/applications/websearch/FRCL_R.aspx
,,,,TX,,,,TX,,Foreclosure Sale,FRCL,2026-11-03,FRCL-2026-6952,,85,Foreclosure auction scheduled; Pre-foreclosure; New this week,Harris County Clerk,https://www.cclerk.hctx.net/applications/websearch/FRCL_R.aspx
,,,,TX,,,,TX,,Foreclosure Sale,FRCL,2026-11-03,FRCL-2026-6953,,85,Foreclosure auction scheduled; Pre-foreclosure; New this week,Harris County Clerk,https://www.cclerk.hctx.net/applications/websearch/FRCL_R.aspx
,,,,TX,,,,TX,,Foreclosure Sale,FRCL,2026-11-03,FRCL-2026-6954,,85,Foreclosure auction scheduled; Pre-foreclosure; New this week,Harris County Clerk,https://www.cclerk.hctx.net/applications/websearch/FRCL_R.aspx
,,,,TX,,,,TX,,Foreclosure Sale,FRCL,2026-11-03,FRCL-2026-6955,,85,Foreclosure auction scheduled; Pre-foreclosure; New this week,Harris County Clerk,https://www.cclerk.hctx.net/applications/websearch/FRCL_R.aspx
,,,,TX,,,,TX,,Foreclosure Sale,FRCL,2026-11-03,FRCL-2026-6991,,85,Foreclosure auction scheduled; Pre-foreclosure; New this week,Harris County Clerk,https://www.cclerk.hctx.net/applications/websearch/FRCL_R.aspx
,,,,TX,,,,TX,,Foreclosure Sale,FRCL,2026-11-03,FRCL-2026-6992,,85,Foreclosure auction scheduled; Pre-foreclosure; New this week,Harris County Clerk,https://www.cclerk.hctx.net/applications/websearch/FRCL_R.aspx
,,,,TX,,,,TX,,Foreclosure Sale,FRCL,2026-11-03,FRCL-2026-6993,,85,Foreclosure auction scheduled; Pre-foreclosure; New this week,Harris County Clerk,https://www.cclerk.hctx.net/applications/websearch/FRCL_R.aspx
,,,,TX,,,,TX,,Foreclosure Sale,FRCL,2026-11-03,FRCL-2026-6994,,85,Foreclosure auction scheduled; Pre-foreclosure; New this week,Harris County Clerk,https://www.cclerk.hctx.net/applications/websearch/FRCL_R.aspx
,,,,TX,,,,TX,,Foreclosure Sale,FRCL,2026-11-03,FRCL-2026-6995,,85,Foreclosure auction scheduled; Pre-foreclosure; New this week,Harris County Clerk,https://www.cclerk.hctx.net/applications/websearch/FRCL_R.aspx
,,,,TX,,,,TX,,Foreclosure Sale,FRCL,2026-11-03,FRCL-2026-6996,,85,Foreclosure auction scheduled; Pre-foreclosure; New this week,Harris County Clerk,https://www.cclerk.hctx.net/applications/websearch/FRCL_R.aspx
,,,,TX,,,,TX,,Foreclosure Sale,FRCL,2026-11-03,FRCL-2026-6997,,85,Foreclosure auction scheduled; Pre-foreclosure; New this week,Harris County Clerk,https://www.cclerk.hctx.net/applications/websearch/FRCL_R.aspx
,,,,TX,,,,TX,,Foreclosure Sale,FRCL,2026-11-03,FRCL-2026-6998,,85,Foreclosure auction scheduled; Pre-foreclosure; New this week,Harris County Clerk,https://www.cclerk.hctx.net/applications/websearch/FRCL_R.aspx
,,,,TX,,,,TX,,Foreclosure Sale,FRCL,2026-11-03,FRCL-2026-7003,,85,Foreclosure auction scheduled; Pre-foreclosure; New this week,Harris County Clerk,https://www.cclerk.hctx.net/applications/websearch/FRCL_R.aspx
,,,,TX,,,,TX,,Foreclosure Sale,FRCL,2026-11-03,FRCL-2026-7004,,85,Foreclosure auction scheduled; Pre-foreclosure; New this week,Harris County Clerk,https://www.cclerk.hctx.net/applications/websearch/FRCL_R.aspx
,,,,TX,,,,TX,,Foreclosure Sale,FRCL,2026-11-03,FRCL-2026-7006,,85,Foreclosure auction scheduled; Pre-foreclosure; New this week,Harris County Clerk,https://www.cclerk.hctx.net/applications/websearch/FRCL_R.aspx
,,,,TX,,,,TX,,Foreclosure Sale,FRCL,2026-11-03,FRCL-2026-7014,,85,Foreclosure auction scheduled; Pre-foreclosure; New this week,Harris County Clerk,https://www.cclerk.hctx.net/applications/websearch/FRCL_R.aspx
,,,,TX,,,,TX,,Foreclosure Sale,FRCL,2026-11-03,FRCL-2026-7015,,85,Foreclosure auction scheduled; Pre-foreclosure; New this week,Harris County Clerk,https://www.cclerk.hctx.net/applications/websearch/FRCL_R.aspx
,,,,TX,,,,TX,,Foreclosure Sale,FRCL,2026-11-03,FRCL-2026-7016,,85,Foreclosure auction scheduled; Pre-foreclosure; New this week,Harris County Clerk,https://www.cclerk.hctx.net/applications/websearch/FRCL_R.aspx
,,,,TX,,,,TX,,Foreclosure Sale,FRCL,2026-11-03,FRCL-2026-7012,,85,Foreclosure auction scheduled; Pre-foreclosure; New this week,Harris County Clerk,https://www.cclerk.hctx.net/applications/websearch/FRCL_R.aspx
,,,,TX,,,,TX,,Foreclosure Sale,FRCL,2026-11-03,FRCL-2026-7013,,85,Foreclosure auction scheduled; Pre-foreclosure; New this week,Harris County Clerk,https://www.cclerk.hctx.net/applications/websearch/FRCL_R.aspx
,,,,TX,,,,TX,,Foreclosure Sale,FRCL,2026-11-03,FRCL-2026-7017,,85,Foreclosure auction scheduled; Pre-foreclosure; New this week,Harris County Clerk,https://www.cclerk.hctx.net/applications/websearch/FRCL_R.aspx
,,,,TX,,,,TX,,Foreclosure Sale,FRCL,2026-11-03,FRCL-2026-7018,,85,Foreclosure auction scheduled; Pre-foreclosure; New this week,Harris County Clerk,https://www.cclerk.hctx.net/applications/websearch/FRCL_R.aspx
,,,,TX,,,,TX,,Foreclosure Sale,FRCL,2026-11-03,FRCL-2026-7019,,85,Foreclosure auction scheduled; Pre-foreclosure; New this week,Harris County Clerk,https://www.cclerk.hctx.net/applications/websearch/FRCL_R.aspx
,,,,TX,,,,TX,,Foreclosure Sale,FRCL,2026-11-03,FRCL-2026-7053,,85,Foreclosure auction scheduled; Pre-foreclosure; New this week,Harris County Clerk,https://www.cclerk.hctx.net/applications/websearch/FRCL_R.aspx
,,,,TX,,,,TX,,Foreclosure Sale,FRCL,2026-11-03,FRCL-2026-7054,,85,Foreclosure auction scheduled; Pre-foreclosure; New this week,Harris County Clerk,https://www.cclerk.hctx.net/applications/websearch/FRCL_R.aspx
,,,,TX,,,,TX,,Foreclosure Sale,FRCL,2026-11-03,FRCL-2026-7055,,85,Foreclosure auction scheduled; Pre-foreclosure; New this week,Harris County Clerk,https://www.cclerk.hctx.net/applications/websearch/FRCL_R.aspx
,,,,TX,,,,TX,,Foreclosure Sale,FRCL,2026-11-03,FRCL-2026-7056,,85,Foreclosure auction scheduled; Pre-foreclosure; New this week,Harris County Clerk,https://www.cclerk.hctx.net/applications/websearch/FRCL_R.aspx
,,,,TX,,,,TX,,Foreclosure Sale,FRCL,2026-11-03,FRCL-2026-7057,,85,Foreclosure auction scheduled; Pre-foreclosure; New this week,Harris County Clerk,https://www.cclerk.hctx.net/applications/websearch/FRCL_R.aspx
,,,,TX,,,,TX,,Foreclosure Sale,FRCL,2026-11-03,FRCL-2026-7058,,85,Foreclosure auction scheduled; Pre-foreclosure; New this week,Harris County Clerk,https://www.cclerk.hctx.net/applications/websearch/FRCL_R.aspx
,,,,TX,,,,TX,,Foreclosure Sale,FRCL,2026-11-03,FRCL-2026-7059,,85,Foreclosure auction scheduled; Pre-foreclosure; New this week,Harris County Clerk,https://www.cclerk.hctx.net/applications/websearch/FRCL_R.aspx
,,,,TX,,,,TX,,Foreclosure Sale,FRCL,2026-11-03,FRCL-2026-7060,,85,Foreclosure auction scheduled; Pre-foreclosure; New this week,Harris County Clerk,https://www.cclerk.hctx.net/applications/websearch/FRCL_R.aspx
,,,,TX,,,,TX,,Foreclosure Sale,FRCL,2026-11-03,FRCL-2026-7061,,85,Foreclosure auction scheduled; Pre-foreclosure; New this week,Harris County Clerk,https://www.cclerk.hctx.net/applications/websearch/FRCL_R.aspx
,,,,TX,,,,TX,,Foreclosure Sale,FRCL,2026-11-03,FRCL-2026-7062,,85,Foreclosure auction scheduled; Pre-foreclosure; New this week,Harris County Clerk,https://www.cclerk.hctx.net/applications/websearch/FRCL_R.aspx
,,,,TX,,,,TX,,Foreclosure Sale,FRCL,2026-11-03,FRCL-2026-7063,,85,Foreclosure auction scheduled; Pre-foreclosure; New this week,Harris County Clerk,https://www.cclerk.hctx.net/applications/websearch/FRCL_R.aspx
,,,,TX,,,,TX,,Foreclosure Sale,FRCL,2026-11-03,FRCL-2026-7064,,85,Foreclosure auction scheduled; Pre-foreclosure; New this week,Harris County Clerk,https://www.cclerk.hctx.net/applications/websearch/FRCL_R.aspx
,,,,TX,,,,TX,,Foreclosure Sale,FRCL,2026-11-03,FRCL-2026-7065,,85,Foreclosure auction scheduled; Pre-foreclosure; New this week,Harris County Clerk,https://www.cclerk.hctx.net/applications/websearch/FRCL_R.aspx
,,,,TX,,,,TX,,Foreclosure Sale,FRCL,2026-11-03,FRCL-2026-7066,,85,Foreclosure auction scheduled; Pre-foreclosure; New this week,Harris County Clerk,https://www.cclerk.hctx.net/applications/websearch/FRCL_R.aspx
,,,,TX,,,,TX,,Foreclosure Sale,FRCL,2026-11-03,FRCL-2026-7067,,85,Foreclosure auction scheduled; Pre-foreclosure; New this week,Harris County Clerk,https://www.cclerk.hctx.net/applications/websearch/FRCL_R.aspx
,,,,TX,,,,TX,,Foreclosure Sale,FRCL,2026-11-03,FRCL-2026-7068,,85,Foreclosure auction scheduled; Pre-foreclosure; New this week,Harris County Clerk,https://www.cclerk.hctx.net/applications/websearch/FRCL_R.aspx
,,,,TX,,,,TX,,Foreclosure Sale,FRCL,2026-11-03,FRCL-2026-7106,,85,Foreclosure auction scheduled; Pre-foreclosure; New this week,Harris County Clerk,https://www.cclerk.hctx.net/applications/websearch/FRCL_R.aspx
,,,,TX,,,,TX,,Foreclosure Sale,FRCL,2026-11-03,FRCL-2026-7083,,85,Foreclosure auction scheduled; Pre-foreclosure; New this week,Harris County Clerk,https://www.cclerk.hctx.net/applications/websearch/FRCL_R.aspx
,,,,TX,,,,TX,,Foreclosure Sale,FRCL,2026-11-03,FRCL-2026-7020,,85,Foreclosure auction scheduled; Pre-foreclosure; New this week,Harris County Clerk,https://www.cclerk.hctx.net/applications/websearch/FRCL_R.aspx
,,,,TX,,,,TX,,Foreclosure Sale,FRCL,2026-11-03,FRCL-2026-7021,,85,Foreclosure auction scheduled; Pre-foreclosure; New this week,Harris County Clerk,https://www.cclerk.hctx.net/applications/websearch/FRCL_R.aspx
,,,,TX,,,,TX,,Foreclosure Sale,FRCL,2026-11-03,FRCL-2026-7022,,85,Foreclosure auction scheduled; Pre-foreclosure; New this week,Harris County Clerk,https://www.cclerk.hctx.net/applications/websearch/FRCL_R.aspx
,,,,TX,,,,TX,,Foreclosure Sale,FRCL,2026-11-03,FRCL-2026-7023,,85,Foreclosure auction scheduled; Pre-foreclosure; New this week,Harris County Clerk,https://www.cclerk.hctx.net/applications/websearch/FRCL_R.aspx
,,,,TX,,,,TX,,Foreclosure Sale,FRCL,2026-11-03,FRCL-2026-7024,,85,Foreclosure auction scheduled; Pre-foreclosure; New this week,Harris County Clerk,https://www.cclerk.hctx.net/applications/websearch/FRCL_R.aspx
,,,,TX,,,,TX,,Foreclosure Sale,FRCL,2026-11-03,FRCL-2026-7025,,85,Foreclosure auction scheduled; Pre-foreclosure; New this week,Harris County Clerk,https://www.cclerk.hctx.net/applications/websearch/FRCL_R.aspx
,,,,TX,,,,TX,,Foreclosure Sale,FRCL,2026-11-03,FRCL-2026-7026,,85,Foreclosure auction scheduled; Pre-foreclosure; New this week,Harris County Clerk,https://www.cclerk.hctx.net/applications/websearch/FRCL_R.aspx
,,,,TX,,,,TX,,Foreclosure Sale,FRCL,2026-11-03,FRCL-2026-7027,,85,Foreclosure auction scheduled; Pre-foreclosure; New this week,Harris County Clerk,https://www.cclerk.hctx.net/applications/websearch/FRCL_R.aspx
,,,,TX,,,,TX,,Foreclosure Sale,FRCL,2026-11-03,FRCL-2026-7028,,85,Foreclosure auction scheduled; Pre-foreclosure; New this week,Harris County Clerk,https://www.cclerk.hctx.net/applications/websearch/FRCL_R.aspx
,,,,TX,,,,TX,,Foreclosure Sale,FRCL,2026-11-03,FRCL-2026-7029,,85,Foreclosure auction scheduled; Pre-foreclosure; New this week,Harris County Clerk,https://www.cclerk.hctx.net/applications/websearch/FRCL_R.aspx
,,,,TX,,,,TX,,Foreclosure Sale,FRCL,2026-11-03,FRCL-2026-7030,,85,Foreclosure auction scheduled; Pre-foreclosure; New this week,Harris County Clerk,https://www.cclerk.hctx.net/applications/websearch/FRCL_R.aspx
,,,,TX,,,,TX,,Foreclosure Sale,FRCL,2026-11-03,FRCL-2026-7031,,85,Foreclosure auction scheduled; Pre-foreclosure; New this week,Harris County Clerk,https://www.cclerk.hctx.net/applications/websearch/FRCL_R.aspx
,,,,TX,,,,TX,,Foreclosure Sale,FRCL,2026-11-03,FRCL-2026-7032,,85,Foreclosure auction scheduled; Pre-foreclosure; New this week,Harris County Clerk,https://www.cclerk.hctx.net/applications/websearch/FRCL_R.aspx
,,,,TX,,,,TX,,Foreclosure Sale,FRCL,2026-11-03,FRCL-2026-7033,,85,Foreclosure auction scheduled; Pre-foreclosure; New this week,Harris County Clerk,https://www.cclerk.hctx.net/applications/websearch/FRCL_R.aspx
DAUGHERTY,ELBERT EST,3813 N CAUSEWAY BLVD,METAIRIE,LA,70002-2042,8950 HAMMERLY BLVD 79,HOUSTON,TX,77080,Lis Pendens,L/P,2026-10-02,RP-2026-400181,,80,Lis pendens; New this week,Harris County Clerk,https://www.cclerk.hctx.netEComm/ViewEdocs.aspx?ID=ihpahpMbvcoWkF5RdbzIVe7Cwok2rleyWamQ8MbKMjAV1sbyoc5fMohtz6MQvtOOFnniOA9L3vsRvW6hoCLCBCCKKbspHe1aBInB70VrbFhSndWy+Nr/hVm/i4kubTdfMROgb2cjfqlVYocb2wIFjg==
OLMOS,AMALIA BERNADETTE,2261 WALLACE DR,ATLANTA,GA,30341-1634,1711 CAMPBELL ST,HOUSTON,TX,77026,Lis Pendens,L/P,2026-10-01,RP-2026-399746,,80,Lis pendens; New this week,Harris County Clerk,https://www.cclerk.hctx.netEComm/ViewEdocs.aspx?ID=ihpahpMbvcoWkF5RdbzIVRxLXJwlsdANJXU42y6fbSVcxJY1pp/IByubKocio8doY2ZKGF1WhA50ZTYz1x/xt6R/NlbzOfd0bnHsrrfZ+DL9YNuB8SjRt14N2hat1pacioTxyRrs5U8icelUMcXfxg==
FLORES,JOSE EMILIO,1133 14TH ST,GALENA PARK,TX,77547-2516,1133 14TH ST,GALENA PARK,TX,77547,Lis Pendens,L/P,2026-10-01,RP-2026-397807,,80,Lis pendens; New this week,Harris County Clerk,https://www.cclerk.hctx.netEComm/ViewEdocs.aspx?ID=ihpahpMbvcoWkF5RdbzIVbaF+NmKA8uB2yecTrCXKKUzUDOm9vA8+40vX2hzAB9v+V79rZn8E7FAhIquJAHrfgI2mORw7x5y68dCrZb7HfyFGg+otSUgS+AFV7Np3MfENugSghHUOJafhdR28UwO0w==
RAMSEY,LISA M,19535 DIANESHIRE DR,SPRING,TX,77388-6105,5410 COCHRAN ST,HOUSTON,TX,77009,Lis Pendens,L/P,2026-09-30,RP-2026-397308,,80,Lis pendens; New this week,Harris County Clerk,https://www.cclerk.hctx.netEComm/ViewEdocs.aspx?ID=ihpahpMbvcoWkF5RdbzIVcfLGEcYvSfW5b69SqZ7hILPa5x3EORtvDu5lD7GyiiPDuIute0gTDt1TqjEZEk7LKLDPBzOeU/+gYI6lwzHJYLYg1lDt3SlPbsR37/lYUi0I0rPr2xcB88lrb5MnaGzjQ==
PIPPKINS,LASHAN M,3210 BRUSH WILLOW CT,KATY,TX,77449-6980,3210 BRUSH WILLOW CT,KATY,TX,77493,Lis Pendens,L/P,2026-09-29,RP-2026-395403,,80,Lis pendens; New this week,Harris County Clerk,https://www.cclerk.hctx.netEComm/ViewEdocs.aspx?ID=ihpahpMbvcoWkF5RdbzIVb2pQutbn7jKtkz42AAjAv0i3hkKplujeRpBODRzOlKeBepTx+KVlWMJbjIoaLoMAL4ifqB8c3VVa3s3JLGRvPDZu5kgVYLx0ROnVcDVhTwhGJhXrQLw9pzAS5LLnxtI4g==
PIPPKINS,LASHAN M,3210 BRUSH WILLOW CT,KATY,TX,77449-6980,3210 BRUSH WILLOW CT,KATY,TX,77493,Lis Pendens,L/P,2026-09-29,RP-2026-395402,,80,Lis pendens; New this week,Harris County Clerk,https://www.cclerk.hctx.netEComm/ViewEdocs.aspx?ID=ihpahpMbvcoWkF5RdbzIVUQRjhDBa9S8FvkyddfjA0w4AvwJq5+VlbfJL9EaWIJPRSZSq17OvL+elMffJWrvQRtgRhpotXNXt+Jt44RNnhRR9QAwgFZQGlOSu2cGbV/50u5t2I/lZc603E151Xsvzg==
HIGGINS,HAROLD W,7802 JENSEN DR,HOUSTON,TX,77093-8204,7802 JENSEN DR,HOUSTON,TX,77093,Lis Pendens,L/P,2026-09-29,RP-2026-393878,,80,Lis pendens; New this week,Harris County Clerk,https://www.cclerk.hctx.netEComm/ViewEdocs.aspx?ID=ihpahpMbvcoWkF5RdbzIVT52yr8ghLZY4F8gJ7hdpBj2JYugZ/+2CjGOZt16pVRWvZUoCdlqsSHRWgMnqZG9HwaYu+vBnoYM+ytlL9bvT3PNVaol5G/SXise+fUOk4fuJH1PxunAwLH4wLXyrZrqDw==
REYNA,MARTHA,13418 N THORNTREE,HOUSTON,TX,77015-1340,5111 DEBENEY DR,HOUSTON,TX,77039,Lis Pendens,L/P,2026-09-28,RP-2026-391300,,80,Lis pendens; New this week,Harris County Clerk,https://www.cclerk.hctx.netEComm/ViewEdocs.aspx?ID=ihpahpMbvcoWkF5RdbzIVd7VGt5wt6u84/dGpHf7ocOgXxz5gW6UxOTCkeh1u2hxmARSLf24CNq4UEED0KAlqZJ0w+RLLh4yvW0iKqeqXuziRxhsoPTiHiHiOXQz3xBC2QpznYkfkiLenV3hxA+FWQ==
MORALES,GUADALUPE M,10614 GARBER LN,HOUSTON,TX,77029-2158,10614 GARBER LN,HOUSTON,TX,77029,Notice of Foreclosure / Trustee Sale,NOTICE,2026-10-02,RP-2026-401577,,80,Pre-foreclosure; New this week,Harris County Clerk,https://www.cclerk.hctx.netEComm/ViewEdocs.aspx?ID=ihpahpMbvcoWkF5RdbzIVUPwZVVLxa/0MxRs5f9G3t32JywXZCWZbBjwSmPKlKiBsaCSJqM/RBSqslMMUkX8FvOSs87FI03F80/c+ZJtc/BrOlSQ3yBncMBxGlfstToUDi5shyHFxrX2WCR94Uy99g==
STEVENSON,GARY,8807 WATEKA DR,HOUSTON,TX,77074-4017,9449 SUMMERBELL LN,HOUSTON,TX,77074,Notice of Foreclosure / Trustee Sale,NOTICE,2026-10-02,RP-2026-401542,,80,Pre-foreclosure; New this week,Harris County Clerk,https://www.cclerk.hctx.netEComm/ViewEdocs.aspx?ID=ihpahpMbvcoWkF5RdbzIVcmVzIX58Gi3ccr3T0sLyUe9ScUfp8OrKnMTPeEGwPrBClUJro8AdMUjIm0Kzs/LdEAu6uajqIUUQ/B9Pfd/KIvG08Q6+Dhtc5r2mMQkmLDAlJxm2uhjZZDruECtXe1LxA==
SULAL,SHEMAR,400 CARRIAGE HILLS BLVD,CONROE,TX,77384-3607,0 W LAKE HOUSTON PKY,HOUSTON,TX,77044,Notice of Foreclosure / Trustee Sale,NOTICE,2026-10-02,RP-2026-401528,,80,Pre-foreclosure; New this week,Harris County Clerk,https://www.cclerk.hctx.netEComm/ViewEdocs.aspx?ID=ihpahpMbvcoWkF5RdbzIVaqDGXAzGbSFs5TZJ9X5rhXVAV0F1/YpO/k45Ox3w1qle4Tlbspg6EYN/7nVJE11EGWD8IPkYwrRKPLxbJPhRUC6pshNVqg845b3OLxehTs1x9hkTcuQnE2Ok7jdUmB7Fw==
WU,XIAOYAN,1755 WITTINGTON PLACE STE 340,DALLAS,TX,75234-1930,24934 PAVAROTTI PL,KATY,TX,77493,Notice of Foreclosure / Trustee Sale,NOTICE,2026-10-02,RP-2026-401461,,80,Pre-foreclosure; New this week,Harris County Clerk,https://www.cclerk.hctx.netEComm/ViewEdocs.aspx?ID=ihpahpMbvcoWkF5RdbzIVfJWQKJZxUIUf+cgg7CjXhOt5qo0nLIr6yh4WtNonCSIACpkHWdzMMpqLmqKYCsPcHMujh5i9E4oo6BStTvs0mkvG1vf1F3wU6/5XBhkhfx2DhwRftWkd/OsrF+CW9A2dg==
SANTIAGO,RODOLFO HINOJOSA,6305 NORLAND ST,HOUSTON,TX,77022-5920,6305 NORLAND ST,HOUSTON,TX,77022,Notice of Foreclosure / Trustee Sale,NOTICE,2026-10-02,RP-2026-401435,,80,Pre-foreclosure; New this week,Harris County Clerk,https://www.cclerk.hctx.netEComm/ViewEdocs.aspx?ID=ihpahpMbvcoWkF5RdbzIVaHZ06IHGjWfuONZZdqK/mcB9i43BvuvYKuAJMUpRR4auBsggdMbEtq1ZdKJTTdfzXMBIxITRIxrL+s1rvmkbCq9ZU+t/hW1K10oJSy+GPh31YrUGe6SDkXNNI2wJeJ9Sw==
TRUJILLO,LEYANIS RODRIGUEZ,9218 KETCHWOOD DR,HOUSTON,TX,77099-1926,9218 KETCHWOOD DR,HOUSTON,TX,77099,Notice of Foreclosure / Trustee Sale,NOTICE,2026-10-02,RP-2026-401408,,80,Pre-foreclosure; New this week,Harris County Clerk,https://www.cclerk.hctx.netEComm/ViewEdocs.aspx?ID=ihpahpMbvcoWkF5RdbzIVT/egbE4oPE1lrkRMFQu0/DZIn1dCII/oYaKmXx9v56Wi+EAHDW+Enppa96gHaiSrhojOL21HgUzrXoX2+MBzUJDDyKXeb86eWoQ3KFsQcbZgv+jRcrtljoGAtmhskYkCg==
TRUJILLO,LEYANIS RODRIGUEZ,9218 KETCHWOOD DR,HOUSTON,TX,77099-1926,9218 KETCHWOOD DR,HOUSTON,TX,77099,Notice of Foreclosure / Trustee Sale,NOTICE,2026-10-02,RP-2026-401407,,80,Pre-foreclosure; New this week,Harris County Clerk,https://www.cclerk.hctx.netEComm/ViewEdocs.aspx?ID=ihpahpMbvcoWkF5RdbzIVXoZEZRtGQas/YIGNRAQ+lzMmFo4UnuC1i0ynVz9tdxwt5q1ayFFDlk0yiw64GAZxDhBcEw7RNvhtUQcYkamNUXxOGrB44lXK3zPLNY5sMRrsCx2UWQkzjs6rkEPGNQBDA==
TM,INVESTMENTS,PO BOX 41568,HOUSTON,TX,77241-1568,5642 HIRONDEL ST,HOUSTON,TX,77033,Notice of Foreclosure / Trustee Sale,NOTICE,2026-10-02,RP-2026-401365,,80,Pre-foreclosure; New this week,Harris County Clerk,https://www.cclerk.hctx.netEComm/ViewEdocs.aspx?ID=ihpahpMbvcoWkF5RdbzIVTlvgIjpm5pYmnW/sdov35lrSqJRI0h3VgpB9ssi9+osE9jeCkLgUSl+eVxXOpFpbP7dDa1ShZjcYzLxCGTcmaKdy8z8qgAbna7bjN+9L/GOC0tRWfvgiXrqQcmg/rMBRQ==
STINNETT,WAYNE D JR,3 EXBURY WAY,HOUSTON,TX,77056-2193,3 EXBURY WAY,HOUSTON,TX,77056,Notice of Foreclosure / Trustee Sale,NOTICE,2026-10-02,RP-2026-401348,,80,Pre-foreclosure; New this week,Harris County Clerk,https://www.cclerk.hctx.netEComm/ViewEdocs.aspx?ID=ihpahpMbvcoWkF5RdbzIVRnYMVhXAkW06NDRn6HvJ0uRPKpcylhAaiqpXYM7F0+dDkUOY7QKSAvvCYnJaTVTOPGThNE0GRivnenDgk4jYVFq/5kQRJ0Oy0aVdFYWkotlM+94BpHLLK9RLD4Q8+pGng==
URIBARRI,RUBEN JR,2111 YOSEMITE RIDGE CT,KATY,TX,77493-2357,2111 YOSEMITE RIDGE CT,KATY,TX,77493,Notice of Foreclosure / Trustee Sale,NOTICE,2026-10-02,RP-2026-401315,,80,Pre-foreclosure; New this week,Harris County Clerk,https://www.cclerk.hctx.netEComm/ViewEdocs.aspx?ID=ihpahpMbvcoWkF5RdbzIVe7GZ7/732ah6fDTrylmCOPC+++heztFosRkNvG18sW7Dugtdnfnk/gUJR8bel8vQ2EE/jhdqtpyYIdc6CWHlNJEC2IZbv27Mm0u2pEz5gPFB0j5TbeqLoB3JSy1CsUC2w==
URIBARRI,RUBEN JR,2111 YOSEMITE RIDGE CT,KATY,TX,77493-2357,2111 YOSEMITE RIDGE CT,KATY,TX,77493,Notice of Foreclosure / Trustee Sale,NOTICE,2026-10-02,RP-2026-401314,,80,Pre-foreclosure; New this week,Harris County Clerk,https://www.cclerk.hctx.netEComm/ViewEdocs.aspx?ID=ihpahpMbvcoWkF5RdbzIVUvriqpGE9MFx0B+/el0A2CVbGaPOmSC0KjrWk5PQ7eKNN09qeSe29wvBsRnMBgaeFI74fiPRXABe9P0A11YcgJXHRoSkk7s11o53FnorjySj4qoiFjSVbHFdLgnO2AyUw==
MONROY,OSCAR MARTINEZ,8018 BRAES MEADOW DR,HOUSTON,TX,77071-1202,8018 BRAES MEADOW DR,HOUSTON,TX,77071,Notice of Foreclosure / Trustee Sale,NOTICE,2026-10-02,RP-2026-401284,,80,Pre-foreclosure; New this week,Harris County Clerk,https://www.cclerk.hctx.netEComm/ViewEdocs.aspx?ID=ihpahpMbvcoWkF5RdbzIVSi8+HDFFgLGbT8KE16A0EyJxnChaDGyVf9AJBJ81OhzBxegA8pGeyrCl8/W3LVFS1+BRgT97KAFqKuJSkrju4UE+0MLEiZpywTsJ7zAfTRoxjNk8UMac/ZIlRdimaDRdg==
PAYNE,PATRICK,5721 FOREST TIMBERS DR,HUMBLE,TX,77346-1935,5721 FOREST TIMBERS DR,HUMBLE,TX,77346,Notice of Foreclosure / Trustee Sale,NOTICE,2026-10-02,RP-2026-401274,,80,Pre-foreclosure; New this week,Harris County Clerk,https://www.cclerk.hctx.netEComm/ViewEdocs.aspx?ID=ihpahpMbvcoWkF5RdbzIVYgK3EES3nTJUWxFZTSUQfHJk21O1XEgCaXj0+fejFxhGrEjPKD/VA7CcCF5tvITtn/EmRq0ESnxcvx3+iBfZkJgQDDTSYgZZjApT15h7huIMpYe1RN+xYerxab7Pgp78A==
PARTACZ,GAIL BARBARA,21223 FERNHOLLOW LN,SPRING,TX,77388-3826,21223 FERNHOLLOW LN,SPRING,TX,77388,Notice of Foreclosure / Trustee Sale,NOTICE,2026-10-02,RP-2026-401238,,80,Pre-foreclosure; New this week,Harris County Clerk,https://www.cclerk.hctx.netEComm/ViewEdocs.aspx?ID=ihpahpMbvcoWkF5RdbzIVa3jo3x9Uiv4XfWLU8+cUTD/GwPKMGKciYtuMMghVzzQLNK+Idp2VRt2UV2bTMQ6IO6gHPL305/zg3uUIdEa8LwN3obYcHiFLkgfYJrlypRQpFE8S4PWUg3iRdhk4PcB2w==
SANTOS,ROGELIO,20035 SHAVON SPRINGS DR,SPRING,TX,77388-2978,9515 SPIRALWOOD LN,HOUSTON,TX,77086,Notice of Foreclosure / Trustee Sale,NOTICE,2026-10-02,RP-2026-401234,,80,Pre-foreclosure; New this week,Harris County Clerk,https://www.cclerk.hctx.netEComm/ViewEdocs.aspx?ID=ihpahpMbvcoWkF5RdbzIVe74WEtXPkYvkIMZGEa8AZy0lP6O+sv/IzzaBtdvvZYWwhbLzRhKYgZKna77z7bFJHXUnE1SNgDGpLYZuG9HiKHk/0OID8pqH2zJYw168iQ+60w+H9/5GaUyGcWCmA17iQ==
SANTOS,ROGELIO,20035 SHAVON SPRINGS DR,SPRING,TX,77388-2978,9515 SPIRALWOOD LN,HOUSTON,TX,77086,Notice of Foreclosure / Trustee Sale,NOTICE,2026-10-02,RP-2026-401233,,80,Pre-foreclosure; New this week,Harris County Clerk,https://www.cclerk.hctx.netEComm/ViewEdocs.aspx?ID=ihpahpMbvcoWkF5RdbzIVVs8f9ylSQn4j56qvITCwVUOUc5v6c6A3YMJcjrbpJC3CQ4QgILaBA5+xNRUtLd9qgbP0S6OBBxHIw/Q27aL9hWS7bmzqg5Hi28ML3gKzNQnPEtwnGyZukdTHllm9EE2vQ==
MAGUEYAL,HUGO MANUEL,14080 FM 2920 E,TOMBALL,TX,77377,9710 WILLOW WOOD LN,HOUSTON,TX,77086,Notice of Foreclosure / Trustee Sale,NOTICE,2026-10-02,RP-2026-401120,,80,Pre-foreclosure; New this week,Harris County Clerk,https://www.cclerk.hctx.netEComm/ViewEdocs.aspx?ID=ihpahpMbvcoWkF5RdbzIVUn9fNEr4D/J6S89Qf+TF7njHgUlfjEczS8orcgMgileDLBpgDrF205RBXXBUXBA1d0FRkkihnkEkzf74vF9CXuEGnFHCd4NSAOEQmcC1RXAg7WlR31o04TOCl4AvDFPjw==
TRI,VU TIMOTHY MINH,12334 LONGWORTH LN,HOUSTON,TX,77024-6128,12334 LONGWORTH LN,HOUSTON,TX,77024,Notice of Foreclosure / Trustee Sale,NOTICE,2026-10-02,RP-2026-401106,,80,Pre-foreclosure; New this week,Harris County Clerk,https://www.cclerk.hctx.netEComm/ViewEdocs.aspx?ID=ihpahpMbvcoWkF5RdbzIVfypeNL64R5XBuc059ZuXUFJy6tyne0XUiwWitq+VzSzNv2fKriJBtyUPRRSK+RK97OuwCGvdxIouRs4seJVSxu14jMk3zytPZ2Ffa8wCP43gAxecOqp8UGEZi8VUbSl7Q==
WESTFALL,MEGAN,8626 GOLDEN CHORD CIR,HOUSTON,TX,77040-2552,8626 GOLDEN CHORD CIR,HOUSTON,TX,77040,Notice of Foreclosure / Trustee Sale,NOTICE,2026-10-02,RP-2026-401094,,80,Pre-foreclosure; New this week,Harris County Clerk,https://www.cclerk.hctx.netEComm/ViewEdocs.aspx?ID=ihpahpMbvcoWkF5RdbzIVVJckhiaasR6Yjdop/3kBxXSlMQX2TyC8EN1CoCEtGWlSp6r1IjCjzg61fzKq5HYsOU4E9oqAOHwIau+Km0tMnGWjt/pV75YUlMwTzm1M/ZCoSu9ArtREEvMq0oW7L+2kA==
PALOMARES,ERIK,10515 SAND PASS LN,HOUSTON,TX,77064-5325,10515 SAND PASS LN,HOUSTON,TX,77064,Notice of Foreclosure / Trustee Sale,NOTICE,2026-10-02,RP-2026-401080,,80,Pre-foreclosure; New this week,Harris County Clerk,https://www.cclerk.hctx.netEComm/ViewEdocs.aspx?ID=ihpahpMbvcoWkF5RdbzIVbb5qkphlO99Khc/3zncfE4TBngXjnuWbva7/kA9agQjss89Pw9v7DgednhQAnJeKvJDqicSMebk9Poxgx+drMPOTX6JjqY7sUlnjoBCRG4lutSAHgdm2esKwQmQHqb76Q==
PALOMARES,ERIK,10515 SAND PASS LN,HOUSTON,TX,77064-5325,10515 SAND PASS LN,HOUSTON,TX,77064,Notice of Foreclosure / Trustee Sale,NOTICE,2026-10-02,RP-2026-401079,,80,Pre-foreclosure; New this week,Harris County Clerk,https://www.cclerk.hctx.netEComm/ViewEdocs.aspx?ID=ihpahpMbvcoWkF5RdbzIVdK1EXVtlOwLvaPU8Y8ro83slxfpbp4FSRW5qEGQMwyEjCjA+GI9WlzvFBPTE7uKTk810LKDzeCZcmJqJ9LOfRYyvSwu33XtjgKC/ettSvk++ZmRIJ24n5T0weLJw/Fkfw==
MICYK,ZBIGNIEW,PO BOX 211,KATY,TX,77492-0211,21122 SETTLERS VALLEY DR,KATY,TX,77449,Notice of Foreclosure / Trustee Sale,NOTICE,2026-10-02,RP-2026-401070,,80,Pre-foreclosure; New this week,Harris County Clerk,https://www.cclerk.hctx.netEComm/ViewEdocs.aspx?ID=ihpahpMbvcoWkF5RdbzIVWoMsngQWFrMXkUzbzg5tbhoZ8GFioh8ShPbi+VwAfSqDdN3C317ju1UONFmxk2Rbd3KqxfQwz1CVVbg2ZDHiv8Qiy9koREPA7C1o/HuFTgpxFYqMu4aPr+1bpOlkE1Ejw==
MICYK,ZBIGNIEW,PO BOX 211,KATY,TX,77492-0211,21122 SETTLERS VALLEY DR,KATY,TX,77449,Notice of Foreclosure / Trustee Sale,NOTICE,2026-10-02,RP-2026-401069,,80,Pre-foreclosure; New this week,Harris County Clerk,https://www.cclerk.hctx.netEComm/ViewEdocs.aspx?ID=ihpahpMbvcoWkF5RdbzIVSMLvVv/7uJkFYKJta2aCpVMen5yTZClan/jC2Q1y40TiNBRp08Q5agRJiXSwubUDWUnVNP58qYqukR5O9UJJkX/HNM+GaFcKvRh7w0rqdQ52l9ZrjhQO+x7ync80Va7sQ==
KIM,JUNG HWUN,4027 BLUE BONNET BLVD,HOUSTON,TX,77025-1702,4027 BLUE BONNET BLVD,HOUSTON,TX,77025,Notice of Foreclosure / Trustee Sale,NOTICE,2026-10-02,RP-2026-400995,,80,Pre-foreclosure; New this week,Harris County Clerk,https://www.cclerk.hctx.netEComm/ViewEdocs.aspx?ID=ihpahpMbvcoWkF5RdbzIVf+Zz7lkzs546S0s2HcpPcgZmGxrdCrkV9fRuVPv+VP3KHHGKESb3HzAwD3SuzM8zVQ2BSxSJ6AoiDBjtMXqHBl9e/jcIPIt0qy9WnqwIwgvCsAol1Kt8wgIaC/mLAjgWw==
KIM,JUNG HWUN,4027 BLUE BONNET BLVD,HOUSTON,TX,77025-1702,4027 BLUE BONNET BLVD,HOUSTON,TX,77025,Notice of Foreclosure / Trustee Sale,NOTICE,2026-10-02,RP-2026-400994,,80,Pre-foreclosure; New this week,Harris County Clerk,https://www.cclerk.hctx.netEComm/ViewEdocs.aspx?ID=ihpahpMbvcoWkF5RdbzIVSU7GMTYH/ZGc2r/zoInG8a3h/hHDm28E8FxTkS4ca0NMn5oilPmh7uNDTxNEEwtFz12sbD+6N9A0bA16crs3O3aJvHUi+ynonDvvtBzetfuDKcxU3MMAfKW700BrAIaCw==
LUU,KIM HOA,13618 SABLEGROVE LN,HOUSTON,TX,77014-2130,13618 SABLEGROVE LN,HOUSTON,TX,77014,Notice of Foreclosure / Trustee Sale,NOTICE,2026-10-02,RP-2026-400936,,80,Pre-foreclosure; New this week,Harris County Clerk,https://www.cclerk.hctx.netEComm/ViewEdocs.aspx?ID=ihpahpMbvcoWkF5RdbzIVWvlvvIggEgAwlZHLQs6bvAb9+6vYoM8uyojeFe75ZA1Q6Y/B1/d384WC7DjzE/SDThhdJSaDGalN0rpYaH1SK2FK50Z8kKuxfBfIHTpnpX50QqDknr8+4r/j1xJtUfslA==
WANG,XIAOHU,6904 FOXMONT LN,HUMBLE,TX,77338-1326,6904 FOXMONT LN,HUMBLE,TX,77338,Notice of Foreclosure / Trustee Sale,NOTICE,2026-10-02,RP-2026-400926,,80,Pre-foreclosure; New this week,Harris County Clerk,https://www.cclerk.hctx.netEComm/ViewEdocs.aspx?ID=ihpahpMbvcoWkF5RdbzIVTuaOgIflVc6LlzHTPVrmGRC2N7cqt4LZcnfBULKxP4MtFunz6b2mmeVpN/mVkUXGso8WGY8J6+tcSMoxNWY8eiRc9jrD8L83oe+2XqV1yYSUt2O1preFzZ0AdXSV5CQ3Q==
WOODWARD,JACK,8714 DONYS DR,HOUSTON,TX,77040-1547,8714 DONYS DR,HOUSTON,TX,77040,Notice of Foreclosure / Trustee Sale,NOTICE,2026-10-02,RP-2026-400884,,80,Pre-foreclosure; New this week,Harris County Clerk,https://www.cclerk.hctx.netEComm/ViewEdocs.aspx?ID=ihpahpMbvcoWkF5RdbzIVbgjrQ9iKbNul42/x564GmiPtcXl6fpsi8qzcNTlONHnEuCzev0JAX2tE4HueDAeCdUT1v/MqocXBGBs1V8EvXCFhgnoW/bL3TI7Ehrp6zeV/CPyQ3DCTEqXOlRmODMeuw==
WOODWARD,JACK,8714 DONYS DR,HOUSTON,TX,77040-1547,8714 DONYS DR,HOUSTON,TX,77040,Notice of Foreclosure / Trustee Sale,NOTICE,2026-10-02,RP-2026-400883,,80,Pre-foreclosure; New this week,Harris County Clerk,https://www.cclerk.hctx.netEComm/ViewEdocs.aspx?ID=ihpahpMbvcoWkF5RdbzIVUI5O7E+h740QRN7u+A/OZGAIwG5MipKTqd4Y59mf6GVf2pCmnzLxJNTcezEl45DrBmMRewntc2WnXsLuSIbf0fA06oriabIgl7W/v6+gQ2OTgS6nKV6O4qqoxfN2boG7Q==
LEAZER,KAREN,21102 W FARWOOD TER,CYPRESS,TX,77433-2058,21102 W FARWOOD TERRACE,CYPRESS,TX,77433,Notice of Foreclosure / Trustee Sale,NOTICE,2026-10-02,RP-2026-400868,,80,Pre-foreclosure; New this week,Harris County Clerk,https://www.cclerk.hctx.netEComm/ViewEdocs.aspx?ID=ihpahpMbvcoWkF5RdbzIVc15b1r1n/oIH/TjRkK8BoLCNHL3sNOzJvQf/XTlQ5emPc2iJ2ugCcyk0qUp7TmzAi9NsXvHwh3Hk+JKJxMJr+5n+lLabix54GkULuxnOA08BHV+Tu/449H52WrlJ4U+0g==
WALKER,NEDAL ELISE,5910 CENTER COURT DR,SPRING,TX,77379-5531,5910 CENTER COURT DR,SPRING,TX,77379,Notice of Foreclosure / Trustee Sale,NOTICE,2026-10-02,RP-2026-400780,,80,Pre-foreclosure; New this week,Harris County Clerk,https://www.cclerk.hctx.netEComm/ViewEdocs.aspx?ID=ihpahpMbvcoWkF5RdbzIVTFbNcidZW5WaiAQsb4GYKh0HBqPd9YD7+ami6m0HiEso57wkKT9gphUUpyeMU3T2UTNmeekMms0YC1xuyuCsoIdxEMK0buGlaJOmKVE1bVzqr+Uhku1VAy6GcOBvOK8zw==
WHITEHEAD,JAMES EDWARD,429 W 22ND ST,HOUSTON,TX,77008-2415,429 W 22ND ST,HOUSTON,TX,77008,Notice of Foreclosure / Trustee Sale,NOTICE,2026-10-02,RP-2026-400736,,80,Pre-foreclosure; New this week,Harris County Clerk,https://www.cclerk.hctx.netEComm/ViewEdocs.aspx?ID=ihpahpMbvcoWkF5RdbzIVcBSa5n6oIrvS73tKe+6Z5Q5lMtDCvAgWMlDt604nAdaWkSc0DGeit4hAQBti3RqCaHWggqayUsh1Zd2vROOwgo3mpujlPVzyTW11HOBxIpiSof1boReKJyd6hUx1qe4fA==
PFEIL,RICHARD,302 WILCHESTER BLVD,HOUSTON,TX,77079-7327,302 WILCHESTER BLVD,HOUSTON,TX,77079,Notice of Foreclosure / Trustee Sale,NOTICE,2026-10-02,RP-2026-400692,,80,Pre-foreclosure; New this week,Harris County Clerk,https://www.cclerk.hctx.netEComm/ViewEdocs.aspx?ID=ihpahpMbvcoWkF5RdbzIVWO7JlgHBdEjerrvu/VjRfQ8tH3DThVJiGfO03lTer1b1+HwPX+Ff3/pN/UeG9CQT2pEF8h2hB4EX1RdKM/eaLFlqmWMtmTKkHQvuRkqVeCQz42A6BOWxx2d0BwiJcKKGQ==
VEGA,BERENIZE CARRILLO,5775 N SAM HOUSTON PKWY W STE 900,HOUSTON,TX,77086-1580,9118 N MAIN ST,BAYTOWN,TX,77521,Notice of Foreclosure / Trustee Sale,NOTICE,2026-10-02,RP-2026-400597,,80,Pre-foreclosure; New this week,Harris County Clerk,https://www.cclerk.hctx.netEComm/ViewEdocs.aspx?ID=ihpahpMbvcoWkF5RdbzIVRrQGRKAJk/AbxfBjBbEZcO2H5OzVRLUPZPDst2H7Mbl51v/+rkdmJNF5kDc1q5ZwqaUJCUUXwiAM6mzLdbEqFKqvVqZaJpQjVW3d3uiOjqSjIPMJEvXIceTbHmNhXMIkQ==
SHANNON,JAMES D EST,8111 WIMBLEDON LN,HOUSTON,TX,77070-4212,8111 WIMBLEDON LN,HOUSTON,TX,77070,Notice of Foreclosure / Trustee Sale,NOTICE,2026-10-02,RP-2026-400528,,80,Pre-foreclosure; New this week,Harris County Clerk,https://www.cclerk.hctx.netEComm/ViewEdocs.aspx?ID=ihpahpMbvcoWkF5RdbzIVfTGnuzYv+LKuJcS1SRZ6634zo4bx3u3625X4tBzt21zrqaemLByRa3f1VQ9Iz7YgsjnJDXPqKvI8TV7GHwaFW5HsN5hZGmSSbx+pn4pXbHDDSj8Rpou8LZ3SkujjEJRZg==
LESTOURGEON,JENNIFER LYNN,1302 SHEARN ST,HOUSTON,TX,77007-4146,1302 SHEARN ST,HOUSTON,TX,77007,Notice of Foreclosure / Trustee Sale,NOTICE,2026-10-02,RP-2026-400527,,80,Pre-foreclosure; New this week,Harris County Clerk,https://www.cclerk.hctx.netEComm/ViewEdocs.aspx?ID=ihpahpMbvcoWkF5RdbzIVefd/ybzlwHiE2LQskUxc9DSdBY2k7sYIhU38Ml8f6QpIKeHovPhDwraHyvDk8ShpjsdgX/r8t+z22ZtqKa3/mj49J9OufHRnOD9H5VKLGGz+hbICteWeHm46pR7XKGQSA==
RIVERA,ANGEL JOHAN RIVERA OLIVA,204 PENNSYLVANIA ST,SOUTH HOUSTON,TX,77587-3418,204 PENNSYLVANIA ST,SOUTH HOUSTON,TX,77587,Notice of Foreclosure / Trustee Sale,NOTICE,2026-10-02,RP-2026-400501,,80,Pre-foreclosure; New this week,Harris County Clerk,https://www.cclerk.hctx.netEComm/ViewEdocs.aspx?ID=ihpahpMbvcoWkF5RdbzIVYOJi6X+Iv25e9UYDXHP2nq9D1IoUuTVE9Ofpo30wFyodmJOHQP8rTQ8UaocTr4N5c+ezIpayK+L1DgwhMHC9Q08iXkaU8nP8B9DLn/UPHMevRSf/4XnUr6s1jqMhJd2hA==
PEREZ,JESSE JR,3514 PICKERING LN,PEARLAND,TX,77584-7056,0 CLEMENTSHIRE,HOUSTON,TX,77087,Notice of Foreclosure / Trustee Sale,NOTICE,2026-10-02,RP-2026-400494,,80,Pre-foreclosure; New this week,Harris County Clerk,https://www.cclerk.hctx.netEComm/ViewEdocs.aspx?ID=ihpahpMbvcoWkF5RdbzIVRLcXb3H4t0SQtIp41YFLp0U86uBiTbZP/F/fXqefs9oOvx0qL1BXxveiGWBmRaSWKiieTQVktqNaz71/WLYhmQRNMQyTPfCZSKGLbrEhD1H5ERB4N3upoHX8PPTtRDLeA==
SHAH,SAGAR,333 CYPRESS RUN STE 200,HOUSTON,TX,77094-1318,20410 FM 2920 RD,HOCKLEY,TX,77377,Notice of Foreclosure / Trustee Sale,NOTICE,2026-10-02,RP-2026-400489,,80,Pre-foreclosure; New this week,Harris County Clerk,https://www.cclerk.hctx.netEComm/ViewEdocs.aspx?ID=ihpahpMbvcoWkF5RdbzIVbI69DdFIi+OBNc5meyB0onhM+mGwyLU3CWYoOlol//LOHt9zR++Lj6DVjFzdd3WRGOsKV00/KAQQcoOM4vIZ+lIAZINRQWXHnHp5Gd1i23zEzn4l1lG0D75Nf9xgh5vZA==
SANCHEZ,YICENIA,333 CYPRESS RUN STE 200,HOUSTON,TX,77094-1318,20410 FM 2920 RD,HOCKLEY,TX,77377,Notice of Foreclosure / Trustee Sale,NOTICE,2026-10-02,RP-2026-400487,,80,Pre-foreclosure; New this week,Harris County Clerk,https://www.cclerk.hctx.netEComm/ViewEdocs.aspx?ID=ihpahpMbvcoWkF5RdbzIVRdm2BeDMRi2TfnUtqdYWbDQ00S2/ugg33nOrvt+NtU0w/v3JQhjNIBRBO4nQ7dJnVwHRmVHH9sb6tBDP7klcMHA4+6M2kpJVItZeCaLbQ11KLc6nhkPc+jOCTXAeU1ZGg==
VILLALOBOS,LISA C,18411 SNOWWOOD DR,SPRING,TX,77388-5102,18411 SNOWWOOD DR,SPRING,TX,77388,Notice of Foreclosure / Trustee Sale,NOTICE,2026-10-02,RP-2026-400484,,80,Pre-foreclosure; New this week,Harris County Clerk,https://www.cclerk.hctx.netEComm/ViewEdocs.aspx?ID=ihpahpMbvcoWkF5RdbzIVfL6ZvLXLzxUfoTEqNdFOoJFRNsukEvWt1Gd2+ugw3YcveORyKM1Fgpz3GAr6VMU/laHltkTpMy2unK9PU04g5QyhScdy5CLE7tsu9TAqfKGrol3cM0sQv5oREhr7FUGOw==
VELASQUEZ,ANGELYNE GRISELDA,5775 N SAM HOUSTON PKWY W STE 900,HOUSTON,TX,77086-1580,9118 N MAIN ST,BAYTOWN,TX,77521,Notice of Foreclosure / Trustee Sale,NOTICE,2026-10-02,RP-2026-400481,,80,Pre-foreclosure; New this week,Harris County Clerk,https://www.cclerk.hctx.netEComm/ViewEdocs.aspx?ID=ihpahpMbvcoWkF5RdbzIVd9+bRQ9VZ6lfHrsyrjl/3tVMKdveYt9M6ITrKNF/x49K06+ajGSIU40OzA7yAetiHNmQ/nQHwnYQd9ICoIgz4g5MVHbxXwsPeCO+E43JBES9SKcEG2XUA+iFx4bMCuIUQ==
VALDIVIA,CARLOS,9610 SHIMMERING MAPLE DR,HOUSTON,TX,77064-6418,9610 SHIMMERING MAPLE DR,HOUSTON,TX,77064,Notice of Foreclosure / Trustee Sale,NOTICE,2026-10-02,RP-2026-400465,,80,Pre-foreclosure; New this week,Harris County Clerk,https://www.cclerk.hctx.netEComm/ViewEdocs.aspx?ID=ihpahpMbvcoWkF5RdbzIVUgIzR9OXvVgg9Vjj6Mhrk1V9ELFeeOxxpcdj6OCW8iLe1yzZsoZP51VOCsrbSYHqOn/I96ZJ4oRS3NKN1XLTuzrOXyXwvtr5nvki6B/DghrfLcts9S8X1ZTsLbkzbaf7A==
RAMOS,ULSI,5000 RIVERSIDE DR BLDG 5 STE 100W,IRVING,TX,75039-4316,838 FORTUNE ST,HOUSTON,TX,77088,Notice of Foreclosure / Trustee Sale,NOTICE,2026-10-02,RP-2026-400450,,80,Pre-foreclosure; New this week,Harris County Clerk,https://www.cclerk.hctx.netEComm/ViewEdocs.aspx?ID=ihpahpMbvcoWkF5RdbzIVaWb0rSlKDE0tAm4hJ1Q9PszFCrS5ZNmzegcaCt5hqFYrSkbrkPMJE/bKHakp6jeKbjw4HwLOU+/STggulUyo5O10Yi30lZ1fIVJlwRfKTTAfDvu3Q7Omt5zGhDhD3E2pg==
RAMOS,ULSI,5000 RIVERSIDE DR BLDG 5 STE 100W,IRVING,TX,75039-4316,838 FORTUNE ST,HOUSTON,TX,77088,Notice of Foreclosure / Trustee Sale,NOTICE,2026-10-02,RP-2026-400449,,80,Pre-foreclosure; New this week,Harris County Clerk,https://www.cclerk.hctx.netEComm/ViewEdocs.aspx?ID=ihpahpMbvcoWkF5RdbzIVa0g2NWyZIb2MB3zS/mBx2H2tvEG3S9ceu6V05tKFOhWNT40oi6+22DL/rSVafL/Kp5ydw7caS7ooq6CYvfB5lNz70KEpoKsWcNOqS7TEEHnhIysJr5+6Aqklg4yQJ/bUw==
RAMOS,ULSI,5000 RIVERSIDE DR BLDG 5 STE 100W,IRVING,TX,75039-4316,838 FORTUNE ST,HOUSTON,TX,77088,Notice of Foreclosure / Trustee Sale,NOTICE,2026-10-02,RP-2026-400448,,80,Pre-foreclosure; New this week,Harris County Clerk,https://www.cclerk.hctx.netEComm/ViewEdocs.aspx?ID=ihpahpMbvcoWkF5RdbzIVZpqYaU7KZvaviDM4SjsVH5RnbGHv66c1hZsyNOKk2pJX1RcHxZodHQDFtlXdlqwD+U1oUqG72GWg5hHMCpc3fCz95eAUs3FxQ7n6r4l+hSmL97BdPsWR3YteEoeiA5nwg==
BILLIG,MARK SCOTT,16303 CENTENNIAL LIGHT DR,HOCKLEY,TX,77447-2223,16303 CENTENNIAL LIGHT DR,HOCKLEY,TX,77447,Notice of Foreclosure / Trustee Sale,NOTICE,2026-10-02,RP-2026-400420,,80,Pre-foreclosure; New this week,Harris County Clerk,https://www.cclerk.hctx.netEComm/ViewEdocs.aspx?ID=ihpahpMbvcoWkF5RdbzIVZIXA4nD0RJVdy+rtkwOog9qxKccukvnVigplPymBM29GhwXCevMe0jp115YQC1lD0XLuhtrShazptF3Ip+GBsy0E887TyBkHhUIeSK8sXpQ4uGNzd2lY/EoQFPcjxY5XA==
WATSON,DAVID,7629 SPRINGDALE ST,HOUSTON,TX,77028-1811,7629 SPRINGDALE ST,HOUSTON,TX,77028,Notice of Foreclosure / Trustee Sale,NOTICE,2026-10-02,RP-2026-400373,,80,Pre-foreclosure; New this week,Harris County Clerk,https://www.cclerk.hctx.netEComm/ViewEdocs.aspx?ID=ihpahpMbvcoWkF5RdbzIVezuuVF40cdqDtDsMSmV3bxSOBUcWcgd5Sj4L0vnmvvoN7iepzGXRfE1gWFDsJ8nH2BU74SjLLNmFVXmQUtGNyC7DmbQyIDX4dlaj5NZxIZk8EUwhf5jBaANaBt3eJczgA==
WATSON,DAVID,7629 SPRINGDALE ST,HOUSTON,TX,77028-1811,7629 SPRINGDALE ST,HOUSTON,TX,77028,Notice of Foreclosure / Trustee Sale,NOTICE,2026-10-02,RP-2026-400372,,80,Pre-foreclosure; New this week,Harris County Clerk,https://www.cclerk.hctx.netEComm/ViewEdocs.aspx?ID=ihpahpMbvcoWkF5RdbzIVfln/o+86QHEfm1zOWlfugu5S3VcQFFJxo/I18d8b4AZ/fQcbxXYLv5QkR5LF+6wKfJPANpgD2CWQZxsgQMN/ZEqeYsO1Kge4DN7LHQa8rlOPtUWaH0zGvsyCzftNMNV+g==
FRAZIER,DIANE E,400 CARRIAGE HILLS BLVD,CONROE,TX,77384-3607,0 W LAKE HOUSTON PKY,HOUSTON,TX,77044,Notice of Foreclosure / Trustee Sale,NOTICE,2026-10-02,RP-2026-400336,,80,Pre-foreclosure; New this week,Harris County Clerk,https://www.cclerk.hctx.netEComm/ViewEdocs.aspx?ID=ihpahpMbvcoWkF5RdbzIVWSunHwrYDWQTkgQmUmIis0nOkSQ8d0aT7XQyUtHitfW0Xk/0AlrDGQk/URKUuJYLHsXGQ98kkcvFvFJIdrVXGKQirMY3Na2gpuneLHmTMObTYyr6TyToW6Z6xAOrlMR6Q==
RODRIGUEZ,JOEL HIDALGO,5326 INKER ST,HOUSTON,TX,77007-3141,5326 INKER ST,HOUSTON,TX,77007,Notice of Foreclosure / Trustee Sale,NOTICE,2026-10-02,RP-2026-400329,,80,Pre-foreclosure; New this week,Harris County Clerk,https://www.cclerk.hctx.netEComm/ViewEdocs.aspx?ID=ihpahpMbvcoWkF5RdbzIVUM6PJGPNw7rF/MQKU+6RRXBMZF5F2+b4Fd3g0D6tCWTMxHUCn0xXNZTRxHio5fKw+hyvnh6Gxk377SPTxtH0FCAv6Eifmwi478eK2Q7mQspPXmSNnMefXMwy0Hw6u/95w==
TAHIR,HINA,6219 ORANGE BLOSSOM LN,ROSENBERG,TX,77471-6683,18315 N WILLOW BLUFF RD,KATY,TX,77449,Notice of Foreclosure / Trustee Sale,NOTICE,2026-10-02,RP-2026-400316,,80,Pre-foreclosure; New this week,Harris County Clerk,https://www.cclerk.hctx.netEComm/ViewEdocs.aspx?ID=ihpahpMbvcoWkF5RdbzIVY74CEP6hm0O+CXUY3Gcf4sMpJ+J2gk80khG7zKrcCWvDVOnADLPWY6/kZouWeAWV8DpJ8ix6yZDr0DRRveYpCyp0UVbBM7fGNIwFnLuM8jQoWIPqofz/Aqmh4GFCewoWQ==
TAHIR,HINA,6219 ORANGE BLOSSOM LN,ROSENBERG,TX,77471-6683,18315 N WILLOW BLUFF RD,KATY,TX,77449,Notice of Foreclosure / Trustee Sale,NOTICE,2026-10-02,RP-2026-400315,,80,Pre-foreclosure; New this week,Harris County Clerk,https://www.cclerk.hctx.netEComm/ViewEdocs.aspx?ID=ihpahpMbvcoWkF5RdbzIVeDMVHnYDuf/HQxmeYcLrouf9k+SwY2ATEGc3PAvpA733pDh5JplRiV8aevQAn4Vv4Y+l7zfh0kaRi1Pjb1oMfiEEHu3DrmRY4hQxy/ORZhDeNoGljJXEo3IGFoK8sB95w==
GUERRERO,LORENZO,6614 SHERMAN ST,HOUSTON,TX,77011-3524,6614 SHERMAN ST,HOUSTON,TX,77011,Notice of Foreclosure / Trustee Sale,NOTICE,2026-10-02,RP-2026-400303,,80,Pre-foreclosure; New this week,Harris County Clerk,https://www.cclerk.hctx.netEComm/ViewEdocs.aspx?ID=ihpahpMbvcoWkF5RdbzIVdAKid+wI9t5kUEs1fShSqIcp0cZ9o+pNIPWvl+0aQivBE+iXd7H4C7ERLVgN7FzEHKc9hfqTXWqdjfUtVzLJscqcyRn03K5R3lObPvX+a3R3blJyBLPrf+F4NQ7CmLDrw==
GUERRERO,LORENZO,6614 SHERMAN ST,HOUSTON,TX,77011-3524,6614 SHERMAN ST,HOUSTON,TX,77011,Notice of Foreclosure / Trustee Sale,NOTICE,2026-10-02,RP-2026-400302,,80,Pre-foreclosure; New this week,Harris County Clerk,https://www.cclerk.hctx.netEComm/ViewEdocs.aspx?ID=ihpahpMbvcoWkF5RdbzIVTxQNevMJfMnke+JGN3LU9HNb5nj1TIAge6gdTkPm+Tmj2HYQvopo0Cb7j3Evrp9X152BJeADhEvzR+DAh8Eu3XsB+OL/+mku2yA53pNHn3RlCT2nImttpAgmTN9hqKJVw==
WARNER,MICHAEL,6813 ENGLAND ST,HOUSTON,TX,77021-4917,6813 ENGLAND ST,HOUSTON,TX,77021,Notice of Foreclosure / Trustee Sale,NOTICE,2026-10-02,RP-2026-400295,,80,Pre-foreclosure; New this week,Harris County Clerk,https://www.cclerk.hctx.netEComm/ViewEdocs.aspx?ID=ihpahpMbvcoWkF5RdbzIVQf9vh1/c/7lBesR/qrMsMrNg3UnPhQiPYsdnSARAduscd/nlDFfvz16n2yGHhXc4yi8b1z+xB9MtNx4j4mw2S3xXQHxJ0eFGfNnU5OYuR2UhWqjSUzrVZUADlMTNpcxjA==
KIM,JUNG HWUN,4027 BLUE BONNET BLVD,HOUSTON,TX,77025-1702,4027 BLUE BONNET BLVD,HOUSTON,TX,77025,Notice of Foreclosure / Trustee Sale,NOTICE,2026-10-02,RP-2026-400287,,80,Pre-foreclosure; New this week,Harris County Clerk,https://www.cclerk.hctx.netEComm/ViewEdocs.aspx?ID=ihpahpMbvcoWkF5RdbzIVbdEPak4SbcQ+Gohwnucy2x4jgMFBi2E9DpvI/EEjw+2CDFiKLxy6gGNuyCz2GEXqIq2As2hIR+/ocSn2GZJE/Csh1DZouX1VXR4uhROpQ9xTZZCH97DA56DBzEOgj4owA==
PETIT,LUIS FERNANDEZ,10930 W SAM HOUSTON PKWY N STE 100,HOUSTON,TX,77064-6331,7311 CAMDEN CRESTWOOD WAY,KATY,TX,77493,Notice of Foreclosure / Trustee Sale,NOTICE,2026-10-02,RP-2026-400270,,80,Pre-foreclosure; New this week,Harris County Clerk,https://www.cclerk.hctx.netEComm/ViewEdocs.aspx?ID=ihpahpMbvcoWkF5RdbzIVWhX+ZAspTAuguME+t8BCl5CK/ZNiQyeTmpzRTS1D3ut67t00d3MDsqw5BHhbj+vaxHlGNwiHAivYnIkjrPc+RyDlyHFke1ZqOBF0BILfjbyTG3MBfisUxgTig1xxKkc5A==
PETIT,LUIS FERNANDEZ,10603 W SAM HOUSTON PKWY N STE 300,HOUSTON,TX,77064-4660,22403 RED FLOWER DR,CYPRESS,TX,77433,Notice of Foreclosure / Trustee Sale,NOTICE,2026-10-02,RP-2026-400269,,80,Pre-foreclosure; New this week,Harris County Clerk,https://www.cclerk.hctx.netEComm/ViewEdocs.aspx?ID=ihpahpMbvcoWkF5RdbzIVVY9C8o4/F/DMIULnyd5Wq3Znodf0JihjnVMpjYcCsAuohRzEGpBdg7DrLEH+1znTJn1BwBicy+jCS/dvGpuZpcFqPjGODywd08oHjUMOpxaZc88ceFr1eP5WEfE64iq3g==
LE,MICHAEL,1032 LOUISE ST,HOUSTON,TX,77009-2956,1032 LOUISE ST,HOUSTON,TX,77009,Notice of Foreclosure / Trustee Sale,NOTICE,2026-10-02,RP-2026-400251,,80,Pre-foreclosure; New this week,Harris County Clerk,https://www.cclerk.hctx.netEComm/ViewEdocs.aspx?ID=ihpahpMbvcoWkF5RdbzIVYYl9ldu1CHvyAVV88XGusTdRde5tV6G64zfaI7exHqdh+dXib5J4q8EBmJUgLXBHQh96B+86gGAmC/esqgdeMGMsiuqIFzR6ZYP4qUBJxrJNI9pjr0zYZp+amcTZvkccw==
VACACONTRERAS,GABRIELA,3132 FERRY RD,BAYTOWN,TX,77520-3824,3132 FERRY RD,BAYTOWN,TX,77520,Notice of Foreclosure / Trustee Sale,NOTICE,2026-10-02,RP-2026-400241,,80,Pre-foreclosure; New this week,Harris County Clerk,https://www.cclerk.hctx.netEComm/ViewEdocs.aspx?ID=ihpahpMbvcoWkF5RdbzIVd0PL5vVE//VCl00nZf3ZlZzhgii7WYRQBEx9XgFT+WnUzFdVyxNj8bGDWJ9eDSTLveJK9T8FUq1Y7rfhuwv/B9PHMYxbf/HdR/9+jNopFLOhzLIwiGNsnV/Qm+/2h9Atw==
VACACONTRERAS,GABRIELA,3132 FERRY RD,BAYTOWN,TX,77520-3824,3132 FERRY RD,BAYTOWN,TX,77520,Notice of Foreclosure / Trustee Sale,NOTICE,2026-10-02,RP-2026-400240,,80,Pre-foreclosure; New this week,Harris County Clerk,https://www.cclerk.hctx.netEComm/ViewEdocs.aspx?ID=ihpahpMbvcoWkF5RdbzIVei+jBz4h1Zgho46IkOLjVdzUoqEKK6rqJ9e78NlKBFrGrmd8Zrf1VgqptpXIHnQIW+e4tE1D133Z85UGWp3ypgMsfltfYJVMsMW9Gxd02fWq/Y756pTyCWM0BUGlpv4PA==
VACACONTRERAS,GABRIELA,3132 FERRY RD,BAYTOWN,TX,77520-3824,3132 FERRY RD,BAYTOWN,TX,77520,Notice of Foreclosure / Trustee Sale,NOTICE,2026-10-02,RP-2026-400239,,80,Pre-foreclosure; New this week,Harris County Clerk,https://www.cclerk.hctx.netEComm/ViewEdocs.aspx?ID=ihpahpMbvcoWkF5RdbzIVUYa9LOPtrSpNhpLWE3Tnvc4tthTKnqw77/OMlpwxb5vz2Nc7gM7YsfHOUnY5ZFhVFIM7j//MwNCwKhKXRxRDhGMicAD9G5FU6qHRdW67qFALSwFCTQK7pfy6FdHq34pCQ==
VACACONTRERAS,GABRIELA,3132 FERRY RD,BAYTOWN,TX,77520-3824,3132 FERRY RD,BAYTOWN,TX,77520,Notice of Foreclosure / Trustee Sale,NOTICE,2026-10-02,RP-2026-400238,,80,Pre-foreclosure; New this week,Harris County Clerk,https://www.cclerk.hctx.netEComm/ViewEdocs.aspx?ID=ihpahpMbvcoWkF5RdbzIVWrpiThob2OrJqASEnxkhMv5C+wbvABYVHW2hYnCfL4ojGCdUXSlZOp4TpQWaXKjHQhto5gCLdUPEB5lXSzjCsw2GV5sWtibvUiD/lcJWsBbzwOwhCjWcMigz8n3LbvU4Q==
INFANTE,GRISEL D,400 CARRIAGE HILLS BLVD,CONROE,TX,77384-3607,0 W LAKE HOUSTON PKY,HOUSTON,TX,77044,Notice of Foreclosure / Trustee Sale,NOTICE,2026-10-02,RP-2026-400228,,80,Pre-foreclosure; New this week,Harris County Clerk,https://www.cclerk.hctx.netEComm/ViewEdocs.aspx?ID=ihpahpMbvcoWkF5RdbzIVWoJurh5R945LZJDIGQUj2DF0KaupcH3bXolE5rdURhC/4aM80ElG/8pZIrQ2XjakoRT+5aBct6h4OEA6+2MwnJ5UPrQjMiUxtssQ9WK8WlN09wwK/vvUtg1RYGOHqLxug==
LAW,TIFFANY L,24014 SHAW PERRY LN,KATY,TX,77493-3427,24014 SHAW PERRY LN,KATY,TX,77493,Notice of Foreclosure / Trustee Sale,NOTICE,2026-10-02,RP-2026-400202,,80,Pre-foreclosure; New this week,Harris County Clerk,https://www.cclerk.hctx.netEComm/ViewEdocs.aspx?ID=ihpahpMbvcoWkF5RdbzIVbEA5kOgbNXb6JgLEg1iqH1gnX2W4xiNWKkIoxgr6MJkPvokCpTiDzX5XLYnFAMdc2FR1M5gmQng4Zas1QGr1RJ3cR+GrPodAcelOmNbb4VVwKTsJSl0/qIIFYti2yltlA==
TILLEY,CAMERON,19515 HORDEN CREEK DR,TOMBALL,TX,77375-6784,19515 HORDEN CREEK DR,TOMBALL,TX,77375,Notice of Foreclosure / Trustee Sale,NOTICE,2026-10-02,RP-2026-400186,,80,Pre-foreclosure; New this week,Harris County Clerk,https://www.cclerk.hctx.netEComm/ViewEdocs.aspx?ID=ihpahpMbvcoWkF5RdbzIVXI31MJ58D1OqPwf1O5WugGKuVRXLyjglLHfGOGQRL0E1wuKiBm8rK7QRToEBbabdBVEl7okeQmDP27r68cEBgltPT8vn4znX1NDVc1gkZSC3WgV+TVOlRaY/pBMzeVscQ==
MCGREGOR,STEPHEN D,3333 ALLEN PKWY UNIT 2107,HOUSTON,TX,77019-1847,1307 ROSEDALE ST,HOUSTON,TX,77004,Notice of Foreclosure / Trustee Sale,NOTICE,2026-10-02,RP-2026-400166,,80,Pre-foreclosure; New this week,Harris County Clerk,https://www.cclerk.hctx.netEComm/ViewEdocs.aspx?ID=ihpahpMbvcoWkF5RdbzIVWSUkgdVsQW5NtZcjyCsuXDpD1LxH4k/pqfDs7n86uxAAJxCc2dWRi8bvjGf3AT7iV7mLQv/mnQ8Yn8XMiTjSMyJd/ZGS2FUPn2oirO6CzmsvoO20xb2151jACbrj0w8Qg==
SORAHI,FARZANEH,3663 WASHINGTON AVE APT 4048,HOUSTON,TX,77007-6476,8409 I HEMPSTEAD RD I,HOUSTON,TX,77008,Notice of Foreclosure / Trustee Sale,NOTICE,2026-10-02,RP-2026-400128,,80,Pre-foreclosure; New this week,Harris County Clerk,https://www.cclerk.hctx.netEComm/ViewEdocs.aspx?ID=ihpahpMbvcoWkF5RdbzIVWQz6ajtO7bRDUVt6Mk9EWRFPKCuR9DP5AOwmdBleJmq8l1D99lSB09o/kftf+g6YxqJwJu7QQ8IzG3XocVQW3unX2Y5GA1c/VPeH7zKpUODguHWJvecBLr4IWq0V1jdrA==
WESTIN,HOMES AND PROPERTIES L P,2245 TEXAS DR STE 600,SUGAR LAND,TX,77479-2190,6015 BRISTOL SPUR LN,KATY,TX,77493,Notice of Foreclosure / Trustee Sale,NOTICE,2026-10-02,RP-2026-400125,,80,Pre-foreclosure; New this week,Harris County Clerk,https://www.cclerk.hctx.netEComm/ViewEdocs.aspx?ID=ihpahpMbvcoWkF5RdbzIVcW/8/Dm2CPUHx2rAI3voI7jfnTjmXyUPQdD7J9KSLki7AmI5mDcJKZ0J9jf/oDOSrsUuQ6tVnX21wiFUYNKyP1dCWtnYvHitIyRxJAjxLR5FK8t1UHcxKdwF672oXGr/g==
FERSON,DAVID Z,7002 MONTCLAIR DR,HOUSTON,TX,77030-3232,7002 MONTCLAIR DR,HOUSTON,TX,77030,Notice of Foreclosure / Trustee Sale,NOTICE,2026-10-02,RP-2026-400100,,80,Pre-foreclosure; New this week,Harris County Clerk,https://www.cclerk.hctx.netEComm/ViewEdocs.aspx?ID=ihpahpMbvcoWkF5RdbzIVXcc9/FkFCfhC8EJG+MVZ4+0/S1L1bzf6o5Tf+8/2u4UbuAmHlsqYKDv3EMSF9Hd2Zt/XAdTgA02TVO/nBQXxEDF/xuVI7baqxYd8KFb7+hmpZ3OZ6nAHeBkF7JvBYE7VQ==
TANKEU,SHARON M,15915 KATY FWY STE 405,HOUSTON,TX,77094-1710,0 GREENHOUSE RD,HOUSTON,TX,77084,Notice of Foreclosure / Trustee Sale,NOTICE,2026-10-02,RP-2026-400079,,80,Pre-foreclosure; New this week,Harris County Clerk,https://www.cclerk.hctx.netEComm/ViewEdocs.aspx?ID=ihpahpMbvcoWkF5RdbzIVQVlpNWE4G1POMEdHpo+Vx17P863EjES3J0u7/kdGy7y2W3+lHs09g0PO8hzSMmVuAeCOZJiD4ueq3qDKChLdAtX4ttdBK9ZiY0eLQVVnDWh/0cRW8B9Dfkjut45N1Fveg==
KALU,EDWARD UKE,602 LOUISIANA ST,SOUTH HOUSTON,TX,77587-3119,602 LOUISIANA ST,SOUTH HOUSTON,TX,77587,Notice of Foreclosure / Trustee Sale,NOTICE,2026-10-02,RP-2026-400046,,80,Pre-foreclosure; New this week,Harris County Clerk,https://www.cclerk.hctx.netEComm/ViewEdocs.aspx?ID=ihpahpMbvcoWkF5RdbzIVYzD465AF8CkCdkVLLh9oykBlQvEJU5HGNfpwCKy/0vAA+xqtW0bkpK3cEWrWA/t3gx+Mw5b5e+m28zeovRLgEKF6EU9TNLij+NcMEqpBoWJoH5l23d+eMkdoDnUXQkUcA==
MARSHALL,BRIAN W,11943 FM 1485 RD,CONROE,TX,77306-7439,13317 CHRISMAN RD,HOUSTON,TX,77039,Notice of Foreclosure / Trustee Sale,NOTICE,2026-10-02,RP-2026-400043,,80,Pre-foreclosure; New this week,Harris County Clerk,https://www.cclerk.hctx.netEComm/ViewEdocs.aspx?ID=ihpahpMbvcoWkF5RdbzIVcchqkFG5Rwc2oSvZgixvOauzVECgUvkZ59BKrIYXl1GIkd9tKCst6QT5w1Y4p0d0KKiR00x0vwV+gBBPpeBoCOzUgJ4DUjqxGXkjmSHzMaq6myPTt5nPPB+0yTaTDjblw==
WOODS,XAVIER DAMOCUS II,480 WILDWOOD FOREST DR STE 803,SPRING,TX,77380-4120,0 E CORAL HONEYSUCKLE LOOP,CYPRESS,TX,77433,Notice of Foreclosure / Trustee Sale,NOTICE,2026-10-02,RP-2026-400036,,80,Pre-foreclosure; New this week,Harris County Clerk,https://www.cclerk.hctx.netEComm/ViewEdocs.aspx?ID=ihpahpMbvcoWkF5RdbzIVWyaGNYGjjRB+mQ6WJy5WLAzcV6osGQmT4EHYUgb1n2beOqTfCH7B/6BDaS8S8+RwTXsl+5yAg16P2FOV6ukLf/8jyS+zkKL38sczbGrJtn+3JAwou3jeb0lPQR6cIo5vA==
WOODS,XAVIER DAMOCUS II,480 WILDWOOD FOREST DR STE 803,SPRING,TX,77380-4120,0 E CORAL HONEYSUCKLE LOOP,CYPRESS,TX,77433,Notice of Foreclosure / Trustee Sale,NOTICE,2026-10-02,RP-2026-400035,,80,Pre-foreclosure; New this week,Harris County Clerk,https://www.cclerk.hctx.netEComm/ViewEdocs.aspx?ID=ihpahpMbvcoWkF5RdbzIVbIxrGqA4kI84hwRFuhpZMi7EAWVZlgiOLy9k0nZiZG+WeaGpVoXXuU7uKD7oIcbnoTBs8DCbAn9w6i1sBRS7JfJ2B5Ttexue4iQxBB95LT6ynczAmq/D9cEtmsFvXFLnQ==
HURTADO,BREILYN,5202 NORBORNE LN,HOUSTON,TX,77069-1536,5202 NORBORNE LN,HOUSTON,TX,77069,Notice of Foreclosure / Trustee Sale,NOTICE,2026-10-02,RP-2026-400028,,80,Pre-foreclosure; New this week,Harris County Clerk,https://www.cclerk.hctx.netEComm/ViewEdocs.aspx?ID=ihpahpMbvcoWkF5RdbzIVUJxEwI9j2krv40fFD6XhG/RdFBeeeF2wbbT+EOpxuw87CAFNJEdVdJWV1kXqkwEBpykhul7VObIr6OrCE4vtFSvGGFbNlBjS7D7HrWQvAPxeC0j92URXA3DOAxtxxmfwA==
STARLIGHT,HOMES TEXAS L L C,10110 W SAM HOUSTON PKWY STE A 11,HOUSTON,TX,77064-7508,0 ADDINGTON CT,HUFFMAN,TX,77336,Notice of Foreclosure / Trustee Sale,NOTICE,2026-10-02,RP-2026-400019,,80,Pre-foreclosure; New this week,Harris County Clerk,https://www.cclerk.hctx.netEComm/ViewEdocs.aspx?ID=ihpahpMbvcoWkF5RdbzIVZoTmup9MJyF+dHB+uL/gq7juyP6yqmBEu7prrXvFEwiCx4gvtVYoKBH6Yymi7vUeev3iKTpgX+YvjC8ovAAUcKD0a8ukzZh3Ba9e8/TPqZPQNYiqT/okGnFfXajwWIe5A==
WIJESINGHE,SINHALAGE AYESHAN,5835 PLANTATION CREST DR,KATY,TX,77449-0160,5835 PLANTATION CREST DR,KATY,TX,77449,Notice of Foreclosure / Trustee Sale,NOTICE,2026-10-02,RP-2026-400011,,80,Pre-foreclosure; New this week,Harris County Clerk,https://www.cclerk.hctx.netEComm/ViewEdocs.aspx?ID=ihpahpMbvcoWkF5RdbzIVQ0MCK0QCv4NJbzIgSkjXY2lFAchU3ljrMjhMj3/8Iy6urUqRJYt7mhQohDgEQjTm1SwEtTWPzIfdJ9DAzemd9Xe/6nq545fMPJMj4Az89vkQ9EeHu16uAjUbHYtM0+iGA==
GARZA,ARNOLDO,5818 W BELLFORT ST,HOUSTON,TX,77035-2432,5818 W BELLFORT ST,HOUSTON,TX,77035,Notice of Foreclosure / Trustee Sale,NOTICE,2026-10-02,RP-2026-399986,,80,Pre-foreclosure; New this week,Harris County Clerk,https://www.cclerk.hctx.netEComm/ViewEdocs.aspx?ID=ihpahpMbvcoWkF5RdbzIVTS1ucpRXVoiwd4hGgM1X0noifLIPbvOfXJWryt5rtRm7O4druPfoswQkguKzbuTW/lE5/dB0V1vKFN5dDs65Fw2vFAv91vJOq9Wx+Hmm4OwOOZpC3boYjgz9e1dOv19Dw==
RITCHEY,JUSTIN M,10807 WALSTON RIDGE CT,SPRING,TX,77379-3273,10807 WALSTON RIDGE DR,SPRING,TX,77379,Notice of Foreclosure / Trustee Sale,NOTICE,2026-10-02,RP-2026-399979,,80,Pre-foreclosure; New this week,Harris County Clerk,https://www.cclerk.hctx.netEComm/ViewEdocs.aspx?ID=ihpahpMbvcoWkF5RdbzIVf+IAEBGBpyk0rq1ELUrJsiRBAZ5/TCxydCsZNMtKEGWs+39wdwo49NqVVhcQjTj38IB1WGB2oxmCO5SNJ7Nhgxq3tjDAD6EhTCzx1yMfLTbgCEnyRW73te+by+KpsbbyA==
SINGH,PAUL,7676 WOODWAY DR STE 104,HOUSTON,TX,77063-1521,0 MULBERRY CREEK DR,CYPRESS,TX,77433,Notice of Foreclosure / Trustee Sale,NOTICE,2026-10-01,RP-2026-399924,,80,Pre-foreclosure; New this week,Harris County Clerk,https://www.cclerk.hctx.netEComm/ViewEdocs.aspx?ID=ihpahpMbvcoWkF5RdbzIVaEu+1AQ4sAgtajAnsX87qncT2cHHHKkaIxHS1Q4YV1GIyEwQDBR5eOY8Cv12JMTPMvc1ukfjONvd1/wMyjD5Iy2MQ3PN40vP56GYEe7KQ4ugLZ7aXDppeMZGiRgucmN7A==
TANKERSLEY,JOHN L,12338 SILO LN,HOUSTON,TX,77071-3016,12338 SILO LN,HOUSTON,TX,77071,Notice of Foreclosure / Trustee Sale,NOTICE,2026-10-01,RP-2026-399901,,80,Pre-foreclosure; New this week,Harris County Clerk,https://www.cclerk.hctx.netEComm/ViewEdocs.aspx?ID=ihpahpMbvcoWkF5RdbzIVcgR6dNJWnUZP2Uf8ZNWsfVyKtIHC6jLPPEuVyZi+aEV+F2X4GZrhrRTtLt+7wNVBIKKFL3C7SVOGpQPJdIxN2W6TaXApDP2Jcqnx+O51r2ASFfccq92Y6YY1rByXeQrXQ==
TAWAKKOL,SAMER,69 PIPERS WALK,SUGAR LAND,TX,77479-2516,0 BRIAR FOREST DR,HOUSTON,TX,77063,Notice of Foreclosure / Trustee Sale,NOTICE,2026-10-01,RP-2026-399882,,80,Pre-foreclosure; New this week,Harris County Clerk,https://www.cclerk.hctx.netEComm/ViewEdocs.aspx?ID=ihpahpMbvcoWkF5RdbzIVdzh7A2BsrSimckfU07WnO7gFbNZNNDeqfqpw+yup4BcURZlkhXJduREnFJ6MIwxt/Azt4cwvt+TbUbz2CorhwFcKUdQiDBcDTDbMhqMMlWhxa7AjsibT/ps2qkOyK6TpA==
TAWAKKOL,SAMER,69 PIPERS WALK,SUGAR LAND,TX,77479-2516,0 BRIAR FOREST DR,HOUSTON,TX,77063,Notice of Foreclosure / Trustee Sale,NOTICE,2026-10-01,RP-2026-399867,,80,Pre-foreclosure; New this week,Harris County Clerk,https://www.cclerk.hctx.netEComm/ViewEdocs.aspx?ID=ihpahpMbvcoWkF5RdbzIVTOT05S3eqO7VD/s+XsampzgbW1LXNVGRFOgZsXWHzlvFcXqCcfsGtDQERDvOTGJ3A6YmdCPFNCP2QBVaImxOCyplPkVUt/HM7kzDvxXpy7kem05rmRBafN1l5R6SzTVIw==
PRETZINTZIN,ERICK ALEXANDER IXCOT,7014 LEWIS LN,MANVEL,TX,77578-4711,8251 SANDS POINT DR 164,HOUSTON,TX,77036,Notice of Foreclosure / Trustee Sale,NOTICE,2026-10-01,RP-2026-399838,,80,Pre-foreclosure; New this week,Harris County Clerk,https://www.cclerk.hctx.netEComm/ViewEdocs.aspx?ID=ihpahpMbvcoWkF5RdbzIVQQIwqpvKWsOGAlYZBGRrX6zuEImPNoHU8wWIXppcVqzTAbXf8mCsDh5XVwu3pdVSgdMfU2+eoK2G053tk/0axYAuj79UPEz4POTwbhWaH8N6Bs92+Ix0sghpUx14raEEQ==
WRIGHT,GARY DEWAYNE,11617 DOWNEY ST,HOUSTON,TX,77076-1736,11617 DOWNEY ST,HOUSTON,TX,77076,Notice of Foreclosure / Trustee Sale,NOTICE,2026-10-01,RP-2026-399832,,80,Pre-foreclosure; New this week,Harris County Clerk,https://www.cclerk.hctx.netEComm/ViewEdocs.aspx?ID=ihpahpMbvcoWkF5RdbzIVW6w+K0BvhTiSezCNi296xoZZ8Qsoune6YegkA5iqbRmiAOsIA/DohAbGK7fz2kYJUAzj8ckV5rJXiZYqJot+zyItgfAImN9cT6LtSiO7usfIF0rWtqlktxzUYCl3znhYg==
JOHNSON,CHARLES,1026 JEFF ST,HOUSTON,TX,77091-4109,1026 JEFF ST,HOUSTON,TX,77091,Notice of Foreclosure / Trustee Sale,NOTICE,2026-10-01,RP-2026-399825,,80,Pre-foreclosure; New this week,Harris County Clerk,https://www.cclerk.hctx.netEComm/ViewEdocs.aspx?ID=ihpahpMbvcoWkF5RdbzIVXMWwFHJesEx1cfgwA7XGvv1eZxVm525FHeOUfBMOh8xgLmE6Dj74rBenGbE91024Txz9/TGeo1vTWIbjtV775v3azEjmGAcUkf4Cph4D1vJWz3RmAwbgnBHTecUjQ5TXw==
HASAYAN,DOUMOUH,11810 CHAMPIONS GROVE LN,HOUSTON,TX,77066-3357,7002 FEATHER CREEK DR,HOUSTON,TX,77086,Notice of Foreclosure / Trustee Sale,NOTICE,2026-10-01,RP-2026-399771,,80,Pre-foreclosure; New this week,Harris County Clerk,https://www.cclerk.hctx.netEComm/ViewEdocs.aspx?ID=ihpahpMbvcoWkF5RdbzIVd79XGf21M4BIBj5SSjy/CuBbWnn9G1rSh+nq1EHgPKmw+vq67pfizPYxUavGDFn6BkECmnLhLPutUvgugxJk3MnkumHRWwyATarvlzS7DsgP/gCJ+n31r2D6uZCEl5quw==
VILLALOBOS,LISA C,18411 SNOWWOOD DR,SPRING,TX,77388-5102,18411 SNOWWOOD DR,SPRING,TX,77388,Notice of Foreclosure / Trustee Sale,NOTICE,2026-10-01,RP-2026-399755,,80,Pre-foreclosure; New this week,Harris County Clerk,https://www.cclerk.hctx.netEComm/ViewEdocs.aspx?ID=ihpahpMbvcoWkF5RdbzIVaHV+dpAGpIfNuxPHFv7EyT1l5PbNjYnuWW3UU9j019rj6wQNXsV16WUXtCGJmSNMAWZ3KKvn9UmB0hkv+SEAFvesyiKT7B1UUltsDR3xNiw24trJMBgTfXG5pWW6KmO4Q==
XABIERE,SHAUN,11815 TRINITY BLUFF LN,CYPRESS,TX,77433-6467,21219 GRAND LINDEN CT,HUMBLE,TX,77338,Notice of Foreclosure / Trustee Sale,NOTICE,2026-10-01,RP-2026-399729,,80,Pre-foreclosure; New this week,Harris County Clerk,https://www.cclerk.hctx.netEComm/ViewEdocs.aspx?ID=ihpahpMbvcoWkF5RdbzIVTPvYRSF/rKLpePUTHaVtOqKmSmkAjFzugfEdYOo+nmxPETW+2BFjLwBHKgb8d6QDAV0WuxtPZLSZ2hYmg3WokRFLrw0tAXhVDdZDgmNzmGRIUBa8xnQeqh4ziT8GFxVsQ==
MOSTOWAY,JAMES STEVEN,6118 HAMPTON WAY CT,SPRING,TX,77389-4912,6118 HAMPTON WAY CT,SPRING,TX,77389,Notice of Foreclosure / Trustee Sale,NOTICE,2026-10-01,RP-2026-399725,,80,Pre-foreclosure; New this week,Harris County Clerk,https://www.cclerk.hctx.netEComm/ViewEdocs.aspx?ID=ihpahpMbvcoWkF5RdbzIVbGKq1+Qy1bwLR8N7tn8AUxESRpC9/dtdyNYdpeZUzDFtZjEQ275/rl6m9JzBkeQ2Colvc7HCmOpyXlpxf8cGmm6UKGkY0gS+XPZHoN7EdXLrZk932Wq1PntiqRaKOFz5A==
NGUYEN,WENDY QUAN,5806 BELROSE DR,HOUSTON,TX,77035-2412,5806 BELROSE DR,HOUSTON,TX,77035,Notice of Foreclosure / Trustee Sale,NOTICE,2026-10-01,RP-2026-399715,,80,Pre-foreclosure; New this week,Harris County Clerk,https://www.cclerk.hctx.netEComm/ViewEdocs.aspx?ID=ihpahpMbvcoWkF5RdbzIVVjCqedII+DxalTDs53s8IDsFBMWfhglkYfAvC2JO3Qs0y7NBO2jeYX/uNthc/BvzcLYqDXxYRsVzEjWzF0MUgqCXJ2zrm5e4c8614f28WceR78TCeQrZsRSu8bHcaTDYA==
VALLEJO,ARMANDO,15915 KATY FWY STE 405,HOUSTON,TX,77094-1710,0 GREENHOUSE RD,HOUSTON,TX,77084,Notice of Foreclosure / Trustee Sale,NOTICE,2026-10-01,RP-2026-399701,,80,Pre-foreclosure; New this week,Harris County Clerk,https://www.cclerk.hctx.netEComm/ViewEdocs.aspx?ID=ihpahpMbvcoWkF5RdbzIVe3yNIxwzxFlMt+IIUIaLIZ20MrIoUVBakaqS8Pu4N8q7YPmPbgxc97efKMCzaB+GL/u5kk6EfoJVS9Up5ZPat5dAM0B+dV0oCD9xNuKZP88xn4xlxQXxVk3x/Bt0soKNA==
MOJICA,GERARDO,22136 WESTHEIMER PKWY STE 315,KATY,TX,77450-8296,4127 JORNS ST,HOUSTON,TX,77045,Notice of Foreclosure / Trustee Sale,NOTICE,2026-10-01,RP-2026-399662,,80,Pre-foreclosure; New this week,Harris County Clerk,https://www.cclerk.hctx.netEComm/ViewEdocs.aspx?ID=ihpahpMbvcoWkF5RdbzIVdDrDlKTHjEiYY0vxRCWgkwgFDMQNNPIEwko9/CbiMYqa26Hwuh026Vf35IhSmb03uECInR182jKK9UhxaOI0dl8cJ06KeLNLdvPCodkDVCJx5o9ikqtp2Gbmc9giwCHew==
MOFFITT,BRIAN GERALD,19218 PALFREY PRAIRIE TRL,TOMBALL,TX,77377-2982,19218 PALFREY PRAIRIE TRL,TOMBALL,TX,77377,Notice of Foreclosure / Trustee Sale,NOTICE,2026-10-01,RP-2026-399624,,80,Pre-foreclosure; New this week,Harris County Clerk,https://www.cclerk.hctx.netEComm/ViewEdocs.aspx?ID=ihpahpMbvcoWkF5RdbzIVfYYz3lVD4JPx6TUODvH5faBjisSpywwBqXtHtqK/YeLxA4O+uBvEFvmdKeX4PLZDiAisbmTHD7odiQ7wgivs8PVi3ioOk7u4GKjIRFYhum/7rMY4LIyk3xT5EFjKlfKpg==
TELLO,MOISES L,11702 BOURGEOIS FOREST DR,HOUSTON,TX,77066-3204,11702 BOURGEOIS FOREST DR,HOUSTON,TX,77066,Notice of Foreclosure / Trustee Sale,NOTICE,2026-10-01,RP-2026-399602,,80,Pre-foreclosure; New this week,Harris County Clerk,https://www.cclerk.hctx.netEComm/ViewEdocs.aspx?ID=ihpahpMbvcoWkF5RdbzIVdhQ2K36Wh6mboURAsC7d4ovAkaMIZTm/ZnGbgtisf7+kZzJhEgg6SIk1S1UqAN6xw56X2gAD3bj562ko+5nH2bz8psQMaEX6iSqGDfJwg8bYNiOL8BYNPVjUqrjiT2NLQ==
LEBLANC,SHYRA,1914 ENDEAVOR CT,SEABROOK,TX,77586-2816,1914 ENDEAVOR CT,SEABROOK,TX,77586,Notice of Foreclosure / Trustee Sale,NOTICE,2026-10-01,RP-2026-399561,,80,Pre-foreclosure; New this week,Harris County Clerk,https://www.cclerk.hctx.netEComm/ViewEdocs.aspx?ID=ihpahpMbvcoWkF5RdbzIVVqMiukc+IkfdkVjtGAtqhxoq5m2qoUrVRWkuI5BiHONkqfoNh4/oKmQFbhAeq+eBe3MaJ7eMJoy24BWmepZgGZywi6nFLIG9hQtGChlzndfBQoNAQR7u/ZgnR0F0HyppA==
ZAFAR,ZOHAIB,7522 TUMBLING RD,HUMBLE,TX,77346-8009,7522 TUMBLING RD,HUMBLE,TX,77346,Notice of Foreclosure / Trustee Sale,NOTICE,2026-10-01,RP-2026-399542,,80,Pre-foreclosure; New this week,Harris County Clerk,https://www.cclerk.hctx.netEComm/ViewEdocs.aspx?ID=ihpahpMbvcoWkF5RdbzIVQF2+ENUc4AsAuDLHodPW/YntRzTZ9YvORxw35PMg9IteFtFXWaMfqwCR8tzdOwY4hBc95ruYvRUjZChn1mSsvTg3yXKRdlYutpWNSgWCuL2tOdynS+GJWo5MTQYL3MDgw==
FONTE,RALPH MIGUEL RODRIGUEZ,627 HOUGHTON RD,KATY,TX,77450-2226,5823 ETTRICK DR,HOUSTON,TX,77035,Notice of Foreclosure / Trustee Sale,NOTICE,2026-10-01,RP-2026-399519,,80,Pre-foreclosure; New this week,Harris County Clerk,https://www.cclerk.hctx.netEComm/ViewEdocs.aspx?ID=ihpahpMbvcoWkF5RdbzIVXh3jS2JUCMSQiiWTjc/KOh1RniJWVKA0peDQjQ0TXJ+y7+oRaAuWEiviUb6eoOgyZlSFXP3i3w8ZeNsnbUoUHFJqh0ibF7Q1jekDPcwR52q5iZVNxeCDR9GZ0M8639VCw==
HIGGINS,MAEGEN DEANNE,10720 W SAM HOUSTO PKWY N STE 100,MARYVILLE,TN,37804-,0 ENCINO FOREST WAY,TOMBALL,TX,77377,Notice of Foreclosure / Trustee Sale,NOTICE,2026-10-01,RP-2026-399514,,80,Pre-foreclosure; New this week,Harris County Clerk,https://www.cclerk.hctx.netEComm/ViewEdocs.aspx?ID=ihpahpMbvcoWkF5RdbzIVYWn6VEfWp2qdq1CX2PlIasjeWzVqSTZuy3mu5CgPV7E1F32cUcDaCwwtQ3eWqYENhMOKj7u6A/SmKMolItys97bPLz7JY+gcbbmrcGvHZD3CSGXll6LOqwyMl7sp3HSrw==
GRIFFIN,NATASHA,1507 ASHFORD HOLLOW LN,HOUSTON,TX,77077-3903,1507 ASHFORD HOLLOW LN,HOUSTON,TX,77077,Notice of Foreclosure / Trustee Sale,NOTICE,2026-10-01,RP-2026-399494,,80,Pre-foreclosure; New this week,Harris County Clerk,https://www.cclerk.hctx.netEComm/ViewEdocs.aspx?ID=ihpahpMbvcoWkF5RdbzIVUuTIER7kIY4tH5S/plOHxmegLSZw4IQxGT6fx4wyHkbfPCNuCwtcT9m9yZLx9EgFlTlaiuH1PfHke5GXxaFw8YgMOHb0HjkBwFi/b71yBhtpCpK8E3YT/lOF/TWAlfWHQ==
VARGAS,JESSE JR,7319 ANZAC ST,HOUSTON,TX,77020-5411,7319 ANZAC ST,HOUSTON,TX,77020,Notice of Foreclosure / Trustee Sale,NOTICE,2026-10-01,RP-2026-399486,,80,Pre-foreclosure; New this week,Harris County Clerk,https://www.cclerk.hctx.netEComm/ViewEdocs.aspx?ID=ihpahpMbvcoWkF5RdbzIVUIGJSQNPRfmMQ9EBCyW4OQGJGG6p2EPijf2XVr/N1RBl9CidkVOZ1gn0fkRV8G0k+wENiiKw4oiGcw26G5a93pi4L3BmQIho1wz6Kv6iSKW5kKgVXbYChgVh4nAtwLfMQ==
BELLEAU,WOOD CIVIC CLUB,PO BOX 63178,PIPE CREEK,TX,78063-3178,0 BELLEAU WOOD DR,HUMBLE,TX,77338,Notice of Foreclosure / Trustee Sale,NOTICE,2026-10-01,RP-2026-399452,,80,Pre-foreclosure; New this week,Harris County Clerk,https://www.cclerk.hctx.netEComm/ViewEdocs.aspx?ID=ihpahpMbvcoWkF5RdbzIVWRJRqaBp1f+KKSWThdPHVXllXCY4plndmw9q1lDqG9ecFj0PFeukTC8C5rezYqVo2qD1m6biZwZXT2D2v/3/sEh7PIcWzt4mjMKW6UcC9UpIISqwCLjzE5do82OE9MzQg==
PHAM,SOPHIE DUYENMY,11102 OAK MESA CT,HOUSTON,TX,77070-2861,11102 OAK MESA CT,HOUSTON,TX,77070,Notice of Foreclosure / Trustee Sale,NOTICE,2026-10-01,RP-2026-399444,,80,Pre-foreclosure; New this week,Harris County Clerk,https://www.cclerk.hctx.netEComm/ViewEdocs.aspx?ID=ihpahpMbvcoWkF5RdbzIVRL4ozdZPKXpitaD+BkRnZ0knTtMQm0x+k6fxZBdxZLi8iw2GmosZP2ViivYXt8z0/nKrFGT0dNZVmrr0Ny+wd2URLfBwKDeAsoXGnEpeoufNjvjulkPPhKmTUg7g7UuOg==
SEKISUI,HOUSE COMMUNITIES TX,480 WILDWOOD FOREST DR STE 803,SPRING,TX,77380-4120,0 E CORAL HONEYSUCKLE LOOP,CYPRESS,TX,77433,Notice of Foreclosure / Trustee Sale,NOTICE,2026-10-01,RP-2026-399435,,80,Pre-foreclosure; New this week,Harris County Clerk,https://www.cclerk.hctx.netEComm/ViewEdocs.aspx?ID=ihpahpMbvcoWkF5RdbzIVSe+p4flbeytIAUGOSZOa+81Jsd8TiJqHYe9Q5YnNezkWludmZV1OLqHFgDLFBrlaDUpgXqhfkwj1WnU3hcgoFBHEmLPJovF2ml4GomrEpM5YdPF2VvRjcrzqyi2oL/CNA==
SEKISUI,HOUSE COMMUNITIES TX,480 WILDWOOD FOREST DR STE 803,SPRING,TX,77380-4120,0 E CORAL HONEYSUCKLE LOOP,CYPRESS,TX,77433,Notice of Foreclosure / Trustee Sale,NOTICE,2026-10-01,RP-2026-399434,,80,Pre-foreclosure; New this week,Harris County Clerk,https://www.cclerk.hctx.netEComm/ViewEdocs.aspx?ID=ihpahpMbvcoWkF5RdbzIVSHVx7tdt5SpMGwdA/4a3Nt9FjcsRmVic8AdSun5cvO/35iwFGQTj3d/XV5bt0Jiib5WbVBU0fR5AdWDtQHclujHSHjFpUEc0fpV3jQWbjFD8wLIUW6C49IfmT1zAWrA/A==
TORRE,EDUARDO DE LA,106 SPINCASTER DR,SPRING,TX,77389-5147,106 SPINCASTER DR,SPRING,TX,77389,Notice of Foreclosure / Trustee Sale,NOTICE,2026-10-01,RP-2026-399393,,80,Pre-foreclosure; New this week,Harris County Clerk,https://www.cclerk.hctx.netEComm/ViewEdocs.aspx?ID=ihpahpMbvcoWkF5RdbzIVVJ+SZTf9Mxi2/kULXHGCCJdwk2yBDXSXAbPQUf3yrDBXU/MQGzb0PgrpZ15ChpNJF68aTGb19EJDk16nT1kLmh3HCy8tdIuqsPV4Wnecr1KFgW7yOBmL8Qt8YFdmi6SRw==
SAUNDERS,TRACY L,2714 HARVARD ST,HOUSTON,TX,77008-2134,2714 HARVARD ST,HOUSTON,TX,77008,Notice of Foreclosure / Trustee Sale,NOTICE,2026-10-01,RP-2026-399388,,80,Pre-foreclosure; New this week,Harris County Clerk,https://www.cclerk.hctx.netEComm/ViewEdocs.aspx?ID=ihpahpMbvcoWkF5RdbzIVd+Om71LHRvyTr/teJxITOQ12GcZaJmVG7Ej+NN75rzWxkwCr8zfkjjQzmcVUTkrqgq1I2lDUXNECFhJ+jlR6pPljCFCC5HumgkGEj5xkMdtKRiPVGytWqvo2apyP9eSpg==
PORTER,LAW FIRM,7210 WAXAHACHIE ST,HOUSTON,TX,77020-5345,7210 WAXAHACHIE ST,HOUSTON,TX,77020,Notice of Foreclosure / Trustee Sale,NOTICE,2026-10-01,RP-2026-399382,,80,Pre-foreclosure; New this week,Harris County Clerk,https://www.cclerk.hctx.netEComm/ViewEdocs.aspx?ID=ihpahpMbvcoWkF5RdbzIVXrmwosH3lMBBLCwd2k6iSU3dX+TSEop2j1RusrieLgwW8dgDoo/hocbFVP9sc4LvvdLKksFqZvQ+ejxvkTuNhtrCLXxLnOvHRP7oktMVloqDZzshntKuratMgT3YIeRiw==
CASTILLO,OSCAR,111 DENHAM AVE,PASADENA,TX,77506-4422,111 DENHAM AVE,PASADENA,TX,77506,Notice of Foreclosure / Trustee Sale,NOTICE,2026-10-01,RP-2026-399373,,80,Pre-foreclosure; New this week,Harris County Clerk,https://www.cclerk.hctx.netEComm/ViewEdocs.aspx?ID=ihpahpMbvcoWkF5RdbzIVe3ci6VDOJQkSs/SotcDvREgTZUTlLlwtA/iZKt+8MCOgPWMeBUK5zZ8QRhFORB+ErutFPDInXz+wlgOGKAE+r+Jwhrcv0EaaYctkgkrJ+c8XyebsXoHbfGUbFc8UZGtbg==
CASTILLO,OSCAR,111 DENHAM AVE,PASADENA,TX,77506-4422,111 DENHAM AVE,PASADENA,TX,77506,Notice of Foreclosure / Trustee Sale,NOTICE,2026-10-01,RP-2026-399372,,80,Pre-foreclosure; New this week,Harris County Clerk,https://www.cclerk.hctx.netEComm/ViewEdocs.aspx?ID=ihpahpMbvcoWkF5RdbzIVeMLsgA3GaG/1gCnJKJJlxnGPgC5wTIaPy+nBiI7GgYfQ1VJibV/tuvYoaL5bEj0ipTxrz4vKW6zxpsHv++gz6LDFWteDR3JJ5kjhJB51oK4t5JkugBfjHrF5QNldIpMzg==
HIGGINBOTHAM,NATHAN L,3422 BRIMWOOD DR,HOUSTON,TX,77068-2077,3422 BRIMWOOD DR,HOUSTON,TX,77068,Notice of Foreclosure / Trustee Sale,NOTICE,2026-10-01,RP-2026-399362,,80,Pre-foreclosure; New this week,Harris County Clerk,https://www.cclerk.hctx.netEComm/ViewEdocs.aspx?ID=ihpahpMbvcoWkF5RdbzIVXW8wCuVsCCyvHr19ovuQoU3g2/DACXM8DDmNKsxQniGS6i8akYqRDH1iHDYt1ZG4HAwI3IpW0kEv+2fhZg/gLH3T51Dl/cTz5uvh/aixcgGV81EsbalfnriXfNSN4zH/g==
CITY,OF HOUSTON,PO BOX 1562,HOUSTON,TX,77251-1562,0 COMMERCE ST,HOUSTON,TX,77002,Notice of Foreclosure / Trustee Sale,NOTICE,2026-10-01,RP-2026-399359,,80,Pre-foreclosure; New this week,Harris County Clerk,https://www.cclerk.hctx.netEComm/ViewEdocs.aspx?ID=ihpahpMbvcoWkF5RdbzIVckWia0f6Wu2nnm7dyoHMEUflHB5Km75K7LEhk+q3fzy1mII+p5dULwU85FDz1Jojr1Y20SnSIAYKgcF3juVtNvcY55Ou17yzF6OUm4OVh4DALOi3QGQ5qPRKQbrLtnLew==
CITY,OF HOUSTON,PO BOX 1562,HOUSTON,TX,77251-1562,0 COMMERCE ST,HOUSTON,TX,77002,Notice of Foreclosure / Trustee Sale,NOTICE,2026-10-01,RP-2026-399358,,80,Pre-foreclosure; New this week,Harris County Clerk,https://www.cclerk.hctx.netEComm/ViewEdocs.aspx?ID=ihpahpMbvcoWkF5RdbzIVf7felvTNoz/0KR7JP37T0Psa4ZRnRcOFjhHA63XhAehYoV17k2U5s1st5cnNvnlAf/lXXfXXiVP4syB10u0CbwQ2Ajxbn2d4lDKTP/oXfyRV6eYlvAhK/LJfUDVbSBvrw==
CITY,OF HOUSTON,PO BOX 1562,HOUSTON,TX,77251-1562,0 COMMERCE ST,HOUSTON,TX,77002,Notice of Foreclosure / Trustee Sale,NOTICE,2026-10-01,RP-2026-399357,,80,Pre-foreclosure; New this week,Harris County Clerk,https://www.cclerk.hctx.netEComm/ViewEdocs.aspx?ID=ihpahpMbvcoWkF5RdbzIVd6ZN6/6rgDNSJKLQykxIQodt7Yztr2ffAJjhzSuUqjyNBwmaM4MeZ52HBtkvTc86IPH6jvfUVfBCwVq8WXnlObZMgabVySFyCOi/Jg5jTu8d/dXwUJe0/QSXXHf9R91SA==
VARNER,DOMINIQUE M,5439 ORIOLE ST,HOUSTON,TX,77017-6405,5439 ORIOLE ST,HOUSTON,TX,77017,Trustee Sale,TRSALE,2026-10-01,RP-2026-399160,,80,Pre-foreclosure; New this week,Harris County Clerk,https://www.cclerk.hctx.netEComm/ViewEdocs.aspx?ID=ihpahpMbvcoWkF5RdbzIVc/OrjAbGQF4IROlZlHVUZiycizyyzC3KOZlQka7rWV2OY5U3cbPLQVgtKCeM/JNAJkCJgs29aSkGrrdkRYtZxVsjzHO/JD59ze4rprCgnFDjQtJeEKBVIhIoofXWILXuw==
VARNER,DOMINIQUE M,5434 PETTY ST,HOUSTON,TX,77007-1808,5434 PETTY ST,HOUSTON,TX,77007,Trustee Sale,TRSALE,2026-10-01,RP-2026-399159,,80,Pre-foreclosure; New this week,Harris County Clerk,https://www.cclerk.hctx.netEComm/ViewEdocs.aspx?ID=ihpahpMbvcoWkF5RdbzIVZhM41VUqIcv6tDgc3PXusXXbjZvcL3NZTU+JCueXzw6V5lVm3f6Nbl6BedwR3CgENQ/RHKuCByaXDktrrJXzurAruxn65goJH3/dVY3rdPQvYkUaL98FU5ELY09XCzCyA==
PACIFIC,RESOURCES INC,11716 SUMMER SPRINGS DR,PEARLAND,TX,77584-7212,1330 OLD SPANISH TRL 2205,HOUSTON,TX,77054,Release,REL,2026-10-05,RP-2026-402109,,80,LLC / corp owner; New this week,Harris County Clerk,https://www.cclerk.hctx.net/applications/websearch/RP.aspx
NORTH,BRIAR COMMUNITY ASSOCIATION INC,2825 WILCREST DR APT 600,HOUSTON,TX,77042-6007,12042 RIVERVIEW DR,HOUSTON,TX,77077,Release,REL,2026-10-02,RP-2026-402081,,80,LLC / corp owner; New this week,Harris County Clerk,https://www.cclerk.hctx.net/applications/websearch/RP.aspx
WALDEN,ON LAKE HOUSTON COMMUNITY SERVICES ASSOCIATION INC,8526 CROSS COUNTRY DR,HUMBLE,TX,77346-6195,8526 CROSS COUNTRY DR,HUMBLE,TX,77346,Release,REL,2026-10-02,RP-2026-402080,,80,LLC / corp owner; New this week,Harris County Clerk,https://www.cclerk.hctx.net/applications/websearch/RP.aspx
MORTGAGE,ELECTRONIC REGISTRATION SYSTEMS INC,1616 COLQUITT ST,HOUSTON,TX,77006-5204,1616 COLQUITT ST,HOUSTON,TX,77006,Release,REL,2026-10-02,RP-2026-402037,,80,LLC / corp owner; New this week,Harris County Clerk,https://www.cclerk.hctx.net/applications/websearch/RP.aspx
TRIDENT,REALTY INVESTMENTS ATLAS SPV LLC,4307 TERRACE PINES DR,KINGWOOD,TX,77345-1219,522 OLDCASTLE ST,HOUSTON,TX,77013,Release,REL,2026-10-02,RP-2026-402036,,80,LLC / corp owner; New this week,Harris County Clerk,https://www.cclerk.hctx.net/applications/websearch/RP.aspx
ROCKET,MORTGAGE LLC,5069 W WHITE ASH CT,MERIDIAN,ID,83646-5481,17630 DURHAM RIDGE LN,HUMBLE,TX,77346,Release,REL,2026-10-02,RP-2026-402033,,80,LLC / corp owner; New this week,Harris County Clerk,https://www.cclerk.hctx.net/applications/websearch/RP.aspx
WACHOVIA,MORTGAGE CORPORATION,9510 DEEP VALLEY DR,HOUSTON,TX,77044-1538,9510 DEEP VALLEY DR,HOUSTON,TX,77044,Release,REL,2026-10-02,RP-2026-402032,,80,LLC / corp owner; New this week,Harris County Clerk,https://www.cclerk.hctx.net/applications/websearch/RP.aspx
MORTGAGE,ELECTRONIC REGISTRATION SYSTEMS INC,1108 E 16TH ST,HOUSTON,TX,77009-3604,1108 E 16TH ST,HOUSTON,TX,77009,Release,REL,2026-10-02,RP-2026-402019,,80,LLC / corp owner; New this week,Harris County Clerk,https://www.cclerk.hctx.net/applications/websearch/RP.aspx
UNIVERSAL,AMERICAN MORTGAGE COMPANY LLC,22306 WENBURY DR,TOMBALL,TX,77375-1179,22306 WENBURY DR,TOMBALL,TX,77375,Release,REL,2026-10-02,RP-2026-402016,,80,LLC / corp owner; New this week,Harris County Clerk,https://www.cclerk.hctx.net/applications/websearch/RP.aspx
QUICKEN,LOANS LLC,3102 OAKEN LN,LA PORTE,TX,77571-4224,3102 OAKEN LN,LA PORTE,TX,77571,Release,REL,2026-10-02,RP-2026-402014,,80,LLC / corp owner; New this week,Harris County Clerk,https://www.cclerk.hctx.net/applications/websearch/RP.aspx
TRIDENT,REALTY INVESTMENTS ATLAS SPV LLC,17103 PRESTON RD STE 250,DALLAS,TX,75248-1375,5306 PEDERSON ST,HOUSTON,TX,77033,Release,REL,2026-10-02,RP-2026-402012,,80,LLC / corp owner; New this week,Harris County Clerk,https://www.cclerk.hctx.net/applications/websearch/RP.aspx
TRIDENT,REALTY INVESTMENTS LLC,17103 PRESTON RD STE 250,DALLAS,TX,75248-1375,5306 PEDERSON ST,HOUSTON,TX,77033,Release,REL,2026-10-02,RP-2026-402003,,80,LLC / corp owner; New this week,Harris County Clerk,https://www.cclerk.hctx.net/applications/websearch/RP.aspx
RSGT,INVESTMENTS LLC,5772 HIGHT STONE LN,LEAGUE CITY,TX,77573-1897,3017 RETTA ST,HOUSTON,TX,77026,Release,REL,2026-10-02,RP-2026-401981,,80,LLC / corp owner; New this week,Harris County Clerk,https://www.cclerk.hctx.net/applications/websearch/RP.aspx
PNC,BANK NATIONAL ASSOCIATION,3415 VISION DR,COLUMBUS,OH,43219-6009,6915 CAPE FORWARD DR,HOUSTON,TX,77083,Release,REL,2026-10-02,RP-2026-401904,,80,LLC / corp owner; New this week,Harris County Clerk,https://www.cclerk.hctx.net/applications/websearch/RP.aspx
SCHUMER-YARBROUGH,DEVELOPMENT LLC,1915 RAY SHELL CT,SEABROOK,TX,77586-4586,817 W MAIN ST,LA PORTE,TX,77571,Release,REL,2026-10-02,RP-2026-401892,,80,LLC / corp owner; New this week,Harris County Clerk,https://www.cclerk.hctx.net/applications/websearch/RP.aspx
MORTGAGE,ELECTRONIC REGISTRATION SYSTEMS INC,7931 CAROLWOOD DR,HOUSTON,TX,77028-2617,7931 CAROLWOOD DR,HOUSTON,TX,77028,Release,REL,2026-10-02,RP-2026-401881,,80,LLC / corp owner; New this week,Harris County Clerk,https://www.cclerk.hctx.net/applications/websearch/RP.aspx
SCHUMER-YARBROUGH,DEVELOPMENT LLC,1915 RAY SHELL CT,SEABROOK,TX,77586-4586,817 W MAIN ST,LA PORTE,TX,77571,Release,REL,2026-10-02,RP-2026-401879,,80,LLC / corp owner; New this week,Harris County Clerk,https://www.cclerk.hctx.net/applications/websearch/RP.aspx
SCHUMER-YARBROUGH,DEVELOPMENT LLC,6506 RIVER GLEN CT,PEARLAND,TX,77584-7117,212 NORTH FORREST AVE,LA PORTE,TX,77571,Release,REL,2026-10-02,RP-2026-401873,,80,LLC / corp owner; New this week,Harris County Clerk,https://www.cclerk.hctx.net/applications/websearch/RP.aspx
ZIONS,BANCORPORATION N A,14718 OLIVE SPARROW LN,HOUSTON,TX,77049-2094,14718 OLIVE SPARROW LN,HOUSTON,TX,77049,Release,REL,2026-10-02,RP-2026-401853,,80,LLC / corp owner; New this week,Harris County Clerk,https://www.cclerk.hctx.net/applications/websearch/RP.aspx
ROCKET,MORTGAGE LLC,635 WOODWARD AVE,DETROIT,MI,48226-3408,10602 BURGOYNE RD,HOUSTON,TX,77042,Release,REL,2026-10-02,RP-2026-401819,,80,LLC / corp owner; New this week,Harris County Clerk,https://www.cclerk.hctx.net/applications/websearch/RP.aspx
U,S BANK NATIONAL ASSOCIATION,2016 HADDON ST,HOUSTON,TX,77019-5744,2016 HADDON ST,HOUSTON,TX,77019,Release,REL,2026-10-02,RP-2026-401788,,80,LLC / corp owner; New this week,Harris County Clerk,https://www.cclerk.hctx.net/applications/websearch/RP.aspx
PARAMOUNT,RESIDENTIAL MORTGAGE GROUP INC,2603 MARBLE MANOR LN,KATY,TX,77449-2340,2603 MARBLE MANOR LN,KATY,TX,77449,Release,REL,2026-10-02,RP-2026-401730,,80,LLC / corp owner; New this week,Harris County Clerk,https://www.cclerk.hctx.net/applications/websearch/RP.aspx
ZIONS,BANCORPORATION N A,1801 MAIN ST STE 500,HOUSTON,TX,77002-8120,1801 MAIN ST,HOUSTON,TX,77002,Release,REL,2026-10-02,RP-2026-401665,,80,LLC / corp owner; New this week,Harris County Clerk,https://www.cclerk.hctx.net/applications/websearch/RP.aspx
ZIONS,BANCORPORATION N A,1801 MAIN ST STE 500,HOUSTON,TX,77002-8120,1801 MAIN ST,HOUSTON,TX,77002,Release,REL,2026-10-02,RP-2026-401664,,80,LLC / corp owner; New this week,Harris County Clerk,https://www.cclerk.hctx.net/applications/websearch/RP.aspx
ZIONS,BANCORPORATION N A,1801 MAIN ST STE 500,HOUSTON,TX,77002-8120,1801 MAIN ST,HOUSTON,TX,77002,Release,REL,2026-10-02,RP-2026-401663,,80,LLC / corp owner; New this week,Harris County Clerk,https://www.cclerk.hctx.net/applications/websearch/RP.aspx
FIRST,AMERICA MORTGAGE SOLUTIONS LLC,19127 TIMBER WAY DR,HUMBLE,TX,77346-5053,19127 TIMBER WAY DR,HUMBLE,TX,77346,Release,REL,2026-10-02,RP-2026-401607,,80,LLC / corp owner; New this week,Harris County Clerk,https://www.cclerk.hctx.net/applications/websearch/RP.aspx
MORTGAGE,ELECTRONIC REGISTRATION SYSTEMS INC,4708 MERCANTILE DR,FORT WORTH,TX,76137-3605,6630 WINDING TRACE DR,HOUSTON,TX,77086,Release,REL,2026-10-02,RP-2026-401593,,80,LLC / corp owner; New this week,Harris County Clerk,https://www.cclerk.hctx.net/applications/websearch/RP.aspx
MORTGAGE,ELECTRONIC REGISTRATION SYSTEMS INC,1450 LAWRENCE ST,HOUSTON,TX,77008-3832,1450 LAWRENCE ST,HOUSTON,TX,77008,Release,REL,2026-10-02,RP-2026-401588,,80,LLC / corp owner; New this week,Harris County Clerk,https://www.cclerk.hctx.net/applications/websearch/RP.aspx
NATIONS,RELIABLE LENDING LLC,1009 E FAYLE ST,BAYTOWN,TX,77520-5331,1009 E FAYLE AVE,BAYTOWN,TX,77520,Release,REL,2026-10-02,RP-2026-401573,,80,LLC / corp owner; New this week,Harris County Clerk,https://www.cclerk.hctx.net/applications/websearch/RP.aspx
ROCKET,MORTGAGE LLC,9746 BUENA PARK DR,HOUSTON,TX,77089-1201,9746 BUENA PARK DR,HOUSTON,TX,77089,Release,REL,2026-10-02,RP-2026-401565,,80,LLC / corp owner; New this week,Harris County Clerk,https://www.cclerk.hctx.net/applications/websearch/RP.aspx
CAMDEN,PARK HOMEOWNERS ASSOCIATION ASSOCIATION INC,4207 TREE TOP DR,PASADENA,TX,77505-3865,11947 MEDICINE BOW CIR,HOUSTON,TX,77067,Release,REL,2026-10-02,RP-2026-401548,,80,LLC / corp owner; New this week,Harris County Clerk,https://www.cclerk.hctx.net/applications/websearch/RP.aspx
TRIDENT,REALTY INVESTMENTS ATLAS SPV LLC,PO BOX 7507,HOUSTON,TX,77270-7507,402 S MAGNOLIA ST,TOMBALL,TX,77375,Release,REL,2026-10-02,RP-2026-401495,,80,LLC / corp owner; New this week,Harris County Clerk,https://www.cclerk.hctx.net/applications/websearch/RP.aspx
SUPREME,TITLE COMPANY LLC,15261 BUCKLE LN APT 5261,HOUSTON,TX,77060-4831,15261 BUCKLE LN 5261,HOUSTON,TX,77060,Release,REL,2026-10-02,RP-2026-401443,,80,LLC / corp owner; New this week,Harris County Clerk,https://www.cclerk.hctx.net/applications/websearch/RP.aspx
LOAN,RANGER CAPITAL INVESTMENTS LLC,15200 MEMORIAL DR UNIT 2907,HOUSTON,TX,77079-2654,1311 DES JARDINES ST,HOUSTON,TX,77023,Release,REL,2026-10-02,RP-2026-401426,,80,LLC / corp owner; New this week,Harris County Clerk,https://www.cclerk.hctx.net/applications/websearch/RP.aspx
LAKEWOOD,FOREST FUND INC,12039 GLENWAY DR,HOUSTON,TX,77070-2722,12039 GLENWAY DR,HOUSTON,TX,77070,Release,REL,2026-10-02,RP-2026-401392,,80,LLC / corp owner; New this week,Harris County Clerk,https://www.cclerk.hctx.net/applications/websearch/RP.aspx
AMERISOURCE,FUNDING INC,1918 STONEY BROOK DR,HOUSTON,TX,77063-1810,1918 STONEY BROOK DR,HOUSTON,TX,77063,Release,REL,2026-10-02,RP-2026-401367,,80,LLC / corp owner; New this week,Harris County Clerk,https://www.cclerk.hctx.net/applications/websearch/RP.aspx
LAKEWOOD,FOREST FUND INC,12039 GLENWAY DR,HOUSTON,TX,77070-2722,12039 GLENWAY DR,HOUSTON,TX,77070,Release,REL,2026-10-02,RP-2026-401366,,80,LLC / corp owner; New this week,Harris County Clerk,https://www.cclerk.hctx.net/applications/websearch/RP.aspx
MORTGAGE,ELECTRONIC REGISTRATION SYSTEMS INC,4314 PALESTINE COVE LN,HUMBLE,TX,77396-3085,4314 PALESTINE COVE LN,HUMBLE,TX,77396,Release,REL,2026-10-02,RP-2026-401339,,80,LLC / corp owner; New this week,Harris County Clerk,https://www.cclerk.hctx.net/applications/websearch/RP.aspx
MORTGAGE,ELECTRONIC REGISTRATION SYSTEMS INC,18418 TRISTANDALE LN,SPRING,TX,77379-7864,18418 TRISTANDALE LN,SPRING,TX,77379,Release,REL,2026-10-02,RP-2026-401331,,80,LLC / corp owner; New this week,Harris County Clerk,https://www.cclerk.hctx.net/applications/websearch/RP.aspx
ROCKET,MORTGAGE LLC,12010 N SAWTOOTH CANYON DR,TOMBALL,TX,77377-7893,12010 N SAWTOOTH CANYON DR,TOMBALL,TX,77377,Release,REL,2026-10-02,RP-2026-401329,,80,LLC / corp owner; New this week,Harris County Clerk,https://www.cclerk.hctx.net/applications/websearch/RP.aspx
CALLIHAN,SERVICES LLC,1423 DIANA CT,HOUSTON,TX,77062-2811,4611 SPRING CYPRESS RD,SPRING,TX,77388,Release,REL,2026-10-02,RP-2026-401307,,80,LLC / corp owner; New this week,Harris County Clerk,https://www.cclerk.hctx.net/applications/websearch/RP.aspx
SUPREME,TITLE COMPANY LLC,15261 BUCKLE LN APT 5261,HOUSTON,TX,77060-4831,15261 BUCKLE LN 5261,HOUSTON,TX,77060,Release,REL,2026-10-02,RP-2026-401305,,80,LLC / corp owner; New this week,Harris County Clerk,https://www.cclerk.hctx.net/applications/websearch/RP.aspx
U,S BANK TRUST NATIONAL ASSOCIATION,3623 JIPSIE LN,HOUSTON,TX,77051-4253,3623 JIPSIE LN,HOUSTON,TX,77051,Release,REL,2026-10-02,RP-2026-401275,,80,LLC / corp owner; New this week,Harris County Clerk,https://www.cclerk.hctx.net/applications/websearch/RP.aspx
CONCRETE,CONSTRUCTORS LLC,191 N WACKER DRIVE STE 1720,CHICAGO,IL,60606-1615,8903 WAREHOUSE CENTER DR,HUMBLE,TX,77338,Release,REL,2026-10-02,RP-2026-401267,,80,LLC / corp owner; New this week,Harris County Clerk,https://www.cclerk.hctx.net/applications/websearch/RP.aspx
MORTGAGE,ELECTRONIC REGISTRATION SYSTEMS INC,13231 WHITCHURCH WAY,HOUSTON,TX,77015-1313,13231 WHITCHURCH WAY,HOUSTON,TX,77015,Release,REL,2026-10-02,RP-2026-401259,,80,LLC / corp owner; New this week,Harris County Clerk,https://www.cclerk.hctx.net/applications/websearch/RP.aspx
FIRST,AMERICAN MORTGAGE SOLUTIONS LLC,906 HOLLARD AVE,GALENA PARK,TX,77547-3153,1111 1ST ST,GALENA PARK,TX,77547,Release,REL,2026-10-02,RP-2026-401255,,80,LLC / corp owner; New this week,Harris County Clerk,https://www.cclerk.hctx.net/applications/websearch/RP.aspx
FIRST,AMERICAN MORTGAGE SOLUTIONS LLC,5119 EIGEL ST,HOUSTON,TX,77007-3329,5119 EIGEL ST,HOUSTON,TX,77007,Release,REL,2026-10-02,RP-2026-401253,,80,LLC / corp owner; New this week,Harris County Clerk,https://www.cclerk.hctx.net/applications/websearch/RP.aspx
U,S BANK TRUST COMPANY,323 5TH ST,EUREKA,CA,95501-0305,231 GRUSS DR,HOUSTON,TX,77060,Release,REL,2026-10-02,RP-2026-401246,,80,LLC / corp owner; New this week,Harris County Clerk,https://www.cclerk.hctx.net/applications/websearch/RP.aspx
PHH,MORTGAGE CORPORATION,14405 WALTERS RD STE 200,HOUSTON,TX,77014-1345,3222 PROSPECT ST,HOUSTON,TX,77004,Release,REL,2026-10-02,RP-2026-401244,,80,LLC / corp owner; New this week,Harris County Clerk,https://www.cclerk.hctx.net/applications/websearch/RP.aspx
MORTGAGE,ELECTRONIC REGISTRATION SYSTEMS INC,512 VATERSAY DR,APEX,NC,27502-9073,5014 BRIARBEND DR,HOUSTON,TX,77035,Release,REL,2026-10-02,RP-2026-401241,,80,LLC / corp owner; New this week,Harris County Clerk,https://www.cclerk.hctx.net/applications/websearch/RP.aspx
MORTGAGE,ELECTRONIC REGISTRATION SYSTEMS INC,13600 BRETON RIDGE DR UNIT 7A,HOUSTON,TX,77070-5981,13600 BRETON RIDGE DR 7A,HOUSTON,TX,77070,Release,REL,2026-10-02,RP-2026-401229,,80,LLC / corp owner; New this week,Harris County Clerk,https://www.cclerk.hctx.net/applications/websearch/RP.aspx
QUICKEN,LOANS INC,2404 KOLBE REACH LN,HOUSTON,TX,77080-2560,2404 KOLBE REACH LN,HOUSTON,TX,77080,Release,REL,2026-10-02,RP-2026-401222,,80,LLC / corp owner; New this week,Harris County Clerk,https://www.cclerk.hctx.net/applications/websearch/RP.aspx
OFF,MARKET LLC,311 RHODE ISLAND ST,HOUSTON,TX,77029-4750,311 RHODE ISLAND ST,HOUSTON,TX,77029,Release,REL,2026-10-02,RP-2026-401221,,80,LLC / corp owner; New this week,Harris County Clerk,https://www.cclerk.hctx.net/applications/websearch/RP.aspx
PARKSIDE,AT KINGWOOD GLEN HOMEOWNERS ASSOCIATION INC,18910 ATASCA OAKS DR,HUMBLE,TX,77346-1462,18910 ATASCA OAKS DR,HUMBLE,TX,77346,Release,REL,2026-10-02,RP-2026-401145,,80,LLC / corp owner; New this week,Harris County Clerk,https://www.cclerk.hctx.net/applications/websearch/RP.aspx
U,S BANK NATIONAL ASSOCIATION,4247 CROWNWOOD DR,SEABROOK,TX,77586-4107,4247 CROWNWOOD DR,SEABROOK,TX,77586,Release,REL,2026-10-02,RP-2026-401143,,80,LLC / corp owner; New this week,Harris County Clerk,https://www.cclerk.hctx.net/applications/websearch/RP.aspx
MORTGAGE,ELECTRONIC REGISTRATION SYSTEMS INC,13503 CORINTHIAN POINTE DR,HOUSTON,TX,77085-2261,13503 CORINTHIAN POINTE DR,HOUSTON,TX,77085,Release,REL,2026-10-02,RP-2026-401125,,80,LLC / corp owner; New this week,Harris County Clerk,https://www.cclerk.hctx.net/applications/websearch/RP.aspx
SELECT,PORTFOLIO SERVICING INC,7941 SEXTON ST,HOUSTON,TX,77028-5523,5414 EASTLAND ST,HOUSTON,TX,77028,Release,REL,2026-10-02,RP-2026-401122,,80,LLC / corp owner; New this week,Harris County Clerk,https://www.cclerk.hctx.net/applications/websearch/RP.aspx
TRN,FINANCIAL LLC,PO BOX 464,CYPRESS,TX,77410-0464,4329 CAMPBELL RD,HOUSTON,TX,77041,Release,REL,2026-10-02,RP-2026-401116,,80,LLC / corp owner; New this week,Harris County Clerk,https://www.cclerk.hctx.net/applications/websearch/RP.aspx
TRUSTMARK,NATIONAL BANK,945 BUNKER HILL RD STE 200,HOUSTON,TX,77024-1362,10711 LOUETTA RD,HOUSTON,TX,77070,Release,REL,2026-10-02,RP-2026-401114,,80,LLC / corp owner; New this week,Harris County Clerk,https://www.cclerk.hctx.net/applications/websearch/RP.aspx
MORTGAGE,ELECTRONIC REGISTRATION SYSTEMS INC,4708 MERCANTILE DR,FORT WORTH,TX,76137-3605,6630 WINDING TRACE DR,HOUSTON,TX,77086,Release,REL,2026-10-02,RP-2026-401095,,80,LLC / corp owner; New this week,Harris County Clerk,https://www.cclerk.hctx.net/applications/websearch/RP.aspx
MORTGAGE,ELECTRONIC REGISTRATION SYSTEMS INC,4708 MERCANTILE DR,FORT WORTH,TX,76137-3605,6630 WINDING TRACE DR,HOUSTON,TX,77086,Release,REL,2026-10-02,RP-2026-401092,,80,LLC / corp owner; New this week,Harris County Clerk,https://www.cclerk.hctx.net/applications/websearch/RP.aspx
U,S BANK TRUST NATIONAL ASSOCIATION,111 W 33RD ST STE 1901,NEW YORK,NY,10001-2904,7120 SANTA FE DR,HOUSTON,TX,77061,Release,REL,2026-10-02,RP-2026-401075,,80,LLC / corp owner; New this week,Harris County Clerk,https://www.cclerk.hctx.net/applications/websearch/RP.aspx
MORTGAGE,ELECTRONIC REGISTRATION SYSTEMS INC,510 MOGGY CT,SPRING,TX,77388-6101,510 MOGGY CT,SPRING,TX,77388,Release,REL,2026-10-02,RP-2026-401064,,80,LLC / corp owner; New this week,Harris County Clerk,https://www.cclerk.hctx.net/applications/websearch/RP.aspx
GENESIS,CAPITAL LLC,6502 ALDER ST,HOUSTON,TX,77081-4402,963 W 41ST ST,HOUSTON,TX,77018,Release,REL,2026-10-02,RP-2026-401001,,80,LLC / corp owner; New this week,Harris County Clerk,https://www.cclerk.hctx.net/applications/websearch/RP.aspx
SWIFT,HOME LOANS INC,11711 KIRKVALLEY DR,HOUSTON,TX,77089-2329,11711 KIRKVALLEY DR,HOUSTON,TX,77089,Release,REL,2026-10-02,RP-2026-400997,,80,LLC / corp owner; New this week,Harris County Clerk,https://www.cclerk.hctx.net/applications/websearch/RP.aspx
CREBRID,LLC,5900 BALCONES DR STE 100,AUSTIN,TX,78731-4298,264 PARKER RD,HOUSTON,TX,77076,Release,REL,2026-10-02,RP-2026-400991,,80,LLC / corp owner; New this week,Harris County Clerk,https://www.cclerk.hctx.net/applications/websearch/RP.aspx
HOUSTON,WEST MANAGEMENT LLC,1722 ROUTH ST STE 770,DALLAS,TX,75201-2588,3910 W 11TH ST,HOUSTON,TX,77055,Release,REL,2026-10-02,RP-2026-400935,,80,LLC / corp owner; New this week,Harris County Clerk,https://www.cclerk.hctx.net/applications/websearch/RP.aspx
MAREK,BROTHERS COMPANY LLLC,5206 FEAGAN ST,HOUSTON,TX,77007-7224,3817 ELLA BLVD,HOUSTON,TX,77018,Release,REL,2026-10-02,RP-2026-400919,,80,LLC / corp owner; New this week,Harris County Clerk,https://www.cclerk.hctx.net/applications/websearch/RP.aspx
REDI-CARPET,INC,300 CRESCENT CT STE 1800,DALLAS,TX,75201-2138,8701 TOWN PARK DR 659,HOUSTON,TX,77036,Release,REL,2026-10-02,RP-2026-400910,,80,LLC / corp owner; New this week,Harris County Clerk,https://www.cclerk.hctx.net/applications/websearch/RP.aspx
UNITED,WHOLESALE MORTGAGE LLC,1401 HERKIMER ST,HOUSTON,TX,77008-3841,1401 HERKIMER ST,HOUSTON,TX,77008,Release,REL,2026-10-02,RP-2026-400903,,80,LLC / corp owner; New this week,Harris County Clerk,https://www.cclerk.hctx.net/applications/websearch/RP.aspx
SUNTRUST,MORTGAGE INC,2147 GOLDSMITH ST,HOUSTON,TX,77030-1201,2147 GOLDSMITH ST,HOUSTON,TX,77030,Release,REL,2026-10-02,RP-2026-400880,,80,LLC / corp owner; New this week,Harris County Clerk,https://www.cclerk.hctx.net/applications/websearch/RP.aspx
WELLS,FARGO BANK NATIONAL ASSOCIATION,1525 WEST WT HARRIS BLVD,CHARLOTTE,NC,28262-8522,21314 KUYKENDAHL RD,SPRING,TX,77389,Release,REL,2026-10-02,RP-2026-400876,,80,LLC / corp owner; New this week,Harris County Clerk,https://www.cclerk.hctx.net/applications/websearch/RP.aspx
VANDERBILT,MORTGAGE AND FINANCE INC,5619 NIGHTINGALE DR,HOUSTON,TX,77017-6330,5619 NIGHTINGALE DR,HOUSTON,TX,77017,Release,REL,2026-10-02,RP-2026-400863,,80,LLC / corp owner; New this week,Harris County Clerk,https://www.cclerk.hctx.net/applications/websearch/RP.aspx
VANDERBILT,MORTGAGE AND FINANCE INC,5619 NIGHTINGALE DR,HOUSTON,TX,77017-6330,5619 NIGHTINGALE DR,HOUSTON,TX,77017,Release,REL,2026-10-02,RP-2026-400862,,80,LLC / corp owner; New this week,Harris County Clerk,https://www.cclerk.hctx.net/applications/websearch/RP.aspx
ROSEBUD,ECONOMIC DEVELOPMENT CORPORATION,1914 WAKE FOREST DR,DEER PARK,TX,77536-4612,1914 WAKE FOREST DR,DEER PARK,TX,77536,Release,REL,2026-10-02,RP-2026-400822,,80,LLC / corp owner; New this week,Harris County Clerk,https://www.cclerk.hctx.net/applications/websearch/RP.aspx
ROSEBUD,ECONOMIC DEVELOPMENT CORPORATION,5311 BARONESS LN,KATY,TX,77493-7955,5311 BARONESS LN,KATY,TX,77493,Release,REL,2026-10-02,RP-2026-400820,,80,LLC / corp owner; New this week,Harris County Clerk,https://www.cclerk.hctx.net/applications/websearch/RP.aspx
ROSEBUD,ECONOMIC DEVELOPMENT CORPORATION,9718 FARRELL DR,HOUSTON,TX,77070-5086,9718 FARRELL DR,HOUSTON,TX,77070,Release,REL,2026-10-02,RP-2026-400817,,80,LLC / corp owner; New this week,Harris County Clerk,https://www.cclerk.hctx.net/applications/websearch/RP.aspx
ROSEBUD,ECONOMIC DEVELOPMENT CORPORATION,715 MINNESOTA ST,SOUTH HOUSTON,TX,77587-4940,715 MINNESOTA ST,SOUTH HOUSTON,TX,77587,Release,REL,2026-10-02,RP-2026-400816,,80,LLC / corp owner; New this week,Harris County Clerk,https://www.cclerk.hctx.net/applications/websearch/RP.aspx
ROSEBUD,ECONOMIC DEVELOPMENT CORPORATION,4818 MIDDLE FALLS DR,KINGWOOD,TX,77345-1647,4818 MIDDLE FALLS DR,KINGWOOD,TX,77345,Release,REL,2026-10-02,RP-2026-400815,,80,LLC / corp owner; New this week,Harris County Clerk,https://www.cclerk.hctx.net/applications/websearch/RP.aspx
SAVANNAH,FLIPCO FINANCIAL LLC,8007 ASHLEY CIR DR S,HOUSTON,TX,77071-3619,306 ARMSTRONG ST,HOUSTON,TX,77029,Release,REL,2026-10-02,RP-2026-400743,,80,LLC / corp owner; New this week,Harris County Clerk,https://www.cclerk.hctx.net/applications/websearch/RP.aspx
TEJAS,FLIPCO FINANCIAL LLC,1313 GLENN AVE,PASADENA,TX,77506-2738,1313 GLENN AVE,PASADENA,TX,77506,Release,REL,2026-10-02,RP-2026-400734,,80,LLC / corp owner; New this week,Harris County Clerk,https://www.cclerk.hctx.net/applications/websearch/RP.aspx
RFLF,4 LLC,PO BOX 820,CYPRESS,TX,77410-0820,13818 E CYPRESS FOREST DR,HOUSTON,TX,77070,Release,REL,2026-10-02,RP-2026-400694,,80,LLC / corp owner; New this week,Harris County Clerk,https://www.cclerk.hctx.net/applications/websearch/RP.aspx
MORTGAGE,ELECTRONIC REGISTRATION SYSTEMS INC,4708 MERCANTILE DR,FORT WORTH,TX,76137-3605,6630 WINDING TRACE DR,HOUSTON,TX,77086,Release,REL,2026-10-02,RP-2026-400693,,80,LLC / corp owner; New this week,Harris County Clerk,https://www.cclerk.hctx.net/applications/websearch/RP.aspx
MORTGAGE,ELECTRONIC REGISTRATION SYSTEMS INC,4708 MERCANTILE DR,FORT WORTH,TX,76137-3605,6630 WINDING TRACE DR,HOUSTON,TX,77086,Release,REL,2026-10-02,RP-2026-400686,,80,LLC / corp owner; New this week,Harris County Clerk,https://www.cclerk.hctx.net/applications/websearch/RP.aspx
FREEDOM,MORTGAGE CORPORATION,4709 EVELLA ST,HOUSTON,TX,77026-5109,4709 EVELLA ST,HOUSTON,TX,77026,Release,REL,2026-10-02,RP-2026-400593,,80,LLC / corp owner; New this week,Harris County Clerk,https://www.cclerk.hctx.net/applications/websearch/RP.aspx
MORTGAGE,ELECTRONIC REGISTRATION SYSTEMS INC,17062 CARBRIDGE DR,HOUSTON,TX,77084-1717,17062 CARBRIDGE DR,HOUSTON,TX,77084,Release,REL,2026-10-02,RP-2026-400592,,80,LLC / corp owner; New this week,Harris County Clerk,https://www.cclerk.hctx.net/applications/websearch/RP.aspx
MORTGAGE,ELECTRONIC REGISTRATION SYSTEMS INC,25302 HILLSIDE MEADOW DR,SPRING,TX,77389-2156,25302 HILLSIDE MEADOW DR,SPRING,TX,77389,Release,REL,2026-10-02,RP-2026-400590,,80,LLC / corp owner; New this week,Harris County Clerk,https://www.cclerk.hctx.net/applications/websearch/RP.aspx
MORTGAGE,ELECTRONIC REGISTRATION SYSTEMS INC,6910 LOTUS CREEK CT,SPRING,TX,77379-5150,6910 LOTUS CREEK CT,SPRING,TX,77379,Release,REL,2026-10-02,RP-2026-400589,,80,LLC / corp owner; New this week,Harris County Clerk,https://www.cclerk.hctx.net/applications/websearch/RP.aspx
MORTGAGE,ELECTRONIC REGISTRATION SYSTEMS INC,5925 DARNELL ST,HOUSTON,TX,77074-7719,5925 DARNELL ST,HOUSTON,TX,77074,Release,REL,2026-10-02,RP-2026-400588,,80,LLC / corp owner; New this week,Harris County Clerk,https://www.cclerk.hctx.net/applications/websearch/RP.aspx
MORTGAGE,ELECTRONIC REGISTRATION SYSTEMS INC,14514 ROYAL MOUNTAIN DR,HOUSTON,TX,77090-6200,14514 ROYAL MOUNTAIN DR,HOUSTON,TX,77090,Release,REL,2026-10-02,RP-2026-400586,,80,LLC / corp owner; New this week,Harris County Clerk,https://www.cclerk.hctx.net/applications/websearch/RP.aspx
MORTGAGE,ELECTRONIC REGISTRATION SYSTEMS INC,322 CORAL DRIFT CT,CROSBY,TX,77532-2551,322 CORAL DRIFT CT,CROSBY,TX,77532,Release,REL,2026-10-02,RP-2026-400585,,80,LLC / corp owner; New this week,Harris County Clerk,https://www.cclerk.hctx.net/applications/websearch/RP.aspx
MORTGAGE,ELECTRONIC REGISTRATION SYSTEMS INC,4708 MERCANTILE DR,FORT WORTH,TX,76137-3605,6630 WINDING TRACE DR,HOUSTON,TX,77086,Release,REL,2026-10-02,RP-2026-400584,,80,LLC / corp owner; New this week,Harris County Clerk,https://www.cclerk.hctx.net/applications/websearch/RP.aspx
MORTGAGE,ELECTRONIC REGISTRATION SYSTEMS INC,1910 LORI CT,SEABROOK,TX,77586-2805,1910 LORI CT,SEABROOK,TX,77586,Release,REL,2026-10-02,RP-2026-400582,,80,LLC / corp owner; New this week,Harris County Clerk,https://www.cclerk.hctx.net/applications/websearch/RP.aspx
MORTGAGE,ELECTRONIC REGISTRATION SYSTEMS INC,221 SEAGROVE ST,LA PORTE,TX,77571-7356,221 SEAGROVE AVE,SHOREACRES,TX,77571,Release,REL,2026-10-02,RP-2026-400580,,80,LLC / corp owner; New this week,Harris County Clerk,https://www.cclerk.hctx.net/applications/websearch/RP.aspx
MORTGAGE,ELECTRONIC REGISTRATION SYSTEMS INC,4708 MERCANTILE DR,FORT WORTH,TX,76137-3605,6630 WINDING TRACE DR,HOUSTON,TX,77086,Release,REL,2026-10-02,RP-2026-400578,,80,LLC / corp owner; New this week,Harris County Clerk,https://www.cclerk.hctx.net/applications/websearch/RP.aspx
MORTGAGE,ELECTRONIC REGISTRATION SYSTEMS INC,4708 MERCANTILE DR,FORT WORTH,TX,76137-3605,6630 WINDING TRACE DR,HOUSTON,TX,77086,Release,REL,2026-10-02,RP-2026-400577,,80,LLC / corp owner; New this week,Harris County Clerk,https://www.cclerk.hctx.net/applications/websearch/RP.aspx
NDINOFINA,JOSE STERSON PENA,,,TX,,,,TX,,Notice of Foreclosure / Trustee Sale,NOTICE,2026-10-02,RP-2026-401641,,75,Pre-foreclosure; New this week,Harris County Clerk,https://www.cclerk.hctx.netEComm/ViewEdocs.aspx?ID=ihpahpMbvcoWkF5RdbzIVV7mKqbKbG62lynxkXiSkn0Gjwt9uLWpmxV9BwDB4jXVGoONqo7l4Pz07wopyYv2GS6xD29Ao7LuIty6r6k6QVzgXSM5mDDpXoyc4b/cTV+Xwt6bXWuFbcuJBuUV1HHhOQ==
DERSCH,MARYANNE,,,TX,,,,TX,,Notice of Foreclosure / Trustee Sale,NOTICE,2026-10-02,RP-2026-401440,,75,Pre-foreclosure; New this week,Harris County Clerk,https://www.cclerk.hctx.netEComm/ViewEdocs.aspx?ID=ihpahpMbvcoWkF5RdbzIVRWKVJg3/71pjgYT8OsA94aamWmrH7zN0BV/YLVyO0TRu09m6n/jTFeVmnYivFn5pyhdMVj/yJL6uABBJcZMOBEdBz80BrCuoTnBOL+SfymMo6cWzSQ+Q0kWQ7F5xbcdnQ==
SORTO,RAQUEL YASMIN,,,TX,,,,TX,,Notice of Foreclosure / Trustee Sale,NOTICE,2026-10-02,RP-2026-401391,,75,Pre-foreclosure; New this week,Harris County Clerk,https://www.cclerk.hctx.netEComm/ViewEdocs.aspx?ID=ihpahpMbvcoWkF5RdbzIVeK4ftJLY35SyPRe7xOPuISzFDF0Y4iKRbSfWxuHKh1qlaKSYKn4UhI5LQiktkfMXAB6K7H8I7cFPKMdohvSlLVzBoNB3sXGj4yfigJ2DXGV5VI1jI1agx/DSBUToncwaA==
SECREST,RONDA,,,TX,,,,TX,,Notice of Foreclosure / Trustee Sale,NOTICE,2026-10-02,RP-2026-401091,,75,Pre-foreclosure; New this week,Harris County Clerk,https://www.cclerk.hctx.netEComm/ViewEdocs.aspx?ID=ihpahpMbvcoWkF5RdbzIVR9qGTrVP7FOvjGoJYp2+1XAzVB16ZffebwYHrjv/kGPvgyeeUKdELe8uChX/hDRLK1ww6S3kvJ86d+TXgtr0Kvhzg0JaG3gKAHxWuN/hkFpyKKo2CMBrP0CrrWgPyrcYw==
MBROH,DONOVAN RAPHAEL,,,TX,,,,TX,,Notice of Foreclosure / Trustee Sale,NOTICE,2026-10-02,RP-2026-400719,,75,Pre-foreclosure; New this week,Harris County Clerk,https://www.cclerk.hctx.netEComm/ViewEdocs.aspx?ID=ihpahpMbvcoWkF5RdbzIVcHL5Ho4scRIeLATuPhPqFfAY12gbqLa/WD7lfXrOGdv3RDmeUBFZIKJR6xjUhTJghU8sVNdSpb9MpG16kw8+21tSKdOxMUvuJeG3R6KvHOmRuQAm/xNXCQAWo91jPLbZA==
REED,TREVOR,,,TX,,,,TX,,Notice of Foreclosure / Trustee Sale,NOTICE,2026-10-02,RP-2026-400712,,75,Pre-foreclosure; New this week,Harris County Clerk,https://www.cclerk.hctx.netEComm/ViewEdocs.aspx?ID=ihpahpMbvcoWkF5RdbzIVeGW8VC/YsZDDD8iQ0es1UftmYKtFAWl7tR6S2Tk22dCtdNhS8qkifEhwdnI18+/euSh9VJdIz7VW4tj4jA16KtLF3/mClyq8W5JhkoRxfEJM71XcUUrEybzRPWFwA/2oQ==
WARREN,DICK,,,TX,,,,TX,,Notice of Foreclosure / Trustee Sale,NOTICE,2026-10-02,RP-2026-400424,,75,Pre-foreclosure; New this week,Harris County Clerk,https://www.cclerk.hctx.netEComm/ViewEdocs.aspx?ID=ihpahpMbvcoWkF5RdbzIVXtplRJO4nzIg/WFJXVwkiJY+eKV5wCsjU+MbiHsm1Zu/KnzuDjW6ZbTufRZhyN7SwwH64xIaRtwQQttj+q22G2l5M9V/gTSJh8JxvWnFhGW2DELS7F6PMlK9Y9qOYqqMg==
WOLFF,MICHELLE,,,TX,,,,TX,,Notice of Foreclosure / Trustee Sale,NOTICE,2026-10-02,RP-2026-400280,,75,Pre-foreclosure; New this week,Harris County Clerk,https://www.cclerk.hctx.netEComm/ViewEdocs.aspx?ID=ihpahpMbvcoWkF5RdbzIVZDymDqg5lxf+FocEuL2BjYJ/QFwSX9g+59EuTdnWe9s6p+iJrPSoRJ2QiAaP09vDdy1JCefw3Qqmujk8to64J706yCJxoXbAdtRafOfLIGwU738teR26sdTkGCqfZjIDw==
TORTORICE,ASHLEY,,,TX,,,,TX,,Notice of Foreclosure / Trustee Sale,NOTICE,2026-10-02,RP-2026-400062,,75,Pre-foreclosure; New this week,Harris County Clerk,https://www.cclerk.hctx.netEComm/ViewEdocs.aspx?ID=ihpahpMbvcoWkF5RdbzIVdwfrgpDeIvOyXdFVxXYNukJOeZbGOFvRGUkSLhEPe5oWwG5rOKpIaqutULmpWV46bBi0Ogiexche0to0Dna8JTuu5Vh909pW/trJYJXfjQzulZWYyeCGdPIuknRoQfN9g==
PORTER,LAW FIRM,,,TX,,,,TX,,Notice of Foreclosure / Trustee Sale,NOTICE,2026-10-01,RP-2026-399848,,75,Pre-foreclosure; New this week,Harris County Clerk,https://www.cclerk.hctx.netEComm/ViewEdocs.aspx?ID=ihpahpMbvcoWkF5RdbzIVV1XHLMLu0KGePVfPnRp0cVw/DCiiRCoRY9LhBCdB+nZMcyOb9jr5vWIyoNUcdDnm2b6be3hOInsQAZbb36EsuZ4E2JJukreleBjhFF966QrxukFUUxw54LQB+9aMFKmdg==
SPENCER,KENITRES CHANEL,,,TX,,,,TX,,Notice of Foreclosure / Trustee Sale,NOTICE,2026-10-01,RP-2026-399526,,75,Pre-foreclosure; New this week,Harris County Clerk,https://www.cclerk.hctx.netEComm/ViewEdocs.aspx?ID=ihpahpMbvcoWkF5RdbzIVcI6pCMF91YNwfvSdSlCOsEX3dTQ9lEm+K5wXnYTv4njLsqjySTaPt85N404vNRG7a2s7q/Fng7kjiydC3AdphkdXput+VLeqgMjGu0VmVj61GTj9uiwMrsRq7PW/SxGxA==
WOLFE,FINANCIAL INC,,,TX,,,,TX,,Release,REL,2026-10-02,RP-2026-402035,,75,LLC / corp owner; New this week,Harris County Clerk,https://www.cclerk.hctx.net/applications/websearch/RP.aspx
OASIS,FIRE PROTECTION INC,,,TX,,,,TX,,Release,REL,2026-10-02,RP-2026-401712,,75,LLC / corp owner; New this week,Harris County Clerk,https://www.cclerk.hctx.net/applications/websearch/RP.aspx
MULCHTEX,LLC,,,TX,,,,TX,,Release,REL,2026-10-02,RP-2026-401625,,75,LLC / corp owner; New this week,Harris County Clerk,https://www.cclerk.hctx.net/applications/websearch/RP.aspx
NRH,I LLC,,,TX,,,,TX,,Release,REL,2026-10-02,RP-2026-401477,,75,LLC / corp owner; New this week,Harris County Clerk,https://www.cclerk.hctx.net/applications/websearch/RP.aspx
SYNERGY,ONE LENDING INC,,,TX,,,,TX,,Release,REL,2026-10-02,RP-2026-401336,,75,LLC / corp owner; New this week,Harris County Clerk,https://www.cclerk.hctx.net/applications/websearch/RP.aspx
SUNNYHILL,FINANCIAL INC,,,TX,,,,TX,,Release,REL,2026-10-02,RP-2026-401335,,75,LLC / corp owner; New this week,Harris County Clerk,https://www.cclerk.hctx.net/applications/websearch/RP.aspx
ROYAL,UNITED MORTGAGE LLC,,,TX,,,,TX,,Release,REL,2026-10-02,RP-2026-400922,,75,LLC / corp owner; New this week,Harris County Clerk,https://www.cclerk.hctx.net/applications/websearch/RP.aspx
PERSONS,SERVICES CORP,,,TX,,,,TX,,Release,REL,2026-10-02,RP-2026-400921,,75,LLC / corp owner; New this week,Harris County Clerk,https://www.cclerk.hctx.net/applications/websearch/RP.aspx
ROSEBUD,ECONOMIC DEVELOPMENT CORPORATION,,,TX,,,,TX,,Release,REL,2026-10-02,RP-2026-400819,,75,LLC / corp owner; New this week,Harris County Clerk,https://www.cclerk.hctx.net/applications/websearch/RP.aspx
SPECIALIZED,LOAN SERVICING LLC,,,TX,,,,TX,,Release,REL,2026-10-02,RP-2026-400604,,75,LLC / corp owner; New this week,Harris County Clerk,https://www.cclerk.hctx.net/applications/websearch/RP.aspx
ROYAL,UNITED MORTGAGE LLC,,,TX,,,,TX,,Release,REL,2026-10-02,RP-2026-400587,,75,LLC / corp owner; New this week,Harris County Clerk,https://www.cclerk.hctx.net/applications/websearch/RP.aspx
LAKECREST,FOREST AND VILLAGE HOMEOWNERS ASSOCIATION INC,6842 N SAM HOUSTON PKWY W,HOUSTON,TX,77064-3528,0 MORTON RD,KATY,TX,77493,Lien,LIEN,2026-10-02,RP-2026-400932,,70,Mechanic lien; LLC / corp owner; New this week,Harris County Clerk,https://www.cclerk.hctx.net/applications/websearch/RP.aspx
MERRYLANDS,HOMEOWNERS ASSOCIATION,6842 N SAM HOUSTON PKWY W,HOUSTON,TX,77064-3528,0 CUTHBERT ST,HUMBLE,TX,77346,Lien,LIEN,2026-10-01,RP-2026-399676,,70,Mechanic lien; LLC / corp owner; New this week,Harris County Clerk,https://www.cclerk.hctx.net/applications/websearch/RP.aspx
MILLIONDOLLARCOSMETICS,LLC,PO BOX 1386,HOUSTON,TX,77251-1386,0 COMMERCE ST,HOUSTON,TX,77002,Lien,LIEN,2026-10-01,RP-2026-398965,,70,Mechanic lien; LLC / corp owner; New this week,Harris County Clerk,https://www.cclerk.hctx.net/applications/websearch/RP.aspx
SAAHEL,INC,PO BOX 1386,HOUSTON,TX,77251-1386,0 COMMERCE ST,HOUSTON,TX,77002,Lien,LIEN,2026-10-01,RP-2026-398964,,70,Mechanic lien; LLC / corp owner; New this week,Harris County Clerk,https://www.cclerk.hctx.net/applications/websearch/RP.aspx
MA,CHERIE MATCHA LLC,PO BOX 1386,HOUSTON,TX,77251-1386,0 COMMERCE ST,HOUSTON,TX,77002,Lien,LIEN,2026-10-01,RP-2026-398961,,70,Mechanic lien; LLC / corp owner; New this week,Harris County Clerk,https://www.cclerk.hctx.net/applications/websearch/RP.aspx
1017,ENTERPRISES CORP,PO BOX 1386,HOUSTON,TX,77251-1386,0 COMMERCE ST,HOUSTON,TX,77002,Lien,LIEN,2026-10-01,RP-2026-398960,,70,Mechanic lien; LLC / corp owner; New this week,Harris County Clerk,https://www.cclerk.hctx.net/applications/websearch/RP.aspx
MUCHO,PIZZA TEXAS LLC,PO BOX 1386,HOUSTON,TX,77251-1386,0 COMMERCE ST,HOUSTON,TX,77002,Lien,LIEN,2026-10-01,RP-2026-398958,,70,Mechanic lien; LLC / corp owner; New this week,Harris County Clerk,https://www.cclerk.hctx.net/applications/websearch/RP.aspx
TREELINE,NORTH ESTATES COMMUNITY ASSOCIATION INC,12214 BRIGHTON BROOK LN,TOMBALL,TX,77377-2585,0 TREETOP HILLS LN,TOMBALL,TX,77377,Lien,LIEN,2026-10-01,RP-2026-398681,,70,Mechanic lien; LLC / corp owner; New this week,Harris County Clerk,https://www.cclerk.hctx.net/applications/websearch/RP.aspx
STARWOOD,FARMS OWNERS ASSOCIATION INC,15715 TUCKERTON RD STE 800,HOUSTON,TX,77095-5117,12603 TELGE RD,CYPRESS,TX,77429,Lien,LIEN,2026-09-30,RP-2026-397544,,70,Mechanic lien; LLC / corp owner; New this week,Harris County Clerk,https://www.cclerk.hctx.net/applications/websearch/RP.aspx
STARWOOD,FARMS OWNERS ASSOCIATION INC,15715 TUCKERTON RD STE 800,HOUSTON,TX,77095-5117,12603 TELGE RD,CYPRESS,TX,77429,Lien,LIEN,2026-09-30,RP-2026-397526,,70,Mechanic lien; LLC / corp owner; New this week,Harris County Clerk,https://www.cclerk.hctx.net/applications/websearch/RP.aspx
STARWOOD,FARMS OWNERS ASSOCIATION INC,15715 TUCKERTON RD STE 800,HOUSTON,TX,77095-5117,12603 TELGE RD,CYPRESS,TX,77429,Lien,LIEN,2026-09-30,RP-2026-397522,,70,Mechanic lien; LLC / corp owner; New this week,Harris County Clerk,https://www.cclerk.hctx.net/applications/websearch/RP.aspx
STARWOOD,FARMS OWNERS' ASSOCIATION INC,15715 TUCKERTON RD STE 800,HOUSTON,TX,77095-5117,12603 TELGE RD,CYPRESS,TX,77429,Lien,LIEN,2026-09-30,RP-2026-397519,,70,Mechanic lien; LLC / corp owner; New this week,Harris County Clerk,https://www.cclerk.hctx.net/applications/websearch/RP.aspx
PROPERTY,OWNERS ASSOCIATION OF LANTANA,2825 WILCREST STE 300,HOUSTON,TX,77042-3398,0 LEXUS DR,HUMBLE,TX,77396,Lien,LIEN,2026-09-30,RP-2026-397373,,70,Mechanic lien; LLC / corp owner; New this week,Harris County Clerk,https://www.cclerk.hctx.net/applications/websearch/RP.aspx
AUBURN,LAKES HOMEOWNERS ASSOCIATION INC,PO BOX 681007,HOUSTON,TX,77268-1007,0 PRIVATE STREETS,SPRING,TX,77389,Lien,LIEN,2026-09-30,RP-2026-397366,,70,Mechanic lien; LLC / corp owner; New this week,Harris County Clerk,https://www.cclerk.hctx.net/applications/websearch/RP.aspx
AUBURN,LAKES HOMEOWNERS ASSOCIATION INC,PO BOX 681007,HOUSTON,TX,77268-1007,0 PRIVATE STREETS,SPRING,TX,77389,Lien,LIEN,2026-09-30,RP-2026-397329,,70,Mechanic lien; LLC / corp owner; New this week,Harris County Clerk,https://www.cclerk.hctx.net/applications/websearch/RP.aspx
AUBURN,LAKES HOMEOWNERS ASSOCIATION INC,PO BOX 681007,HOUSTON,TX,77268-1007,0 PRIVATE STREETS,SPRING,TX,77389,Lien,LIEN,2026-09-30,RP-2026-397326,,70,Mechanic lien; LLC / corp owner; New this week,Harris County Clerk,https://www.cclerk.hctx.net/applications/websearch/RP.aspx
AFTON,OAKS CIVIC CLUB INC,7514 KINGSLEY ST,HOUSTON,TX,77087-4412,7514 KINGSLEY ST,HOUSTON,TX,77087,Lien,LIEN,2026-09-30,RP-2026-396977,,70,Mechanic lien; LLC / corp owner; New this week,Harris County Clerk,https://www.cclerk.hctx.net/applications/websearch/RP.aspx
BLUESTONE,ALLIANCE LLC,PO BOX 1386,HOUSTON,TX,77251-1386,0 COMMERCE ST,HOUSTON,TX,77002,Lien,LIEN,2026-09-30,RP-2026-396637,,70,Mechanic lien; LLC / corp owner; New this week,Harris County Clerk,https://www.cclerk.hctx.net/applications/websearch/RP.aspx
MX,HOSPITALITY VENTURES INC,PO BOX 1386,HOUSTON,TX,77251-1386,0 COMMERCE ST,HOUSTON,TX,77002,Lien,LIEN,2026-09-30,RP-2026-396636,,70,Mechanic lien; LLC / corp owner; New this week,Harris County Clerk,https://www.cclerk.hctx.net/applications/websearch/RP.aspx
NORTHWEST,HEIGHTS HOTEL LLC,PO BOX 1386,HOUSTON,TX,77251-1386,0 COMMERCE ST,HOUSTON,TX,77002,Lien,LIEN,2026-09-30,RP-2026-396635,,70,Mechanic lien; LLC / corp owner; New this week,Harris County Clerk,https://www.cclerk.hctx.net/applications/websearch/RP.aspx
CTLZ,LOGISTICS LLC,PO BOX 1386,HOUSTON,TX,77251-1386,0 COMMERCE ST,HOUSTON,TX,77002,Lien,LIEN,2026-09-30,RP-2026-396633,,70,Mechanic lien; LLC / corp owner; New this week,Harris County Clerk,https://www.cclerk.hctx.net/applications/websearch/RP.aspx
JULSINC,TRANSPORT LLC,PO BOX 1386,HOUSTON,TX,77251-1386,0 COMMERCE ST,HOUSTON,TX,77002,Lien,LIEN,2026-09-30,RP-2026-396632,,70,Mechanic lien; LLC / corp owner; New this week,Harris County Clerk,https://www.cclerk.hctx.net/applications/websearch/RP.aspx
IBEX,EXPRESS LLC,PO BOX 1386,HOUSTON,TX,77251-1386,0 COMMERCE ST,HOUSTON,TX,77002,Lien,LIEN,2026-09-30,RP-2026-396631,,70,Mechanic lien; LLC / corp owner; New this week,Harris County Clerk,https://www.cclerk.hctx.net/applications/websearch/RP.aspx
HERRING,BROTHERS TRUCKING LLC,PO BOX 1386,HOUSTON,TX,77251-1386,0 COMMERCE ST,HOUSTON,TX,77002,Lien,LIEN,2026-09-30,RP-2026-396630,,70,Mechanic lien; LLC / corp owner; New this week,Harris County Clerk,https://www.cclerk.hctx.net/applications/websearch/RP.aspx
BLAZING,STAR LOGISTICS LLC,PO BOX 1386,HOUSTON,TX,77251-1386,0 COMMERCE ST,HOUSTON,TX,77002,Lien,LIEN,2026-09-30,RP-2026-396629,,70,Mechanic lien; LLC / corp owner; New this week,Harris County Clerk,https://www.cclerk.hctx.net/applications/websearch/RP.aspx
CLN,TRUCKING LLC,PO BOX 1386,HOUSTON,TX,77251-1386,0 COMMERCE ST,HOUSTON,TX,77002,Lien,LIEN,2026-09-30,RP-2026-396628,,70,Mechanic lien; LLC / corp owner; New this week,Harris County Clerk,https://www.cclerk.hctx.net/applications/websearch/RP.aspx
COPA,LAWN CARE LLC,PO BOX 1386,HOUSTON,TX,77251-1386,0 COMMERCE ST,HOUSTON,TX,77002,Lien,LIEN,2026-09-30,RP-2026-396627,,70,Mechanic lien; LLC / corp owner; New this week,Harris County Clerk,https://www.cclerk.hctx.net/applications/websearch/RP.aspx
X-ENERGY,PRESSURE CONTROL LLC,PO BOX 1386,HOUSTON,TX,77251-1386,0 COMMERCE ST,HOUSTON,TX,77002,Lien,LIEN,2026-09-30,RP-2026-396626,,70,Mechanic lien; LLC / corp owner; New this week,Harris County Clerk,https://www.cclerk.hctx.net/applications/websearch/RP.aspx
4139,CATX LLC,PO BOX 1386,HOUSTON,TX,77251-1386,0 COMMERCE ST,HOUSTON,TX,77002,Lien,LIEN,2026-09-30,RP-2026-396625,,70,Mechanic lien; LLC / corp owner; New this week,Harris County Clerk,https://www.cclerk.hctx.net/applications/websearch/RP.aspx
RECALVAN,HOUSTON LLC,PO BOX 1386,HOUSTON,TX,77251-1386,0 COMMERCE ST,HOUSTON,TX,77002,Lien,LIEN,2026-09-30,RP-2026-396624,,70,Mechanic lien; LLC / corp owner; New this week,Harris County Clerk,https://www.cclerk.hctx.net/applications/websearch/RP.aspx
CORRECTIVE,SKIN CHRISTY LLC,PO BOX 1386,HOUSTON,TX,77251-1386,0 COMMERCE ST,HOUSTON,TX,77002,Lien,LIEN,2026-09-30,RP-2026-396623,,70,Mechanic lien; LLC / corp owner; New this week,Harris County Clerk,https://www.cclerk.hctx.net/applications/websearch/RP.aspx
SREE,MYRAH LLC,PO BOX 1386,HOUSTON,TX,77251-1386,0 COMMERCE ST,HOUSTON,TX,77002,Lien,LIEN,2026-09-30,RP-2026-396622,,70,Mechanic lien; LLC / corp owner; New this week,Harris County Clerk,https://www.cclerk.hctx.net/applications/websearch/RP.aspx
KDAM,PHO INC,PO BOX 1386,HOUSTON,TX,77251-1386,0 COMMERCE ST,HOUSTON,TX,77002,Lien,LIEN,2026-09-30,RP-2026-396621,,70,Mechanic lien; LLC / corp owner; New this week,Harris County Clerk,https://www.cclerk.hctx.net/applications/websearch/RP.aspx
KXM,FUELS LLC,PO BOX 1386,HOUSTON,TX,77251-1386,0 COMMERCE ST,HOUSTON,TX,77002,Lien,LIEN,2026-09-30,RP-2026-396620,,70,Mechanic lien; LLC / corp owner; New this week,Harris County Clerk,https://www.cclerk.hctx.net/applications/websearch/RP.aspx
PACKLABELMX,LLC,PO BOX 1386,HOUSTON,TX,77251-1386,0 COMMERCE ST,HOUSTON,TX,77002,Lien,LIEN,2026-09-30,RP-2026-396619,,70,Mechanic lien; LLC / corp owner; New this week,Harris County Clerk,https://www.cclerk.hctx.net/applications/websearch/RP.aspx
CF,TACTICAL INC,PO BOX 1386,HOUSTON,TX,77251-1386,0 COMMERCE ST,HOUSTON,TX,77002,Lien,LIEN,2026-09-30,RP-2026-396618,,70,Mechanic lien; LLC / corp owner; New this week,Harris County Clerk,https://www.cclerk.hctx.net/applications/websearch/RP.aspx
LIQUIDATION,BINS & MORE LLC,PO BOX 1386,HOUSTON,TX,77251-1386,0 COMMERCE ST,HOUSTON,TX,77002,Lien,LIEN,2026-09-30,RP-2026-396617,,70,Mechanic lien; LLC / corp owner; New this week,Harris County Clerk,https://www.cclerk.hctx.net/applications/websearch/RP.aspx
NITARA,HOLDINGS INC,PO BOX 1386,HOUSTON,TX,77251-1386,0 COMMERCE ST,HOUSTON,TX,77002,Lien,LIEN,2026-09-30,RP-2026-396616,,70,Mechanic lien; LLC / corp owner; New this week,Harris County Clerk,https://www.cclerk.hctx.net/applications/websearch/RP.aspx
TEXAS,AQUATICS CUSTOM POOLS LLC,PO BOX 1386,HOUSTON,TX,77251-1386,0 COMMERCE ST,HOUSTON,TX,77002,Lien,LIEN,2026-09-30,RP-2026-396615,,70,Mechanic lien; LLC / corp owner; New this week,Harris County Clerk,https://www.cclerk.hctx.net/applications/websearch/RP.aspx
CONSTRUHOME,LLC,PO BOX 1386,HOUSTON,TX,77251-1386,0 COMMERCE ST,HOUSTON,TX,77002,Lien,LIEN,2026-09-30,RP-2026-396612,,70,Mechanic lien; LLC / corp owner; New this week,Harris County Clerk,https://www.cclerk.hctx.net/applications/websearch/RP.aspx
LEMOS,FIRE PROTECTION LLC,PO BOX 1386,HOUSTON,TX,77251-1386,0 COMMERCE ST,HOUSTON,TX,77002,Lien,LIEN,2026-09-30,RP-2026-396611,,70,Mechanic lien; LLC / corp owner; New this week,Harris County Clerk,https://www.cclerk.hctx.net/applications/websearch/RP.aspx
CONNAISSEUR,INC,PO BOX 1386,HOUSTON,TX,77251-1386,0 COMMERCE ST,HOUSTON,TX,77002,Lien,LIEN,2026-09-30,RP-2026-396610,,70,Mechanic lien; LLC / corp owner; New this week,Harris County Clerk,https://www.cclerk.hctx.net/applications/websearch/RP.aspx
CNR,PEST SERVICES LLC,PO BOX 1386,HOUSTON,TX,77251-1386,0 COMMERCE ST,HOUSTON,TX,77002,Lien,LIEN,2026-09-30,RP-2026-396609,,70,Mechanic lien; LLC / corp owner; New this week,Harris County Clerk,https://www.cclerk.hctx.net/applications/websearch/RP.aspx
DAY,6 COFFEE LLC,PO BOX 1074,BELLAIRE,TX,77402-1074,910 PRAIRIE ST,HOUSTON,TX,77002,Lien,LIEN,2026-09-30,RP-2026-396608,,70,Mechanic lien; LLC / corp owner; New this week,Harris County Clerk,https://www.cclerk.hctx.net/applications/websearch/RP.aspx
MSR,INTERNATIONAL LLC,PO BOX 1386,HOUSTON,TX,77251-1386,0 COMMERCE ST,HOUSTON,TX,77002,Lien,LIEN,2026-09-30,RP-2026-396607,,70,Mechanic lien; LLC / corp owner; New this week,Harris County Clerk,https://www.cclerk.hctx.net/applications/websearch/RP.aspx
AC/DC,SYNERGY GROUP INC,PO BOX 1386,HOUSTON,TX,77251-1386,0 COMMERCE ST,HOUSTON,TX,77002,Lien,LIEN,2026-09-30,RP-2026-396606,,70,Mechanic lien; LLC / corp owner; New this week,Harris County Clerk,https://www.cclerk.hctx.net/applications/websearch/RP.aspx
HUTCHISON,POOL AND SPA SERVICES INC,PO BOX 1386,HOUSTON,TX,77251-1386,0 COMMERCE ST,HOUSTON,TX,77002,Lien,LIEN,2026-09-30,RP-2026-396605,,70,Mechanic lien; LLC / corp owner; New this week,Harris County Clerk,https://www.cclerk.hctx.net/applications/websearch/RP.aspx
ANOTHAI,& FRIENDS LOUETTA INC,PO BOX 1386,HOUSTON,TX,77251-1386,0 COMMERCE ST,HOUSTON,TX,77002,Lien,LIEN,2026-09-30,RP-2026-396604,,70,Mechanic lien; LLC / corp owner; New this week,Harris County Clerk,https://www.cclerk.hctx.net/applications/websearch/RP.aspx
PS,LPT PROPERTIES INVESTORS,701 WESTERN AVE,GLENDALE,CA,91201-2349,12335 BELLAIRE BLVD,HOUSTON,TX,77072,Lien,LIEN,2026-09-30,RP-2026-396603,,70,Mechanic lien; LLC / corp owner; New this week,Harris County Clerk,https://www.cclerk.hctx.net/applications/websearch/RP.aspx
QUALITY,FEED & GARDEN COMPANY INC,2368A RICE BLVD STE 611,HOUSTON,TX,77005-,4428 N MAIN ST,HOUSTON,TX,77009,Lien,LIEN,2026-09-30,RP-2026-396602,,70,Mechanic lien; LLC / corp owner; New this week,Harris County Clerk,https://www.cclerk.hctx.net/applications/websearch/RP.aspx
GREATER,HOUSTON SECURITY LLC,2616 HOUSTON BLVD,SOUTH HOUSTON,TX,77587-5146,2616 HOUSTON BLVD,SOUTH HOUSTON,TX,77587,Lien,LIEN,2026-09-30,RP-2026-396575,,70,Mechanic lien; LLC / corp owner; New this week,Harris County Clerk,https://www.cclerk.hctx.net/applications/websearch/RP.aspx
CHB,ENTERTAINMENT LLC,PO BOX 1386,HOUSTON,TX,77251-1386,0 COMMERCE ST,HOUSTON,TX,77002,Lien,LIEN,2026-09-30,RP-2026-396391,,70,Mechanic lien; LLC / corp owner; New this week,Harris County Clerk,https://www.cclerk.hctx.net/applications/websearch/RP.aspx
ROJAS,AUTO GROUP LLC,PO BOX 1386,HOUSTON,TX,77251-1386,0 COMMERCE ST,HOUSTON,TX,77002,Lien,LIEN,2026-09-30,RP-2026-396390,,70,Mechanic lien; LLC / corp owner; New this week,Harris County Clerk,https://www.cclerk.hctx.net/applications/websearch/RP.aspx
R,& H LLC,12701 MARKET STREET RD,HOUSTON,TX,77015-6034,12701 MARKET ST,HOUSTON,TX,77015,Lien,LIEN,2026-09-30,RP-2026-396389,,70,Mechanic lien; LLC / corp owner; New this week,Harris County Clerk,https://www.cclerk.hctx.net/applications/websearch/RP.aspx
JCR,TRANSPORT & HOTSHOT LLC,PO BOX 1386,HOUSTON,TX,77251-1386,0 COMMERCE ST,HOUSTON,TX,77002,Lien,LIEN,2026-09-30,RP-2026-396388,,70,Mechanic lien; LLC / corp owner; New this week,Harris County Clerk,https://www.cclerk.hctx.net/applications/websearch/RP.aspx
CASTILLO,TRANSPORT LLC,PO BOX 1386,HOUSTON,TX,77251-1386,0 COMMERCE ST,HOUSTON,TX,77002,Lien,LIEN,2026-09-30,RP-2026-396387,,70,Mechanic lien; LLC / corp owner; New this week,Harris County Clerk,https://www.cclerk.hctx.net/applications/websearch/RP.aspx
AVIRAJ,DHALIWAL INC,PO BOX 1386,HOUSTON,TX,77251-1386,0 COMMERCE ST,HOUSTON,TX,77002,Lien,LIEN,2026-09-30,RP-2026-396386,,70,Mechanic lien; LLC / corp owner; New this week,Harris County Clerk,https://www.cclerk.hctx.net/applications/websearch/RP.aspx
JC,VIETNAMESE NOODLE HOUSE LLC,PO BOX 1386,HOUSTON,TX,77251-1386,0 COMMERCE ST,HOUSTON,TX,77002,Lien,LIEN,2026-09-30,RP-2026-396385,,70,Mechanic lien; LLC / corp owner; New this week,Harris County Clerk,https://www.cclerk.hctx.net/applications/websearch/RP.aspx
TEAL,ELDRIDGE LLC,PO BOX 1386,HOUSTON,TX,77251-1386,0 COMMERCE ST,HOUSTON,TX,77002,Lien,LIEN,2026-09-30,RP-2026-396384,,70,Mechanic lien; LLC / corp owner; New this week,Harris County Clerk,https://www.cclerk.hctx.net/applications/websearch/RP.aspx
TALLBOY,STUEBNER LLC,PO BOX 1386,HOUSTON,TX,77251-1386,0 COMMERCE ST,HOUSTON,TX,77002,Lien,LIEN,2026-09-30,RP-2026-396383,,70,Mechanic lien; LLC / corp owner; New this week,Harris County Clerk,https://www.cclerk.hctx.net/applications/websearch/RP.aspx
TALLBOY,CYPRESS LLC,PO BOX 1386,HOUSTON,TX,77251-1386,0 COMMERCE ST,HOUSTON,TX,77002,Lien,LIEN,2026-09-30,RP-2026-396382,,70,Mechanic lien; LLC / corp owner; New this week,Harris County Clerk,https://www.cclerk.hctx.net/applications/websearch/RP.aspx
A,AND U ENTERPRISE INC,PO BOX 5544,KATY,TX,77491-5544,1007 AVENUE D,KATY,TX,77493,Lien,LIEN,2026-09-30,RP-2026-396381,,70,Mechanic lien; LLC / corp owner; New this week,Harris County Clerk,https://www.cclerk.hctx.net/applications/websearch/RP.aspx
5,STARS REPAIR SHOP LLC,PO BOX 1386,HOUSTON,TX,77251-1386,0 COMMERCE ST,HOUSTON,TX,77002,Lien,LIEN,2026-09-30,RP-2026-396380,,70,Mechanic lien; LLC / corp owner; New this week,Harris County Clerk,https://www.cclerk.hctx.net/applications/websearch/RP.aspx
FIT,LIFE HOUSTON LLC,PO BOX 1386,HOUSTON,TX,77251-1386,0 COMMERCE ST,HOUSTON,TX,77002,Lien,LIEN,2026-09-30,RP-2026-396379,,70,Mechanic lien; LLC / corp owner; New this week,Harris County Clerk,https://www.cclerk.hctx.net/applications/websearch/RP.aspx
INSPIRATION,COFFEE HOUSE LLC,PO BOX 1386,HOUSTON,TX,77251-1386,0 COMMERCE ST,HOUSTON,TX,77002,Lien,LIEN,2026-09-30,RP-2026-396378,,70,Mechanic lien; LLC / corp owner; New this week,Harris County Clerk,https://www.cclerk.hctx.net/applications/websearch/RP.aspx
MPW,MANAGEMENT GROUP LLC,PO BOX 1386,HOUSTON,TX,77251-1386,0 COMMERCE ST,HOUSTON,TX,77002,Lien,LIEN,2026-09-30,RP-2026-396377,,70,Mechanic lien; LLC / corp owner; New this week,Harris County Clerk,https://www.cclerk.hctx.net/applications/websearch/RP.aspx
ICY,AND ENZO JEWELERS LLC,PO BOX 1386,HOUSTON,TX,77251-1386,0 COMMERCE ST,HOUSTON,TX,77002,Lien,LIEN,2026-09-30,RP-2026-396375,,70,Mechanic lien; LLC / corp owner; New this week,Harris County Clerk,https://www.cclerk.hctx.net/applications/websearch/RP.aspx
EA,VEGA ENTERPRISE LLC,PO BOX 1386,HOUSTON,TX,77251-1386,0 COMMERCE ST,HOUSTON,TX,77002,Lien,LIEN,2026-09-30,RP-2026-396374,,70,Mechanic lien; LLC / corp owner; New this week,Harris County Clerk,https://www.cclerk.hctx.net/applications/websearch/RP.aspx
HOUSTON,GROUP INC,7118 BERTNER AVE,HOUSTON,TX,77030-4904,7118 BERTNER AVE 267,HOUSTON,TX,77030,Lien,LIEN,2026-09-30,RP-2026-396371,,70,Mechanic lien; LLC / corp owner; New this week,Harris County Clerk,https://www.cclerk.hctx.net/applications/websearch/RP.aspx
KRUSTY,K9 LLC,PO BOX 1386,HOUSTON,TX,77251-1386,0 COMMERCE ST,HOUSTON,TX,77002,Lien,LIEN,2026-09-30,RP-2026-396370,,70,Mechanic lien; LLC / corp owner; New this week,Harris County Clerk,https://www.cclerk.hctx.net/applications/websearch/RP.aspx
FORT,BEND RESTAURANT GROUP LLC,3427 ASHTON PARK DR,HOUSTON,TX,77082-5309,0 E LAKE HOUSTON PKY,CROSBY,TX,77532,Lien,LIEN,2026-09-30,RP-2026-396369,,70,Mechanic lien; LLC / corp owner; New this week,Harris County Clerk,https://www.cclerk.hctx.net/applications/websearch/RP.aspx
CHRISTY'S,CATERING LLC,PO BOX 1386,HOUSTON,TX,77251-1386,0 COMMERCE ST,HOUSTON,TX,77002,Lien,LIEN,2026-09-30,RP-2026-396367,,70,Mechanic lien; LLC / corp owner; New this week,Harris County Clerk,https://www.cclerk.hctx.net/applications/websearch/RP.aspx
EFR,INVESTMENTS LLC,PO BOX 1386,HOUSTON,TX,77251-1386,0 COMMERCE ST,HOUSTON,TX,77002,Lien,LIEN,2026-09-30,RP-2026-396366,,70,Mechanic lien; LLC / corp owner; New this week,Harris County Clerk,https://www.cclerk.hctx.net/applications/websearch/RP.aspx
G,J L T LLC,PO BOX 1386,HOUSTON,TX,77251-1386,0 COMMERCE ST,HOUSTON,TX,77002,Lien,LIEN,2026-09-30,RP-2026-396365,,70,Mechanic lien; LLC / corp owner; New this week,Harris County Clerk,https://www.cclerk.hctx.net/applications/websearch/RP.aspx
LAVISH,SPLASH LLC,PO BOX 1386,HOUSTON,TX,77251-1386,0 COMMERCE ST,HOUSTON,TX,77002,Lien,LIEN,2026-09-30,RP-2026-396364,,70,Mechanic lien; LLC / corp owner; New this week,Harris County Clerk,https://www.cclerk.hctx.net/applications/websearch/RP.aspx
SALUUD,LLC,PO BOX 1386,HOUSTON,TX,77251-1386,0 COMMERCE ST,HOUSTON,TX,77002,Lien,LIEN,2026-09-30,RP-2026-396363,,70,Mechanic lien; LLC / corp owner; New this week,Harris County Clerk,https://www.cclerk.hctx.net/applications/websearch/RP.aspx
YEON,THE GROOMER LLC,PO BOX 1386,HOUSTON,TX,77251-1386,0 COMMERCE ST,HOUSTON,TX,77002,Lien,LIEN,2026-09-30,RP-2026-396362,,70,Mechanic lien; LLC / corp owner; New this week,Harris County Clerk,https://www.cclerk.hctx.net/applications/websearch/RP.aspx
MRSB,RESTAURANT GROUP LLC,PO BOX 1386,HOUSTON,TX,77251-1386,0 COMMERCE ST,HOUSTON,TX,77002,Lien,LIEN,2026-09-30,RP-2026-396361,,70,Mechanic lien; LLC / corp owner; New this week,Harris County Clerk,https://www.cclerk.hctx.net/applications/websearch/RP.aspx
J,J SANDOVAL LLC,PO BOX 1386,HOUSTON,TX,77251-1386,0 COMMERCE ST,HOUSTON,TX,77002,Lien,LIEN,2026-09-30,RP-2026-396360,,70,Mechanic lien; LLC / corp owner; New this week,Harris County Clerk,https://www.cclerk.hctx.net/applications/websearch/RP.aspx
SHADEEATS,LLC,PO BOX 1386,HOUSTON,TX,77251-1386,0 COMMERCE ST,HOUSTON,TX,77002,Lien,LIEN,2026-09-30,RP-2026-396359,,70,Mechanic lien; LLC / corp owner; New this week,Harris County Clerk,https://www.cclerk.hctx.net/applications/websearch/RP.aspx
HOUSTON,GROOVES LLC,PO BOX 1386,HOUSTON,TX,77251-1386,0 COMMERCE ST,HOUSTON,TX,77002,Lien,LIEN,2026-09-30,RP-2026-396356,,70,Mechanic lien; LLC / corp owner; New this week,Harris County Clerk,https://www.cclerk.hctx.net/applications/websearch/RP.aspx
2NLT,CORPORATION,PO BOX 1386,HOUSTON,TX,77251-1386,0 COMMERCE ST,HOUSTON,TX,77002,Lien,LIEN,2026-09-30,RP-2026-396355,,70,Mechanic lien; LLC / corp owner; New this week,Harris County Clerk,https://www.cclerk.hctx.net/applications/websearch/RP.aspx
A3H,FOODS II LP,PO BOX 1386,HOUSTON,TX,77251-1386,0 COMMERCE ST,HOUSTON,TX,77002,Lien,LIEN,2026-09-30,RP-2026-396354,,70,Mechanic lien; LLC / corp owner; New this week,Harris County Clerk,https://www.cclerk.hctx.net/applications/websearch/RP.aspx
ARCADIA,ENERGY DATA SOLUTIONS US INC,PO BOX 1386,HOUSTON,TX,77251-1386,0 COMMERCE ST,HOUSTON,TX,77002,Lien,LIEN,2026-09-30,RP-2026-396352,,70,Mechanic lien; LLC / corp owner; New this week,Harris County Clerk,https://www.cclerk.hctx.net/applications/websearch/RP.aspx
CANTERA,DOORS & MORE INC,PO BOX 1386,HOUSTON,TX,77251-1386,0 COMMERCE ST,HOUSTON,TX,77002,Lien,LIEN,2026-09-30,RP-2026-396351,,70,Mechanic lien; LLC / corp owner; New this week,Harris County Clerk,https://www.cclerk.hctx.net/applications/websearch/RP.aspx
CIRCLE,SAW BUILDERS SUPPLY INC,2510 ELLA BLVD,HOUSTON,TX,77008-2712,2510 ELLA BLVD,HOUSTON,TX,77008,Lien,LIEN,2026-09-30,RP-2026-396350,,70,Mechanic lien; LLC / corp owner; New this week,Harris County Clerk,https://www.cclerk.hctx.net/applications/websearch/RP.aspx
OLSHAN,FOUNDATION REPAIR COMPANY OF DALLAS LTD,PO BOX 1386,HOUSTON,TX,77251-1386,0 COMMERCE ST,HOUSTON,TX,77002,Lien,LIEN,2026-09-30,RP-2026-396348,,70,Mechanic lien; LLC / corp owner; New this week,Harris County Clerk,https://www.cclerk.hctx.net/applications/websearch/RP.aspx
IMPERIAL,RIDGE HOMEOWNERS ASSOCIATION,PO BOX 203310,AUSTIN,TX,78720-3310,0 IMPERIAL RIDGE LN,HOUSTON,TX,77073,Lien,LIEN,2026-09-30,RP-2026-396319,,70,Mechanic lien; LLC / corp owner; New this week,Harris County Clerk,https://www.cclerk.hctx.net/applications/websearch/RP.aspx
IMPERIAL,RIDGE HOMEOWNERS ASSOCIATION,PO BOX 203310,AUSTIN,TX,78720-3310,0 IMPERIAL RIDGE LN,HOUSTON,TX,77073,Lien,LIEN,2026-09-30,RP-2026-396313,,70,Mechanic lien; LLC / corp owner; New this week,Harris County Clerk,https://www.cclerk.hctx.net/applications/websearch/RP.aspx
LAUREL,PLACE HOMEOWNERS ASSOCIATION INC,PO BOX 203310,AUSTIN,TX,78720-3310,0 ATASCOCITA RD,HUMBLE,TX,77396,Lien,LIEN,2026-09-30,RP-2026-396312,,70,Mechanic lien; LLC / corp owner; New this week,Harris County Clerk,https://www.cclerk.hctx.net/applications/websearch/RP.aspx
ROSEHILL,MEADOW COMMUNITY ASSOCIATION INC,315 NITA LN,EULESS,TX,76040-4163,22822 EPHESUS AVE,TOMBALL,TX,77377,Lien,LIEN,2026-09-30,RP-2026-396308,,70,Mechanic lien; LLC / corp owner; New this week,Harris County Clerk,https://www.cclerk.hctx.net/applications/websearch/RP.aspx
PINELOCH,COMMUNITY ASSOCIATION INC,PO BOX 203310,AUSTIN,TX,78720-3310,0 HARBOR DR,HOUSTON,TX,77062,Lien,LIEN,2026-09-30,RP-2026-396307,,70,Mechanic lien; LLC / corp owner; New this week,Harris County Clerk,https://www.cclerk.hctx.net/applications/websearch/RP.aspx
AUBURN,LAKES HOMEOWNERS ASSOCIATION INC,PO BOX 681007,HOUSTON,TX,77268-1007,0 PRIVATE STREETS,SPRING,TX,77389,Lien,LIEN,2026-09-30,RP-2026-396268,,70,Mechanic lien; LLC / corp owner; New this week,Harris County Clerk,https://www.cclerk.hctx.net/applications/websearch/RP.aspx
IMPERIAL,FOREST HOMEOWNERS ASSOCIATION INC,6401 S CUSTER RD STE 2020,MCKINNEY,TX,75070-3129,0 KINSMAN RD,HOUSTON,TX,77049,Lien,LIEN,2026-09-30,RP-2026-395633,,70,Mechanic lien; LLC / corp owner; New this week,Harris County Clerk,https://www.cclerk.hctx.net/applications/websearch/RP.aspx
IMPERIAL,FOREST HOMEOWNERS ASSOCIATION INC,6401 S CUSTER RD STE 2020,MCKINNEY,TX,75070-3129,0 KINSMAN RD,HOUSTON,TX,77049,Lien,LIEN,2026-09-30,RP-2026-395603,,70,Mechanic lien; LLC / corp owner; New this week,Harris County Clerk,https://www.cclerk.hctx.net/applications/websearch/RP.aspx
IMPERIAL,FOREST HOMEOWNERS ASSOCIATION INC,6401 S CUSTER RD STE 2020,MCKINNEY,TX,75070-3129,0 KINSMAN RD,HOUSTON,TX,77049,Lien,LIEN,2026-09-30,RP-2026-395597,,70,Mechanic lien; LLC / corp owner; New this week,Harris County Clerk,https://www.cclerk.hctx.net/applications/websearch/RP.aspx
IMPERIAL,FOREST HOMEOWNERS ASSOCIATION INC,6401 S CUSTER RD STE 2020,MCKINNEY,TX,75070-3129,0 KINSMAN RD,HOUSTON,TX,77049,Lien,LIEN,2026-09-30,RP-2026-395596,,70,Mechanic lien; LLC / corp owner; New this week,Harris County Clerk,https://www.cclerk.hctx.net/applications/websearch/RP.aspx
IMPERIAL,FOREST HOMEOWNERS ASSOCIATION INC,6401 S CUSTER RD STE 2020,MCKINNEY,TX,75070-3129,0 KINSMAN RD,HOUSTON,TX,77049,Lien,LIEN,2026-09-30,RP-2026-395587,,70,Mechanic lien; LLC / corp owner; New this week,Harris County Clerk,https://www.cclerk.hctx.net/applications/websearch/RP.aspx
IMPERIAL,FOREST HOMEOWNERS ASSOCIATION INC,6401 S CUSTER RD STE 2020,MCKINNEY,TX,75070-3129,0 KINSMAN RD,HOUSTON,TX,77049,Lien,LIEN,2026-09-30,RP-2026-395583,,70,Mechanic lien; LLC / corp owner; New this week,Harris County Clerk,https://www.cclerk.hctx.net/applications/websearch/RP.aspx
IMPERIAL,FOREST HOMEOWNERS ASSOCIATION INC,6401 S CUSTER RD STE 2020,MCKINNEY,TX,75070-3129,0 KINSMAN RD,HOUSTON,TX,77049,Lien,LIEN,2026-09-30,RP-2026-395517,,70,Mechanic lien; LLC / corp owner; New this week,Harris County Clerk,https://www.cclerk.hctx.net/applications/websearch/RP.aspx
IMPERIAL,FOREST HOMEOWNERS ASSOCIATION INC,6401 S CUSTER RD STE 2020,MCKINNEY,TX,75070-3129,0 KINSMAN RD,HOUSTON,TX,77049,Lien,LIEN,2026-09-30,RP-2026-395513,,70,Mechanic lien; LLC / corp owner; New this week,Harris County Clerk,https://www.cclerk.hctx.net/applications/websearch/RP.aspx
IMPERIAL,FOREST HOMEOWNERS ASSOCIATION INC,6401 S CUSTER RD STE 2020,MCKINNEY,TX,75070-3129,0 KINSMAN RD,HOUSTON,TX,77049,Lien,LIEN,2026-09-30,RP-2026-395504,,70,Mechanic lien; LLC / corp owner; New this week,Harris County Clerk,https://www.cclerk.hctx.net/applications/websearch/RP.aspx
HC,- CA TRANSPORT INC,PO BOX 1386,HOUSTON,TX,77251-1386,0 COMMERCE ST,HOUSTON,TX,77002,Lien,LIEN,2026-09-29,RP-2026-395188,,70,Mechanic lien; LLC / corp owner; New this week,Harris County Clerk,https://www.cclerk.hctx.net/applications/websearch/RP.aspx
VALEDOR,SERVICES LLC,PO BOX 1386,HOUSTON,TX,77251-1386,0 COMMERCE ST,HOUSTON,TX,77002,Lien,LIEN,2026-09-29,RP-2026-395187,,70,Mechanic lien; LLC / corp owner; New this week,Harris County Clerk,https://www.cclerk.hctx.net/applications/websearch/RP.aspx
AMERICAN,MADE SEATS INC,PO BOX 1386,HOUSTON,TX,77251-1386,0 COMMERCE ST,HOUSTON,TX,77002,Lien,LIEN,2026-09-29,RP-2026-395186,,70,Mechanic lien; LLC / corp owner; New this week,Harris County Clerk,https://www.cclerk.hctx.net/applications/websearch/RP.aspx
UNITED,TEXAS GLOBAL LLC,PO BOX 1386,HOUSTON,TX,77251-1386,0 COMMERCE ST,HOUSTON,TX,77002,Lien,LIEN,2026-09-29,RP-2026-395185,,70,Mechanic lien; LLC / corp owner; New this week,Harris County Clerk,https://www.cclerk.hctx.net/applications/websearch/RP.aspx
WELLBORNE,ENTERTAINMENT GROUP LLC,PO BOX 1386,HOUSTON,TX,77251-1386,0 COMMERCE ST,HOUSTON,TX,77002,Lien,LIEN,2026-09-29,RP-2026-395182,,70,Mechanic lien; LLC / corp owner; New this week,Harris County Clerk,https://www.cclerk.hctx.net/applications/websearch/RP.aspx
VILLAGES,ON GRANT HOMEOWNERS ASSOCIATION INC,804 KANSAS ST,SOUTH HOUSTON,TX,77587-3109,804 KANSAS ST,SOUTH HOUSTON,TX,77587,Lien,LIEN,2026-09-29,RP-2026-395132,,70,Mechanic lien; LLC / corp owner; New this week,Harris County Clerk,https://www.cclerk.hctx.net/applications/websearch/RP.aspx
VILLAGES,ON GRANT HOMEOWNERS ASSOCIATION INC,22319 KOBS RD,TOMBALL,TX,77377-3603,22319 KOBS RD,TOMBALL,TX,77377,Lien,LIEN,2026-09-29,RP-2026-395131,,70,Mechanic lien; LLC / corp owner; New this week,Harris County Clerk,https://www.cclerk.hctx.net/applications/websearch/RP.aspx
VILLAGES,ON GRANT HOMEOWNERS ASSOCIATION INC,610 COLQUITT ST,HOUSTON,TX,77006-5524,610 COLQUITT ST,HOUSTON,TX,77006,Lien,LIEN,2026-09-29,RP-2026-395130,,70,Mechanic lien; LLC / corp owner; New this week,Harris County Clerk,https://www.cclerk.hctx.net/applications/websearch/RP.aspx
VILLAGES,ON GRANT HOMEOWNERS ASSOCIATION INC,14618 BECURTESY CT,CYPRESS,TX,77429-5431,9303 HAMMERLY BLVD 806,HOUSTON,TX,77080,Lien,LIEN,2026-09-29,RP-2026-395129,,70,Mechanic lien; LLC / corp owner; New this week,Harris County Clerk,https://www.cclerk.hctx.net/applications/websearch/RP.aspx
VILLAGES,ON GRANT HOMEOWNERS ASSOCIATION INC,12623 IMPERIAL CROSSING DR,TOMBALL,TX,77377-4029,12623 IMPERIAL CROSSING DR,TOMBALL,TX,77377,Lien,LIEN,2026-09-29,RP-2026-395128,,70,Mechanic lien; LLC / corp owner; New this week,Harris County Clerk,https://www.cclerk.hctx.net/applications/websearch/RP.aspx
GREENSBROOK,COMMUNITY ASSOCIATION INC,12334 GREENCANYON DR,HOUSTON,TX,77044-5112,12334 GREENCANYON DR,HOUSTON,TX,77044,Lien,LIEN,2026-09-29,RP-2026-393968,,70,Mechanic lien; LLC / corp owner; New this week,Harris County Clerk,https://www.cclerk.hctx.net/applications/websearch/RP.aspx
GREENSBROOK,COMMUNITY ASSOCIATION INC,5718 COBALT ST,HOUSTON,TX,77016-1714,5718 COBALT ST,HOUSTON,TX,77016,Lien,LIEN,2026-09-29,RP-2026-393967,,70,Mechanic lien; LLC / corp owner; New this week,Harris County Clerk,https://www.cclerk.hctx.net/applications/websearch/RP.aspx
GREENSBROOK,COMMUNITY ASSOCIATION INC,7024 AVENUE H,HOUSTON,TX,77011-2628,7024 AVENUE H,HOUSTON,TX,77011,Lien,LIEN,2026-09-29,RP-2026-393966,,70,Mechanic lien; LLC / corp owner; New this week,Harris County Clerk,https://www.cclerk.hctx.net/applications/websearch/RP.aspx
GREENSBROOK,COMMUNITY ASSOCIATION INC,12318 GREENCANYON DR,HOUSTON,TX,77044-5112,12318 GREENCANYON DR,HOUSTON,TX,77044,Lien,LIEN,2026-09-29,RP-2026-393965,,70,Mechanic lien; LLC / corp owner; New this week,Harris County Clerk,https://www.cclerk.hctx.net/applications/websearch/RP.aspx
GREENSBROOK,COMMUNITY ASSOCIATION INC,14426 FLAIR DR,HOUSTON,TX,77049-3815,12310 GREENCANYON DR,HOUSTON,TX,77044,Lien,LIEN,2026-09-29,RP-2026-393964,,70,Mechanic lien; LLC / corp owner; New this week,Harris County Clerk,https://www.cclerk.hctx.net/applications/websearch/RP.aspx
GREENSBROOK,COMMUNITY ASSOCIATION INC,11819 GREEN CORAL DR,HOUSTON,TX,77044-7197,11819 GREEN CORAL DR,HOUSTON,TX,77044,Lien,LIEN,2026-09-29,RP-2026-393962,,70,Mechanic lien; LLC / corp owner; New this week,Harris County Clerk,https://www.cclerk.hctx.net/applications/websearch/RP.aspx
GREENSBROOK,COMMUNITY ASSOCIATION INC,12215 GREENSBROOK FOREST DR,HOUSTON,TX,77044-7267,12215 GREENSBROOK FOREST DR,HOUSTON,TX,77044,Lien,LIEN,2026-09-29,RP-2026-393961,,70,Mechanic lien; LLC / corp owner; New this week,Harris County Clerk,https://www.cclerk.hctx.net/applications/websearch/RP.aspx
GREENSBROOK,COMMUNITY ASSOCIATION INC,12323 GREENSBROOK FOREST DR,HOUSTON,TX,77044-7266,12323 GREENSBROOK FOREST DR,HOUSTON,TX,77044,Lien,LIEN,2026-09-29,RP-2026-393960,,70,Mechanic lien; LLC / corp owner; New this week,Harris County Clerk,https://www.cclerk.hctx.net/applications/websearch/RP.aspx
GREENSBROOK,COMMUNITY ASSOCIATION INC,12327 GREENSBROOK FOREST DR,HOUSTON,TX,77044-7266,12327 GREENSBROOK FOREST DR,HOUSTON,TX,77044,Lien,LIEN,2026-09-29,RP-2026-393959,,70,Mechanic lien; LLC / corp owner; New this week,Harris County Clerk,https://www.cclerk.hctx.net/applications/websearch/RP.aspx
GREENSBROOK,COMMUNITY ASSOCIATION INC,13415 BEALL WOODS LN,HUMBLE,TX,77346-3947,11803 GREEN CORAL DR,HOUSTON,TX,77044,Lien,LIEN,2026-09-29,RP-2026-393958,,70,Mechanic lien; LLC / corp owner; New this week,Harris County Clerk,https://www.cclerk.hctx.net/applications/websearch/RP.aspx
GLOBAL,HEALTHCARE ALLIANCE INC,PO BOX 1386,HOUSTON,TX,77251-1386,0 COMMERCE ST,HOUSTON,TX,77002,Lien,LIEN,2026-09-29,RP-2026-393701,,70,Mechanic lien; LLC / corp owner; New this week,Harris County Clerk,https://www.cclerk.hctx.net/applications/websearch/RP.aspx
DUI,INC,PO BOX 1386,HOUSTON,TX,77251-1386,0 COMMERCE ST,HOUSTON,TX,77002,Lien,LIEN,2026-09-29,RP-2026-393700,,70,Mechanic lien; LLC / corp owner; New this week,Harris County Clerk,https://www.cclerk.hctx.net/applications/websearch/RP.aspx
HAUL,LANE MANUFACTURING INC,PO BOX 1386,HOUSTON,TX,77251-1386,0 COMMERCE ST,HOUSTON,TX,77002,Lien,LIEN,2026-09-29,RP-2026-393699,,70,Mechanic lien; LLC / corp owner; New this week,Harris County Clerk,https://www.cclerk.hctx.net/applications/websearch/RP.aspx
MAANKEE,HOSPITALITY LLC,PO BOX 1386,HOUSTON,TX,77251-1386,0 COMMERCE ST,HOUSTON,TX,77002,Lien,LIEN,2026-09-29,RP-2026-393698,,70,Mechanic lien; LLC / corp owner; New this week,Harris County Clerk,https://www.cclerk.hctx.net/applications/websearch/RP.aspx
RAPIDO,INSPECTIONS LLC,14000 HORIZON WAY STE 100,MOUNT LAUREL,NJ,08054-4342,1211 SPENCER HWY,SOUTH HOUSTON,TX,77587,Lien,LIEN,2026-09-29,RP-2026-393697,,70,Mechanic lien; LLC / corp owner; New this week,Harris County Clerk,https://www.cclerk.hctx.net/applications/websearch/RP.aspx
CARMAX,AUTO SUPERSTORES INC,12800 TUCKAHOE CREEK PKWY,RICHMOND,VA,23238-1115,21530 KATY FWY,KATY,TX,77449,Abstract of Judgment,A/J,2026-10-02,RP-2026-402043,,70,Judgment lien; LLC / corp owner; New this week,Harris County Clerk,https://www.cclerk.hctx.netEComm/ViewEdocs.aspx?ID=ihpahpMbvcoWkF5RdbzIVW8SgtfTr/20tw8JxztCRm5vi84pgeWbJhVNV5cMNYZEYMLaKLrnqLmOp8fSVAmlEpFP+2goKImSn6uCSmF3gmU4IXQq3GvqIgvG6XS5AUmFgTv10mNNkySGSkXEvQIbHw==
CITY,COMMUNITY ASSOCIATION INC,3014 MAUGHAN HEIGHTS TRL,HOUSTON,TX,77047-2042,3014 MAUGHAN HEIGHTS TRL,HOUSTON,TX,77047,Abstract of Judgment,A/J,2026-10-02,RP-2026-401706,,70,Judgment lien; LLC / corp owner; New this week,Harris County Clerk,https://www.cclerk.hctx.netEComm/ViewEdocs.aspx?ID=ihpahpMbvcoWkF5RdbzIVYDYUBTgtmo8ALxj9VYLy1CMii4Q+u0Nt98F8+9//9g63FdkSr8rVEGgNEi3VooInAfbtWbR0W5vQxOD3PnsDd2ip9EQ4v6MPEIsjYkARL7AV4X9A5rKe84LrwSEc7X+rQ==
KINGS,LAKE FOREST HOMEOWNERS ASSOCIATION INC,17319 SAN PEDRO AVE STE 318,SAN ANTONIO,TX,78232-1443,12100 KINGSLAKE FOREST DR,HOUSTON,TX,77044,Abstract of Judgment,A/J,2026-10-02,RP-2026-401453,,70,Judgment lien; LLC / corp owner; New this week,Harris County Clerk,https://www.cclerk.hctx.netEComm/ViewEdocs.aspx?ID=ihpahpMbvcoWkF5RdbzIVS9yJaNOX9LIqQYUJUa6aX0Bfy+v6kpeHNBFHovtp3PTO1r/QUM0T/qakGg7RhOYBF3KnM9msukD4AcB24exU51dYpW4mFnT5BfgFCess8WTuj7B2sSeBrTzIdlEb/PASw==
TIMBER,CROSSING RESIDENTIAL COMMUNITY INC,407 GLADSTELL ST,CONROE,TX,77301-4228,6869 ARTO ST 123,HOUSTON,TX,77093,Abstract of Judgment,A/J,2026-10-02,RP-2026-401263,,70,Judgment lien; LLC / corp owner; New this week,Harris County Clerk,https://www.cclerk.hctx.netEComm/ViewEdocs.aspx?ID=ihpahpMbvcoWkF5RdbzIVX3FImv+9WTkv+zqyV1IJ5rvZpyNq0C0H1pqQfzrA0TFNSuzuFZrmkeumOpKnQI/Y62Qk7O9hslwrHyFyW1nOEC3mM8OrYEoBqPqPv1SmwHguEU2huOSUqyfvQFHSgsU8A==
TIMBER,CROSSING RESIDENTIAL COMMUNITY INC,407 GLADSTELL ST,CONROE,TX,77301-4228,6869 ARTO ST 123,HOUSTON,TX,77093,Abstract of Judgment,A/J,2026-10-02,RP-2026-401262,,70,Judgment lien; LLC / corp owner; New this week,Harris County Clerk,https://www.cclerk.hctx.netEComm/ViewEdocs.aspx?ID=ihpahpMbvcoWkF5RdbzIVdKOazvYRxxzUxe2LkYLg1e6ZINLF0+Ue5Yxtg6rWofcRBc95xqDKbbyEKNsbgCHSiUhPeMfo+lV0uN/9OwN0EzieDTr3QE9X+FssgMLQ1QsE30NiVrJnaZvn9yiMf//ow==
BRIDGES,ON LAKE HOUSTON COMMUNITY ASSOCIATION INC,2204 TIMBERLOCH PL UNIT 180,SPRING,TX,77380-1192,14818 WILL CLAYTON PKWY,HOUSTON,TX,77044,Abstract of Judgment,A/J,2026-10-02,RP-2026-401260,,70,Judgment lien; LLC / corp owner; New this week,Harris County Clerk,https://www.cclerk.hctx.netEComm/ViewEdocs.aspx?ID=ihpahpMbvcoWkF5RdbzIVSWsXdcLcXGIWIFABZL9gaME2VjBxsMPs5YUYMMYfFGi64fE9P3f6Warg5nXB/d9EqCRy9KUBZ+vKfropQAQbkdJbsvycV/qHKkPj/aIA7bGXep7bgc8GMDFL+A2hTdL3w==
SPRING,CREEK FOREST CIVIC ASSOCIATION,6842 N SAM HOUSTON PKWY W,HOUSTON,TX,77064-3528,17515 FAIRWAY OAKS DR,SPRING,TX,77379,Abstract of Judgment,A/J,2026-10-02,RP-2026-400222,,70,Judgment lien; LLC / corp owner; New this week,Harris County Clerk,https://www.cclerk.hctx.netEComm/ViewEdocs.aspx?ID=ihpahpMbvcoWkF5RdbzIVQKB4m9vzpOaNuoQsdFrWV74iJyjQcbZWh/vO2Ns/uxn7qJCW7kW6vfNz4+Mk1lGLCif1LB2x1zjhHzU2Gg6aFbwSXtgEw56B+geiuXmzFxf9CQgAp5HuAjqoBOMjG1lew==
HERTZ,CORPORATION,148 TWINLEAF LN,SAN ANTONIO,TX,78213-2515,2120 LOUISIANA ST,HOUSTON,TX,77002,Abstract of Judgment,A/J,2026-10-01,RP-2026-399859,,70,Judgment lien; LLC / corp owner; New this week,Harris County Clerk,https://www.cclerk.hctx.netEComm/ViewEdocs.aspx?ID=ihpahpMbvcoWkF5RdbzIVZOAlwcTBn4GHQmep6DucX/MmLjYLhYjNc88W2My0koGxWucB9BtR31GcKibmXWk06Ilpa3eLvWNNU5RS5yeIl8hf7ZpeWLJ3ack0I9j//+/6DA3xz72m3HtlGNF9oQrDA==
PARKGLEN,WEST COMMUNITY IMPROVEMENT ASSOCIATION,4234 RICHMOND AVE,HOUSTON,TX,77027-6839,10630 KIRKWOOD RD,HOUSTON,TX,77099,Abstract of Judgment,A/J,2026-10-01,RP-2026-399835,,70,Judgment lien; LLC / corp owner; New this week,Harris County Clerk,https://www.cclerk.hctx.netEComm/ViewEdocs.aspx?ID=ihpahpMbvcoWkF5RdbzIVUC364cbetr300j/wy6m8ublnB7PF3n94JLCNrLqcNkvWRumq6pi/BK9zMaiRbsIqOoMuNxyYLwuumnNhcOVYP0RID/g9O2nM1LNZM0VQ5FfXMH/tljx7TSOKVdYhDDcBw==
WAYSIDE,HOMEOWNERS ASSOCIATION INC,PO BOX 43,GALENA PARK,TX,77547-0043,2122 CLINTON DR,GALENA PARK,TX,77547,Abstract of Judgment,A/J,2026-10-01,RP-2026-399726,,70,Judgment lien; LLC / corp owner; New this week,Harris County Clerk,https://www.cclerk.hctx.netEComm/ViewEdocs.aspx?ID=ihpahpMbvcoWkF5RdbzIVRxMZz+ExalXz43U6Q2dWE5i6T+np37ir/0xLjl0ruPvi8CcQL8RreEYsbZEtdH8GePjIlJKRXLwUVP6Pq6VvN5Q2NBycHkHLGuBOQfpbtT1iSUK0M0NzKENUBlPTBuMjg==
ATASCOCITA,COMMUNITY IMPROVEMENT ASSOCIATION,1849 KINGWOOD DR STE 103,KINGWOOD,TX,77339-2974,8810 PINE SHORES DR,HUMBLE,TX,77346,Abstract of Judgment,A/J,2026-10-01,RP-2026-399244,,70,Judgment lien; LLC / corp owner; New this week,Harris County Clerk,https://www.cclerk.hctx.netEComm/ViewEdocs.aspx?ID=ihpahpMbvcoWkF5RdbzIVZDN9Q5D+euV0XB6z64cR/WOtxV59tpsyYRJ8Ma0iW1gz21Tbi5pv2QMxnZKj20GjlmaOlHckhmLoewiLFua1Gdi6zIZOPEOQgB7iqrnga9GQwHhnXHXwR5zC35YeBrslQ==
TRAILWOOD,VILLAGE COMMUNITY ASSOCIATION INC,1075 KINGWOOD DR STE 100,KINGWOOD,TX,77339-3000,0 DEER SPRING DR,HUMBLE,TX,77339,Abstract of Judgment,A/J,2026-10-01,RP-2026-398850,,70,Judgment lien; LLC / corp owner; New this week,Harris County Clerk,https://www.cclerk.hctx.netEComm/ViewEdocs.aspx?ID=ihpahpMbvcoWkF5RdbzIVbeDFkBYEKz7Y22uhWz46iLGxlwH1pye22YvIBkAPD1Icb2Cw33s2t457aSMYJUVcgVj+pIsx/ip0plL1bWUCOqI8sqsbu9GZU5ZNAApIcbzYFL2YlwWer02hpBB7VHVeQ==
WATERHILL,HOMES ON COMMERCE STREET COMMUNITY ASSOCIATION,720 N POST OAK RD STE 300,HOUSTON,TX,77024-3834,0 JACKSON HILL ST,HOUSTON,TX,77007,Abstract of Judgment,A/J,2026-10-01,RP-2026-398830,,70,Judgment lien; LLC / corp owner; New this week,Harris County Clerk,https://www.cclerk.hctx.netEComm/ViewEdocs.aspx?ID=ihpahpMbvcoWkF5RdbzIVbDZ7YSoeoWAP/SL9fBT3WITbT7cV2hH4bvg23CJdDWjhW8XlPD0OmM60onDhIdm5H/A1iZetZ+hr6tf12z6nJBEp/34pc1g5aR2SXJ3gkQtZl9SKP1XRM8p3Ef3z20+Mw==
WOODLAND,OAKS COMMUNITY ASSOCIATION,7851 BATTLECREEK DR,HOUSTON,TX,77040-2725,7851 BATTLECREEK DR,HOUSTON,TX,77040,Abstract of Judgment,A/J,2026-10-01,RP-2026-398660,,70,Judgment lien; LLC / corp owner; New this week,Harris County Clerk,https://www.cclerk.hctx.netEComm/ViewEdocs.aspx?ID=ihpahpMbvcoWkF5RdbzIVRZ+h9x5cE/gf6iaIhb1sdx7dDmYQJ3HZxBFZ7Ed5fWCydgigHPI3rJpqSAHwraiGpVrFTtpHwaSGLpap1IzvEuWlq25fRW23w6XOIYXC29jHuT2330y9JPL4U0kyhmMyQ==
MIDLAND,CREDIT MANAGEMENT INC,22311 TAREN CT,TOMBALL,TX,77375-1177,22311 TAREN CT,TOMBALL,TX,77375,Abstract of Judgment,A/J,2026-10-01,RP-2026-398648,,70,Judgment lien; LLC / corp owner; New this week,Harris County Clerk,https://www.cclerk.hctx.netEComm/ViewEdocs.aspx?ID=ihpahpMbvcoWkF5RdbzIVc4kAmglDojUaaBBDWuSzsIDn63rZsP/lV4G+Ii4PxFF6nJaqb65xVEla9Iqx2SWSkIYge8HiNbjpI6fc0zIjk9OrebN4NsT34SA65l309eKX8tLQ7Ekcz9LJRjjxPCs0w==
MIDLAND,CREDIT MANAGEMENT INC,3539 BARKERS CROSSING AVE,HOUSTON,TX,77084-7635,3539 BARKERS CROSSING AVE,HOUSTON,TX,77084,Abstract of Judgment,A/J,2026-10-01,RP-2026-398586,,70,Judgment lien; LLC / corp owner; New this week,Harris County Clerk,https://www.cclerk.hctx.netEComm/ViewEdocs.aspx?ID=ihpahpMbvcoWkF5RdbzIVcqMS8fdS2bB1qGOq6+8BdiE3vEoLiYbe8yBfSafXBygygu7KiJWSrOc7iBTg7yWFXXBDozsxAAJk9hT+gtUaiHzKEKtsBbsHDhjAZ/WHhSIL1KlHu0BX19NHVw/ZqdrYg==
WILLIAM,R WEISS ENTERPRISES INC,5211 FOUNTAINBRIDGE LN,HOUSTON,TX,77069-1914,5211 FOUNTAINBRIDGE LN,HOUSTON,TX,77069,Abstract of Judgment,A/J,2026-10-01,RP-2026-398228,,70,Judgment lien; LLC / corp owner; New this week,Harris County Clerk,https://www.cclerk.hctx.netEComm/ViewEdocs.aspx?ID=ihpahpMbvcoWkF5RdbzIVd00oXZtMRPM6rPNKMKRNki2YlzFiVuSoDuc+0lwDliJIrKmnuouRnbT5k1R8jOAL/vMlfWUykNbRqZOXRt0m7nlhv/EzzaCs/WLWlRkZjvVgP05m672wWQrSL4EeEBtpA==
ELM,GROVE VILLAGE COMMUNITY ASSOCIATION,5050 QUORUM DR STE 225,DALLAS,TX,75254-7022,3219 CASCADE CREEK DR,HUMBLE,TX,77339,Abstract of Judgment,A/J,2026-10-01,RP-2026-397851,,70,Judgment lien; LLC / corp owner; New this week,Harris County Clerk,https://www.cclerk.hctx.netEComm/ViewEdocs.aspx?ID=ihpahpMbvcoWkF5RdbzIVYEZLjKibwz7qNyaLnL+LoASIoxuRCjIRcfZF2LEMUXrvZqXiCqThL9QlBhFxUfasfO4/DZ4QUl9uRBxfCrz8Wc2jnFUeysWsUXTVmDpdv4u9j9lcH48my+dt6+a9k2PZw==
WELLS,FARGO CLEARING SERVICES LLC,714 PLUMBRIDGE LN,SUGAR LAND,TX,77479-4330,801 TRAVIS ST,HOUSTON,TX,77002,Abstract of Judgment,A/J,2026-09-30,RP-2026-396913,,70,Judgment lien; LLC / corp owner; New this week,Harris County Clerk,https://www.cclerk.hctx.netEComm/ViewEdocs.aspx?ID=ihpahpMbvcoWkF5RdbzIVY0r6DDX+4nc24rlaJO2gLup0jD6TA8PlBXg06luL0AUtuVldBkjx/qDDwtCzHW4SjOn4OYHYN99E6f6EspqLgy71F1cbH5t+iqOvFnR2CHQ15ypAeyJ+MqSGDfqUFk1Hg==
MATSON,TEXAS DEVELOPMENT LLC,3205 TYLER CT,FRIENDSWOOD,TX,77546-5678,2114 EL DORADO BLVD,FRIENDSWOOD,TX,77546,Abstract of Judgment,A/J,2026-09-30,RP-2026-396792,,70,Judgment lien; LLC / corp owner; New this week,Harris County Clerk,https://www.cclerk.hctx.netEComm/ViewEdocs.aspx?ID=ihpahpMbvcoWkF5RdbzIVYuWj8adBnzNrjqmSEQAhpa4onGHG6wiHWI/Zs+SLP7htldHP1Tikb809OQDh5BxhT+osXmBccxsjO+KHlLuaMkMMutJHXGui7ruXkF0+k37N8PTA23dc2mlQrctKXRyQw==
LUCKY,PROPERTY IRVING LLC,1310 LEWISVILLE CLEMMONS RD,LEWISVILLE,NC,27023-9635,8302 JOHN RALSTON RD,HOUSTON,TX,77044,Abstract of Judgment,A/J,2026-09-30,RP-2026-396582,,70,Judgment lien; LLC / corp owner; New this week,Harris County Clerk,https://www.cclerk.hctx.netEComm/ViewEdocs.aspx?ID=ihpahpMbvcoWkF5RdbzIVbGI3q+GycxRPNRYL6uevXmB8fN1qIoM2vFRbLGmdmtCnEYR08c8mnBuZPFbAJHmKuFLUyFTt/+gxij7jek9IZvYJzwq0uJ1PlrYOh9gNBK8KY5xlMfrfdqCvBappxhIMA==
EQUIPMENT,DEPOT TEXAS INC,12001 N CENTRAL EXPY STE 200,DALLAS,TX,75243-3937,16330 AIR CENTER BLVD,HOUSTON,TX,77032,Abstract of Judgment,A/J,2026-09-30,RP-2026-396340,,70,Judgment lien; LLC / corp owner; New this week,Harris County Clerk,https://www.cclerk.hctx.netEComm/ViewEdocs.aspx?ID=ihpahpMbvcoWkF5RdbzIVTYIKv0GPLh5r8RpIK1ZhiFbVbjR4MqzkpfzhNy3CLDuEHtLxtqUHyuOk8xX171r2EAp+BP9QDAQ+aeQ6V3st7mWCRntt4XnDvn7w00NHl5yqWojFDhIY6WuCkaGamBCfQ==
MIDLAND,CREDIT MANAGEMENT INC,13114 GLADDEN DR,HOUSTON,TX,77049-2914,13029 FERNWAY LN,HOUSTON,TX,77049,Abstract of Judgment,A/J,2026-09-30,RP-2026-396311,,70,Judgment lien; LLC / corp owner; New this week,Harris County Clerk,https://www.cclerk.hctx.netEComm/ViewEdocs.aspx?ID=ihpahpMbvcoWkF5RdbzIVU19mkl+EaTNIg8YVZO7h4eqTQ4V6U/kgiofoWyUqHj4DOWgE31EYMebznFzPZJc0YNJUrEykaNoiYXke3Dk7FjE4JeDN8sLcK6TN8g+iI7/TxR1g0kHDmbT9/Ssr7kV5A==
U,S BANK NATIONAL ASSOCIATION,323 5TH ST,EUREKA,CA,95501-0305,231 GRUSS DR,HOUSTON,TX,77060,Abstract of Judgment,A/J,2026-09-30,RP-2026-395948,,70,Judgment lien; LLC / corp owner; New this week,Harris County Clerk,https://www.cclerk.hctx.netEComm/ViewEdocs.aspx?ID=ihpahpMbvcoWkF5RdbzIVRD9rxsWF6ctECwimOI+Rzv4xJT5RXM3MRA49MZe4UZH5FchVEGucDio6S2w8WFGdw4cyZrn6jWdmaWP94+WZnMfvKlhrPfInNcBFsM3oSMP0l49ftySHPCqH7Zp7PgP0Q==
TEXAS,MATERIALS GROUP INC,16546 MCCORMICK DR,HOUSTON,TX,77095-4977,7910 AVENUE F,HOUSTON,TX,77012,Abstract of Judgment,A/J,2026-09-30,RP-2026-395753,,70,Judgment lien; LLC / corp owner; New this week,Harris County Clerk,https://www.cclerk.hctx.netEComm/ViewEdocs.aspx?ID=ihpahpMbvcoWkF5RdbzIVe/LKSYuT2EbZj5be0fNIPBdUNBgcIuvGO27UbfYpCL7VXztUz6qwfJEuRRaSyUomCDlpgcs/c2Rxpvnrn0BZykCXngPKhlRotOpP0V+1A0KwP8QKHZJl9fUu5jQOjwjEA==
CAVALRY,SPV I LLC,7614 NARCISSUS ST,HOUSTON,TX,77012-3513,7614 NARCISSUS ST,HOUSTON,TX,77012,Abstract of Judgment,A/J,2026-09-29,RP-2026-395345,,70,Judgment lien; LLC / corp owner; New this week,Harris County Clerk,https://www.cclerk.hctx.netEComm/ViewEdocs.aspx?ID=ihpahpMbvcoWkF5RdbzIVaKrDQjky/v9Heva3Nv7/AyZAqgtfuBRzsv8MPAanIBfeqQFx3vGVn+BDKqeoPSeaewR9vEcnnFQTzX22zpoilpNiUNJYCCH/HKA036PkCx2arIX6d/uqf6cBwgoQhBLkQ==
CAVALRY,SPV I LLC,11927 SEGREST DR,HOUSTON,TX,77047-1619,11927 SEGREST DR,HOUSTON,TX,77047,Abstract of Judgment,A/J,2026-09-29,RP-2026-395339,,70,Judgment lien; LLC / corp owner; New this week,Harris County Clerk,https://www.cclerk.hctx.netEComm/ViewEdocs.aspx?ID=ihpahpMbvcoWkF5RdbzIVQ2WwGCR2JxM4uwJp8oU0LQsUMEt4kR+sV/CtDTjUP/H0mdw4VU7/dOeuBZuVDqSR0R4ExaZE4sLBlY5LdqBhL50Xzr5AqbmOzU/ozUNnbNnFDjOP2mWFsZa5Pw21FDKgg==
MIDLAND,CREDIT MANAGEMENT INC,8218 OBSERVATORY ST,HOUSTON,TX,77088-5730,8218 OBSERVATORY ST,HOUSTON,TX,77088,Abstract of Judgment,A/J,2026-09-29,RP-2026-395284,,70,Judgment lien; LLC / corp owner; New this week,Harris County Clerk,https://www.cclerk.hctx.netEComm/ViewEdocs.aspx?ID=ihpahpMbvcoWkF5RdbzIVZr8m7QrPNX9I0lIGSzq5EoNRjXbxLtUe3BaEEf+pj2PqEM4NPBRIfUtolA8vN+SIXFIDBO192Ke/MCMlCWMPlqR1Ebp4NmN6xPg7qqR8A+iJqFwN/0o+W12672Ilf83iQ==
MIDLAND,CREDIT MANAGEMENT INC,13610 MANSOR DR,HOUSTON,TX,77041-6822,13610 MANSOR DR,HOUSTON,TX,77041,Abstract of Judgment,A/J,2026-09-29,RP-2026-395282,,70,Judgment lien; LLC / corp owner; New this week,Harris County Clerk,https://www.cclerk.hctx.netEComm/ViewEdocs.aspx?ID=ihpahpMbvcoWkF5RdbzIVfHt+KTwPhQVneMYRX5mKWzF+PlpBgDt80zUnnkScBBYqdz31azrjIXBq18HROYZzEgjhnxmdUy4bybkn0hlSdAbNWVIG+5mgMqQSMxkzYPZXhS1vGuJDKSsRKHxCmWp6w==
MIDLAND,CREDIT MANAGEMENT INC,2214 WINDING HOLLOW DR,KATY,TX,77450-5602,2214 WINDING HOLLOW LN,KATY,TX,77450,Abstract of Judgment,A/J,2026-09-29,RP-2026-395281,,70,Judgment lien; LLC / corp owner; New this week,Harris County Clerk,https://www.cclerk.hctx.netEComm/ViewEdocs.aspx?ID=ihpahpMbvcoWkF5RdbzIVVdbnO9hvVCZgPgK8nVeBh+EbCORKbHzC2eS6kk0q4MeZHEfzZ7hfMwVW2u3AYUTgle+iEj+hzsolQstPOBjIYV6eOFvCj5qyJ+hDCXaCOvEP6VEZOVdEpp1Kl85s6ztEw==
MIDLAND,CREDIT MANAGEMENT INC,6110 ALLENTOWN DR,SPRING,TX,77389-3787,11515 BROOKLYN ST,HOUSTON,TX,77093,Abstract of Judgment,A/J,2026-09-29,RP-2026-395280,,70,Judgment lien; LLC / corp owner; New this week,Harris County Clerk,https://www.cclerk.hctx.netEComm/ViewEdocs.aspx?ID=ihpahpMbvcoWkF5RdbzIVeBQojS2LIzyJ0vvWdDQM3RErBQnWiUH4VV29KvdBWwkYRfqiEFt0wQPlNtIrzf6wFfKrsMOpsLPADRQmNETvgqy6flFIvtJ8Zp3e+poRbxG2VxdOx5povwxadH4aVkolQ==
MIDLAND,CREDIT MANAGEMENT INC,6917 CORNERSTONE RD,ODESSA,TX,79765-2525,10101 RUMAR LN,HOUSTON,TX,77029,Abstract of Judgment,A/J,2026-09-29,RP-2026-395279,,70,Judgment lien; LLC / corp owner; New this week,Harris County Clerk,https://www.cclerk.hctx.netEComm/ViewEdocs.aspx?ID=ihpahpMbvcoWkF5RdbzIVSPOOoa+PoI4y5kOBBtVfcqUWH/PVGB0rXMgoZ7ybuNZWL81qkgfjR1LXhaYUyA9dO7tvGEHu6hgHaKvuh7yuYRZnAoBu+kF1WLt/cARYKvvoAGLCbHIQau+3ZLOlo83wQ==
MIDLAND,CREDIT MANAGEMENT INC,4123 FOREST RAIN LN,HUMBLE,TX,77346-4555,4123 FOREST RAIN LN,HUMBLE,TX,77346,Abstract of Judgment,A/J,2026-09-29,RP-2026-395278,,70,Judgment lien; LLC / corp owner; New this week,Harris County Clerk,https://www.cclerk.hctx.netEComm/ViewEdocs.aspx?ID=ihpahpMbvcoWkF5RdbzIVfZqPyVKfVPK9aCIF4Xeq0Y6MnJvsYJauhj5Ru2B3NKT7tuF1P1qgNPhh8IhwE6E2oSWz5sD/ZVzf+1gfV4ah8Z2TKAoXSYlbAdELqg8nYyoYd1nQ8YMVXEE6UfjQ9XFRA==
MIDLAND,CREDIT MANAGEMENT INC,7943 CYPRESS EDGE DR,CYPRESS,TX,77433-6670,7943 CYPRESS EDGE DR,CYPRESS,TX,77433,Abstract of Judgment,A/J,2026-09-29,RP-2026-395277,,70,Judgment lien; LLC / corp owner; New this week,Harris County Clerk,https://www.cclerk.hctx.netEComm/ViewEdocs.aspx?ID=ihpahpMbvcoWkF5RdbzIVV0kFmZJ4JcRqN7oGF/MQEjhLPrDYYtyN0uq0x53SSp0ebGx3lq6RNogUvKJY63zQ6aktC6n24JBaEJ1ofOYHXwGIDxVTCvQsay6zo1sn5pKgOEbwXmgli6dw4C/luHs8A==
MIDLAND,CREDIT MANAGEMENT INC,13303 NOBLECREST DR,HOUSTON,TX,77041-1872,4323 BUSIEK ST,HOUSTON,TX,77022,Abstract of Judgment,A/J,2026-09-29,RP-2026-395276,,70,Judgment lien; LLC / corp owner; New this week,Harris County Clerk,https://www.cclerk.hctx.netEComm/ViewEdocs.aspx?ID=ihpahpMbvcoWkF5RdbzIVYyOdE1XTbrzczLjStp86HeUUcuQgZu/f+b/4Tmv8ld6TghiuEOzZVyojajpzFi8eT75jjH9KFYyYOesPSZpPz7V/BeTksIpjv2HGDbMdJv/GA5KZcQvnxGyAMIkLJgHQw==
S-G,II OWNERS ASSOCIATION INC,11000 CORPORATE CENTRE DR STE 150,HOUSTON,TX,77041-5179,0 FRY RD,CYPRESS,TX,77433,Abstract of Judgment,A/J,2026-09-29,RP-2026-395089,,70,Judgment lien; LLC / corp owner; New this week,Harris County Clerk,https://www.cclerk.hctx.netEComm/ViewEdocs.aspx?ID=ihpahpMbvcoWkF5RdbzIVc+MVmqVJS4BgpbW0syq8ZsnQbDLjPq8tqeNFixxBokkpWnCGPgtv9s9/t3/CqjGZKHhozV9iqP5VADUa9OAz7NnCoOdZxaoYBnJOkhIgt5WvOetaE0nZtydfWzY6GGBLg==
KINGFIELD,HOMEOWNERS ASSOCIATION INC,17171 PARK ROW DR STE 310,HOUSTON,TX,77084-,0 DUTTON CLOVER DR,HOUSTON,TX,77084,Abstract of Judgment,A/J,2026-09-29,RP-2026-395082,,70,Judgment lien; LLC / corp owner; New this week,Harris County Clerk,https://www.cclerk.hctx.netEComm/ViewEdocs.aspx?ID=ihpahpMbvcoWkF5RdbzIVeMQPdfngChpslyEIyzwXJisbCKVIz6yT+GxvHQfTk0vbPaW+/Ea0KQQANsvcfZx3blsElYtIe3CfHfDErTFpe6kA7YcRG79A8HW9XAVIAemXdwJmUYGhdmBFTrQyZDpqw==
TEXAS,FIRST CAPITAL FUND III INC,PO BOX 188,FULSHEAR,TX,77441-0188,6810 BLEKER ST,HOUSTON,TX,77016,Abstract of Judgment,A/J,2026-09-29,RP-2026-394399,,70,Judgment lien; LLC / corp owner; New this week,Harris County Clerk,https://www.cclerk.hctx.netEComm/ViewEdocs.aspx?ID=ihpahpMbvcoWkF5RdbzIVYuDzV4P6QYLbrS/z9CMihy87+4exeXyvpCWoFeJUsarBJhiSafkwepB5HuP6tADCcbBqYyW6NrnPlqFhgmCcRVzP1ZohOshfuKdObOztaNEatq9zVxOO9TBMPdkhhLy9A==
CAVALRY,SPV I LLC,8507 GLENN LEIGH DR,SPRING,TX,77379-2773,8507 GLENN LEIGH DR,SPRING,TX,77379,Abstract of Judgment,A/J,2026-09-29,RP-2026-394260,,70,Judgment lien; LLC / corp owner; New this week,Harris County Clerk,https://www.cclerk.hctx.netEComm/ViewEdocs.aspx?ID=ihpahpMbvcoWkF5RdbzIVZzKn9OLTaoj6AGkmkMy3kVrssb4tQoDbczMjKSmmKZ/n7m2MJJmqaTT/Xe6CknAAWZ/+QtwnfEnjgx8IY9HSar/p7KRuHD6MbuR8h5dEvYYtqUUr6gBMclTwYY5JK1bVQ==
MIDLAND,CREDIT MANAGEMENT INC,7037 CONLEY ST,HOUSTON,TX,77021-4809,7037 CONLEY ST,HOUSTON,TX,77021,Abstract of Judgment,A/J,2026-09-29,RP-2026-394201,,70,Judgment lien; LLC / corp owner; New this week,Harris County Clerk,https://www.cclerk.hctx.netEComm/ViewEdocs.aspx?ID=ihpahpMbvcoWkF5RdbzIVZIFVkEQFf9DKUrDb96Q2qBqEdY0mMOl2c5/zysHtoGDBSR+MtVu5KkFhInt5qvfvf5KN9aod+Iwo3n5yCMi8wmiJp1F4tDl6W1cTFjL0S3XcBQOjqCou7i6ZbEQpU/JRA==
MIDLAND,CREDIT MANAGEMENT INC,7202 BARKER CYPRESS RD STE 9201,CYPRESS,TX,77433-2925,10130 PEARCE ST,HOUSTON,TX,77064,Abstract of Judgment,A/J,2026-09-29,RP-2026-394200,,70,Judgment lien; LLC / corp owner; New this week,Harris County Clerk,https://www.cclerk.hctx.netEComm/ViewEdocs.aspx?ID=ihpahpMbvcoWkF5RdbzIVaPhbl/aWnIv74KMYLvtFmb09Mw9qwlg9aQ5fj5kiad9XCPEXDjnyHz6oCMA7v4T4f0IOf95HJhmqov5TGcp99I02nusty+fBShMSRof68gFmiYVgV3vdSrLFEOBImPLaA==
MIDLAND,CREDIT MANAGEMENT INC,22224 SYCAMORE RIVER DR,PORTER,TX,77365-7392,11650 LAKESIDE PARK DR UNIT 317,HOUSTON,TX,77077,Abstract of Judgment,A/J,2026-09-29,RP-2026-394197,,70,Judgment lien; LLC / corp owner; New this week,Harris County Clerk,https://www.cclerk.hctx.netEComm/ViewEdocs.aspx?ID=ihpahpMbvcoWkF5RdbzIVQH4uzLCDkgOQ6C/XL3ERgH+y1ux2BSd8Ea48dOFggf3mJm34QUq2GSuaPihNT0Lzg/oJ44RPWyhWEIaJgP3nKXEomrQGoy2yjVZWPj1e3Ldsg1AS3OeWOqefYDMVPXriA==
MIDLAND,CREDIT MANAGEMENT INC,1004 MINNESOTA ST,SOUTH HOUSTON,TX,77587-4947,1004 MINNESOTA ST,SOUTH HOUSTON,TX,77587,Abstract of Judgment,A/J,2026-09-29,RP-2026-394196,,70,Judgment lien; LLC / corp owner; New this week,Harris County Clerk,https://www.cclerk.hctx.netEComm/ViewEdocs.aspx?ID=ihpahpMbvcoWkF5RdbzIVaNVMqvNMm4FV0ztmvFEMdlSU7BbLWfdDJSzaVEH/XBw27RQ9lvJBr77+vBoVfKfHKejrpZU1TpB+1g4OUenDBmXpUJ1NrSDsWjahgB8HzDjVOv6FOAXR557HDRe4cdEIg==
MIDLAND,CREDIT MANAGEMENT INC,11203 MARSEILLIES LN,HOUSTON,TX,77082-2747,10311 MEADOW LAKE LN,HOUSTON,TX,77042,Abstract of Judgment,A/J,2026-09-29,RP-2026-394193,,70,Judgment lien; LLC / corp owner; New this week,Harris County Clerk,https://www.cclerk.hctx.netEComm/ViewEdocs.aspx?ID=ihpahpMbvcoWkF5RdbzIVYpEzs3MM8yAywmGO4UJY9mYg73hPtduTkmxNeKOruK/kW/MUPEGPJOZ0xbU5HOcs8WrspSDu4VVWT3MvXONgQ0p2xvKYvUpVlzYcbO6MeFTD/KT1U2m51VT46nVfGUgXg==
MIDLAND,CREDIT MANAGEMENT INC,7703 POUTER DR,HOUSTON,TX,77083-5131,7703 POUTER DR,HOUSTON,TX,77083,Abstract of Judgment,A/J,2026-09-29,RP-2026-394192,,70,Judgment lien; LLC / corp owner; New this week,Harris County Clerk,https://www.cclerk.hctx.netEComm/ViewEdocs.aspx?ID=ihpahpMbvcoWkF5RdbzIVQH9vVq4mrGytsgTcXYvIVVz351cmOfTYjvuUmJDuYsV/mMrTqBiGBa3ehMjJqr0/T9RkF17n+yDvo+lNrjWeEDDEiYYCjge04AfvPwmwRovt+kAIpzfjX9XKUZuc5v7mQ==
MIDLAND,CREDIT MANAGEMENT INC,1603 KRISWOOD DR,HOUSTON,TX,77014-3626,1603 KRISWOOD DR,HOUSTON,TX,77014,Abstract of Judgment,A/J,2026-09-29,RP-2026-394191,,70,Judgment lien; LLC / corp owner; New this week,Harris County Clerk,https://www.cclerk.hctx.netEComm/ViewEdocs.aspx?ID=ihpahpMbvcoWkF5RdbzIVSJuFl9B9ehU2ynLFJiEVnLWaHigjDoHvavi1NBtu1Ja+S+1JNCXAU8ELQHrkofTa3sxkdWeBA40UmOrXIWJzzcsIqyDO1iLCEoJPH2upmYXvuVNaooFFw7OCPuot6E9CQ==
MIDLAND,CREDIT MANAGEMENT INC,17314 GLENPATTI DR,HOUSTON,TX,77084-1114,17314 GLENPATTI DR,HOUSTON,TX,77084,Abstract of Judgment,A/J,2026-09-29,RP-2026-394188,,70,Judgment lien; LLC / corp owner; New this week,Harris County Clerk,https://www.cclerk.hctx.netEComm/ViewEdocs.aspx?ID=ihpahpMbvcoWkF5RdbzIVdT6BAnueTpzMqdPQ1SOcOTthgxtfMTVrtWnoSjprP27UxbMdCSReTlb4LJLKgXtmHo58SLsqA4ujiGwYBtT16BtBDF3U869Y9YMid/l7tUf5yXwtqFKrjfSuc3EcvEd2w==
MIDLAND,CREDIT MANAGEMENT INC,2308 NORTH BLVD,HOUSTON,TX,77098-5223,2308 NORTH BLVD,HOUSTON,TX,77098,Abstract of Judgment,A/J,2026-09-29,RP-2026-394187,,70,Judgment lien; LLC / corp owner; New this week,Harris County Clerk,https://www.cclerk.hctx.netEComm/ViewEdocs.aspx?ID=ihpahpMbvcoWkF5RdbzIVQpMIX7BIlg/uyJcTbJZQMHuIziNpySBsXJa18UMaaPBgCtfIZVVkDKfiRJUj8ZLMtcLQGMCF4xF3ORbqwVwggSoBYzITia053uiJk38Cf83BL0zj8jKhYhp8mnnzL61fw==
,,,,TX,,,,TX,,Foreclosure Sale,FRCL,2026-09-01,FRCL-2026-2290,,70,Foreclosure auction scheduled; Pre-foreclosure,Harris County Clerk,https://www.cclerk.hctx.net/applications/websearch/FRCL_R.aspx
,,,,TX,,,,TX,,Foreclosure Sale,FRCL,2026-09-01,FRCL-2026-3493,,70,Foreclosure auction scheduled; Pre-foreclosure,Harris County Clerk,https://www.cclerk.hctx.net/applications/websearch/FRCL_R.aspx
,,,,TX,,,,TX,,Foreclosure Sale,FRCL,2026-09-01,FRCL-2026-3735,,70,Foreclosure auction scheduled; Pre-foreclosure,Harris County Clerk,https://www.cclerk.hctx.net/applications/websearch/FRCL_R.aspx
,,,,TX,,,,TX,,Foreclosure Sale,FRCL,2026-09-01,FRCL-2026-3736,,70,Foreclosure auction scheduled; Pre-foreclosure,Harris County Clerk,https://www.cclerk.hctx.net/applications/websearch/FRCL_R.aspx
,,,,TX,,,,TX,,Foreclosure Sale,FRCL,2026-09-01,FRCL-2026-3900,,70,Foreclosure auction scheduled; Pre-foreclosure,Harris County Clerk,https://www.cclerk.hctx.net/applications/websearch/FRCL_R.aspx
,,,,TX,,,,TX,,Foreclosure Sale,FRCL,2026-09-01,FRCL-2026-3926,,70,Foreclosure auction scheduled; Pre-foreclosure,Harris County Clerk,https://www.cclerk.hctx.net/applications/websearch/FRCL_R.aspx
,,,,TX,,,,TX,,Foreclosure Sale,FRCL,2026-09-01,FRCL-2026-3927,,70,Foreclosure auction scheduled; Pre-foreclosure,Harris County Clerk,https://www.cclerk.hctx.net/applications/websearch/FRCL_R.aspx
,,,,TX,,,,TX,,Foreclosure Sale,FRCL,2026-09-01,FRCL-2026-3995,,70,Foreclosure auction scheduled; Pre-foreclosure,Harris County Clerk,https://www.cclerk.hctx.net/applications/websearch/FRCL_R.aspx
,,,,TX,,,,TX,,Foreclosure Sale,FRCL,2026-09-01,FRCL-2026-3996,,70,Foreclosure auction scheduled; Pre-foreclosure,Harris County Clerk,https://www.cclerk.hctx.net/applications/websearch/FRCL_R.aspx
,,,,TX,,,,TX,,Foreclosure Sale,FRCL,2026-09-01,FRCL-2026-4014,,70,Foreclosure auction scheduled; Pre-foreclosure,Harris County Clerk,https://www.cclerk.hctx.net/applications/websearch/FRCL_R.aspx
,,,,TX,,,,TX,,Foreclosure Sale,FRCL,2026-09-01,FRCL-2026-4066,,70,Foreclosure auction scheduled; Pre-foreclosure,Harris County Clerk,https://www.cclerk.hctx.net/applications/websearch/FRCL_R.aspx
,,,,TX,,,,TX,,Foreclosure Sale,FRCL,2026-09-01,FRCL-2026-4067,,70,Foreclosure auction scheduled; Pre-foreclosure,Harris County Clerk,https://www.cclerk.hctx.net/applications/websearch/FRCL_R.aspx
,,,,TX,,,,TX,,Foreclosure Sale,FRCL,2026-09-01,FRCL-2026-4054,,70,Foreclosure auction scheduled; Pre-foreclosure,Harris County Clerk,https://www.cclerk.hctx.net/applications/websearch/FRCL_R.aspx
,,,,TX,,,,TX,,Foreclosure Sale,FRCL,2026-09-01,FRCL-2026-4055,,70,Foreclosure auction scheduled; Pre-foreclosure,Harris County Clerk,https://www.cclerk.hctx.net/applications/websearch/FRCL_R.aspx
,,,,TX,,,,TX,,Foreclosure Sale,FRCL,2026-09-01,FRCL-2026-4056,,70,Foreclosure auction scheduled; Pre-foreclosure,Harris County Clerk,https://www.cclerk.hctx.net/applications/websearch/FRCL_R.aspx
,,,,TX,,,,TX,,Foreclosure Sale,FRCL,2026-09-01,FRCL-2026-4070,,70,Foreclosure auction scheduled; Pre-foreclosure,Harris County Clerk,https://www.cclerk.hctx.net/applications/websearch/FRCL_R.aspx
,,,,TX,,,,TX,,Foreclosure Sale,FRCL,2026-09-01,FRCL-2026-4097,,70,Foreclosure auction scheduled; Pre-foreclosure,Harris County Clerk,https://www.cclerk.hctx.net/applications/websearch/FRCL_R.aspx
,,,,TX,,,,TX,,Foreclosure Sale,FRCL,2026-09-01,FRCL-2026-4098,,70,Foreclosure auction scheduled; Pre-foreclosure,Harris County Clerk,https://www.cclerk.hctx.net/applications/websearch/FRCL_R.aspx
,,,,TX,,,,TX,,Foreclosure Sale,FRCL,2026-09-01,FRCL-2026-4099,,70,Foreclosure auction scheduled; Pre-foreclosure,Harris County Clerk,https://www.cclerk.hctx.net/applications/websearch/FRCL_R.aspx
,,,,TX,,,,TX,,Foreclosure Sale,FRCL,2026-09-01,FRCL-2026-4100,,70,Foreclosure auction scheduled; Pre-foreclosure,Harris County Clerk,https://www.cclerk.hctx.net/applications/websearch/FRCL_R.aspx
,,,,TX,,,,TX,,Foreclosure Sale,FRCL,2026-09-01,FRCL-2026-4101,,70,Foreclosure auction scheduled; Pre-foreclosure,Harris County Clerk,https://www.cclerk.hctx.net/applications/websearch/FRCL_R.aspx
,,,,TX,,,,TX,,Foreclosure Sale,FRCL,2026-09-01,FRCL-2026-4128,,70,Foreclosure auction scheduled; Pre-foreclosure,Harris County Clerk,https://www.cclerk.hctx.net/applications/websearch/FRCL_R.aspx
,,,,TX,,,,TX,,Foreclosure Sale,FRCL,2026-09-01,FRCL-2026-4168,,70,Foreclosure auction scheduled; Pre-foreclosure,Harris County Clerk,https://www.cclerk.hctx.net/applications/websearch/FRCL_R.aspx
,,,,TX,,,,TX,,Foreclosure Sale,FRCL,2026-09-01,FRCL-2026-4205,,70,Foreclosure auction scheduled; Pre-foreclosure,Harris County Clerk,https://www.cclerk.hctx.net/applications/websearch/FRCL_R.aspx
,,,,TX,,,,TX,,Foreclosure Sale,FRCL,2026-09-01,FRCL-2026-4223,,70,Foreclosure auction scheduled; Pre-foreclosure,Harris County Clerk,https://www.cclerk.hctx.net/applications/websearch/FRCL_R.aspx
,,,,TX,,,,TX,,Foreclosure Sale,FRCL,2026-09-01,FRCL-2026-4224,,70,Foreclosure auction scheduled; Pre-foreclosure,Harris County Clerk,https://www.cclerk.hctx.net/applications/websearch/FRCL_R.aspx
,,,,TX,,,,TX,,Foreclosure Sale,FRCL,2026-09-01,FRCL-2026-4225,,70,Foreclosure auction scheduled; Pre-foreclosure,Harris County Clerk,https://www.cclerk.hctx.net/applications/websearch/FRCL_R.aspx
,,,,TX,,,,TX,,Foreclosure Sale,FRCL,2026-09-01,FRCL-2026-4226,,70,Foreclosure auction scheduled; Pre-foreclosure,Harris County Clerk,https://www.cclerk.hctx.net/applications/websearch/FRCL_R.aspx
,,,,TX,,,,TX,,Foreclosure Sale,FRCL,2026-09-01,FRCL-2026-4227,,70,Foreclosure auction scheduled; Pre-foreclosure,Harris County Clerk,https://www.cclerk.hctx.net/applications/websearch/FRCL_R.aspx
,,,,TX,,,,TX,,Foreclosure Sale,FRCL,2026-09-01,FRCL-2026-4228,,70,Foreclosure auction scheduled; Pre-foreclosure,Harris County Clerk,https://www.cclerk.hctx.net/applications/websearch/FRCL_R.aspx
,,,,TX,,,,TX,,Foreclosure Sale,FRCL,2026-09-01,FRCL-2026-4229,,70,Foreclosure auction scheduled; Pre-foreclosure,Harris County Clerk,https://www.cclerk.hctx.net/applications/websearch/FRCL_R.aspx
,,,,TX,,,,TX,,Foreclosure Sale,FRCL,2026-09-01,FRCL-2026-4230,,70,Foreclosure auction scheduled; Pre-foreclosure,Harris County Clerk,https://www.cclerk.hctx.net/applications/websearch/FRCL_R.aspx
,,,,TX,,,,TX,,Foreclosure Sale,FRCL,2026-09-01,FRCL-2026-4362,,70,Foreclosure auction scheduled; Pre-foreclosure,Harris County Clerk,https://www.cclerk.hctx.net/applications/websearch/FRCL_R.aspx
,,,,TX,,,,TX,,Foreclosure Sale,FRCL,2026-09-01,FRCL-2026-4356,,70,Foreclosure auction scheduled; Pre-foreclosure,Harris County Clerk,https://www.cclerk.hctx.net/applications/websearch/FRCL_R.aspx
,,,,TX,,,,TX,,Foreclosure Sale,FRCL,2026-09-01,FRCL-2026-4337,,70,Foreclosure auction scheduled; Pre-foreclosure,Harris County Clerk,https://www.cclerk.hctx.net/applications/websearch/FRCL_R.aspx
,,,,TX,,,,TX,,Foreclosure Sale,FRCL,2026-09-01,FRCL-2026-4378,,70,Foreclosure auction scheduled; Pre-foreclosure,Harris County Clerk,https://www.cclerk.hctx.net/applications/websearch/FRCL_R.aspx
,,,,TX,,,,TX,,Foreclosure Sale,FRCL,2026-09-01,FRCL-2026-4379,,70,Foreclosure auction scheduled; Pre-foreclosure,Harris County Clerk,https://www.cclerk.hctx.net/applications/websearch/FRCL_R.aspx
,,,,TX,,,,TX,,Foreclosure Sale,FRCL,2026-09-01,FRCL-2026-4380,,70,Foreclosure auction scheduled; Pre-foreclosure,Harris County Clerk,https://www.cclerk.hctx.net/applications/websearch/FRCL_R.aspx
,,,,TX,,,,TX,,Foreclosure Sale,FRCL,2026-09-01,FRCL-2026-4392,,70,Foreclosure auction scheduled; Pre-foreclosure,Harris County Clerk,https://www.cclerk.hctx.net/applications/websearch/FRCL_R.aspx
,,,,TX,,,,TX,,Foreclosure Sale,FRCL,2026-09-01,FRCL-2026-4393,,70,Foreclosure auction scheduled; Pre-foreclosure,Harris County Clerk,https://www.cclerk.hctx.net/applications/websearch/FRCL_R.aspx
,,,,TX,,,,TX,,Foreclosure Sale,FRCL,2026-09-01,FRCL-2026-4394,,70,Foreclosure auction scheduled; Pre-foreclosure,Harris County Clerk,https://www.cclerk.hctx.net/applications/websearch/FRCL_R.aspx
,,,,TX,,,,TX,,Foreclosure Sale,FRCL,2026-09-01,FRCL-2026-4438,,70,Foreclosure auction scheduled; Pre-foreclosure,Harris County Clerk,https://www.cclerk.hctx.net/applications/websearch/FRCL_R.aspx
,,,,TX,,,,TX,,Foreclosure Sale,FRCL,2026-09-01,FRCL-2026-4452,,70,Foreclosure auction scheduled; Pre-foreclosure,Harris County Clerk,https://www.cclerk.hctx.net/applications/websearch/FRCL_R.aspx
,,,,TX,,,,TX,,Foreclosure Sale,FRCL,2026-09-01,FRCL-2026-4454,,70,Foreclosure auction scheduled; Pre-foreclosure,Harris County Clerk,https://www.cclerk.hctx.net/applications/websearch/FRCL_R.aspx
,,,,TX,,,,TX,,Foreclosure Sale,FRCL,2026-09-01,FRCL-2026-4455,,70,Foreclosure auction scheduled; Pre-foreclosure,Harris County Clerk,https://www.cclerk.hctx.net/applications/websearch/FRCL_R.aspx
,,,,TX,,,,TX,,Foreclosure Sale,FRCL,2026-09-01,FRCL-2026-4448,,70,Foreclosure auction scheduled; Pre-foreclosure,Harris County Clerk,https://www.cclerk.hctx.net/applications/websearch/FRCL_R.aspx
,,,,TX,,,,TX,,Foreclosure Sale,FRCL,2026-09-01,FRCL-2026-4468,,70,Foreclosure auction scheduled; Pre-foreclosure,Harris County Clerk,https://www.cclerk.hctx.net/applications/websearch/FRCL_R.aspx
,,,,TX,,,,TX,,Foreclosure Sale,FRCL,2026-09-01,FRCL-2026-4469,,70,Foreclosure auction scheduled; Pre-foreclosure,Harris County Clerk,https://www.cclerk.hctx.net/applications/websearch/FRCL_R.aspx
,,,,TX,,,,TX,,Foreclosure Sale,FRCL,2026-09-01,FRCL-2026-4470,,70,Foreclosure auction scheduled; Pre-foreclosure,Harris County Clerk,https://www.cclerk.hctx.net/applications/websearch/FRCL_R.aspx
,,,,TX,,,,TX,,Foreclosure Sale,FRCL,2026-09-01,FRCL-2026-4471,,70,Foreclosure auction scheduled; Pre-foreclosure,Harris County Clerk,https://www.cclerk.hctx.net/applications/websearch/FRCL_R.aspx
,,,,TX,,,,TX,,Foreclosure Sale,FRCL,2026-09-01,FRCL-2026-4472,,70,Foreclosure auction scheduled; Pre-foreclosure,Harris County Clerk,https://www.cclerk.hctx.net/applications/websearch/FRCL_R.aspx
,,,,TX,,,,TX,,Foreclosure Sale,FRCL,2026-09-01,FRCL-2026-4473,,70,Foreclosure auction scheduled; Pre-foreclosure,Harris County Clerk,https://www.cclerk.hctx.net/applications/websearch/FRCL_R.aspx
,,,,TX,,,,TX,,Foreclosure Sale,FRCL,2026-09-01,FRCL-2026-4480,,70,Foreclosure auction scheduled; Pre-foreclosure,Harris County Clerk,https://www.cclerk.hctx.net/applications/websearch/FRCL_R.aspx
,,,,TX,,,,TX,,Foreclosure Sale,FRCL,2026-09-01,FRCL-2026-4487,,70,Foreclosure auction scheduled; Pre-foreclosure,Harris County Clerk,https://www.cclerk.hctx.net/applications/websearch/FRCL_R.aspx
,,,,TX,,,,TX,,Foreclosure Sale,FRCL,2026-09-01,FRCL-2026-4493,,70,Foreclosure auction scheduled; Pre-foreclosure,Harris County Clerk,https://www.cclerk.hctx.net/applications/websearch/FRCL_R.aspx
,,,,TX,,,,TX,,Foreclosure Sale,FRCL,2026-09-01,FRCL-2026-4494,,70,Foreclosure auction scheduled; Pre-foreclosure,Harris County Clerk,https://www.cclerk.hctx.net/applications/websearch/FRCL_R.aspx
,,,,TX,,,,TX,,Foreclosure Sale,FRCL,2026-09-01,FRCL-2026-4495,,70,Foreclosure auction scheduled; Pre-foreclosure,Harris County Clerk,https://www.cclerk.hctx.net/applications/websearch/FRCL_R.aspx
,,,,TX,,,,TX,,Foreclosure Sale,FRCL,2026-09-01,FRCL-2026-4499,,70,Foreclosure auction scheduled; Pre-foreclosure,Harris County Clerk,https://www.cclerk.hctx.net/applications/websearch/FRCL_R.aspx
,,,,TX,,,,TX,,Foreclosure Sale,FRCL,2026-09-01,FRCL-2026-4500,,70,Foreclosure auction scheduled; Pre-foreclosure,Harris County Clerk,https://www.cclerk.hctx.net/applications/websearch/FRCL_R.aspx
,,,,TX,,,,TX,,Foreclosure Sale,FRCL,2026-09-01,FRCL-2026-4502,,70,Foreclosure auction scheduled; Pre-foreclosure,Harris County Clerk,https://www.cclerk.hctx.net/applications/websearch/FRCL_R.aspx
,,,,TX,,,,TX,,Foreclosure Sale,FRCL,2026-09-01,FRCL-2026-4516,,70,Foreclosure auction scheduled; Pre-foreclosure,Harris County Clerk,https://www.cclerk.hctx.net/applications/websearch/FRCL_R.aspx
,,,,TX,,,,TX,,Foreclosure Sale,FRCL,2026-09-01,FRCL-2026-4517,,70,Foreclosure auction scheduled; Pre-foreclosure,Harris County Clerk,https://www.cclerk.hctx.net/applications/websearch/FRCL_R.aspx
,,,,TX,,,,TX,,Foreclosure Sale,FRCL,2026-09-01,FRCL-2026-4518,,70,Foreclosure auction scheduled; Pre-foreclosure,Harris County Clerk,https://www.cclerk.hctx.net/applications/websearch/FRCL_R.aspx
,,,,TX,,,,TX,,Foreclosure Sale,FRCL,2026-09-01,FRCL-2026-4519,,70,Foreclosure auction scheduled; Pre-foreclosure,Harris County Clerk,https://www.cclerk.hctx.net/applications/websearch/FRCL_R.aspx
,,,,TX,,,,TX,,Foreclosure Sale,FRCL,2026-09-01,FRCL-2026-4520,,70,Foreclosure auction scheduled; Pre-foreclosure,Harris County Clerk,https://www.cclerk.hctx.net/applications/websearch/FRCL_R.aspx
,,,,TX,,,,TX,,Foreclosure Sale,FRCL,2026-09-01,FRCL-2026-4521,,70,Foreclosure auction scheduled; Pre-foreclosure,Harris County Clerk,https://www.cclerk.hctx.net/applications/websearch/FRCL_R.aspx
,,,,TX,,,,TX,,Foreclosure Sale,FRCL,2026-09-01,FRCL-2026-4543,,70,Foreclosure auction scheduled; Pre-foreclosure,Harris County Clerk,https://www.cclerk.hctx.net/applications/websearch/FRCL_R.aspx
,,,,TX,,,,TX,,Foreclosure Sale,FRCL,2026-09-01,FRCL-2026-4544,,70,Foreclosure auction scheduled; Pre-foreclosure,Harris County Clerk,https://www.cclerk.hctx.net/applications/websearch/FRCL_R.aspx
,,,,TX,,,,TX,,Foreclosure Sale,FRCL,2026-09-01,FRCL-2026-4545,,70,Foreclosure auction scheduled; Pre-foreclosure,Harris County Clerk,https://www.cclerk.hctx.net/applications/websearch/FRCL_R.aspx
,,,,TX,,,,TX,,Foreclosure Sale,FRCL,2026-09-01,FRCL-2026-4546,,70,Foreclosure auction scheduled; Pre-foreclosure,Harris County Clerk,https://www.cclerk.hctx.net/applications/websearch/FRCL_R.aspx
,,,,TX,,,,TX,,Foreclosure Sale,FRCL,2026-09-01,FRCL-2026-4547,,70,Foreclosure auction scheduled; Pre-foreclosure,Harris County Clerk,https://www.cclerk.hctx.net/applications/websearch/FRCL_R.aspx
,,,,TX,,,,TX,,Foreclosure Sale,FRCL,2026-09-01,FRCL-2026-4548,,70,Foreclosure auction scheduled; Pre-foreclosure,Harris County Clerk,https://www.cclerk.hctx.net/applications/websearch/FRCL_R.aspx
,,,,TX,,,,TX,,Foreclosure Sale,FRCL,2026-09-01,FRCL-2026-4549,,70,Foreclosure auction scheduled; Pre-foreclosure,Harris County Clerk,https://www.cclerk.hctx.net/applications/websearch/FRCL_R.aspx
,,,,TX,,,,TX,,Foreclosure Sale,FRCL,2026-09-01,FRCL-2026-4550,,70,Foreclosure auction scheduled; Pre-foreclosure,Harris County Clerk,https://www.cclerk.hctx.net/applications/websearch/FRCL_R.aspx
,,,,TX,,,,TX,,Foreclosure Sale,FRCL,2026-09-01,FRCL-2026-4551,,70,Foreclosure auction scheduled; Pre-foreclosure,Harris County Clerk,https://www.cclerk.hctx.net/applications/websearch/FRCL_R.aspx
,,,,TX,,,,TX,,Foreclosure Sale,FRCL,2026-09-01,FRCL-2026-4552,,70,Foreclosure auction scheduled; Pre-foreclosure,Harris County Clerk,https://www.cclerk.hctx.net/applications/websearch/FRCL_R.aspx
,,,,TX,,,,TX,,Foreclosure Sale,FRCL,2026-09-01,FRCL-2026-4553,,70,Foreclosure auction scheduled; Pre-foreclosure,Harris County Clerk,https://www.cclerk.hctx.net/applications/websearch/FRCL_R.aspx
,,,,TX,,,,TX,,Foreclosure Sale,FRCL,2026-09-01,FRCL-2026-4554,,70,Foreclosure auction scheduled; Pre-foreclosure,Harris County Clerk,https://www.cclerk.hctx.net/applications/websearch/FRCL_R.aspx
,,,,TX,,,,TX,,Foreclosure Sale,FRCL,2026-09-01,FRCL-2026-4559,,70,Foreclosure auction scheduled; Pre-foreclosure,Harris County Clerk,https://www.cclerk.hctx.net/applications/websearch/FRCL_R.aspx
,,,,TX,,,,TX,,Foreclosure Sale,FRCL,2026-09-01,FRCL-2026-4560,,70,Foreclosure auction scheduled; Pre-foreclosure,Harris County Clerk,https://www.cclerk.hctx.net/applications/websearch/FRCL_R.aspx
,,,,TX,,,,TX,,Foreclosure Sale,FRCL,2026-09-01,FRCL-2026-4561,,70,Foreclosure auction scheduled; Pre-foreclosure,Harris County Clerk,https://www.cclerk.hctx.net/applications/websearch/FRCL_R.aspx
,,,,TX,,,,TX,,Foreclosure Sale,FRCL,2026-09-01,FRCL-2026-4562,,70,Foreclosure auction scheduled; Pre-foreclosure,Harris County Clerk,https://www.cclerk.hctx.net/applications/websearch/FRCL_R.aspx
,,,,TX,,,,TX,,Foreclosure Sale,FRCL,2026-09-01,FRCL-2026-4563,,70,Foreclosure auction scheduled; Pre-foreclosure,Harris County Clerk,https://www.cclerk.hctx.net/applications/websearch/FRCL_R.aspx
,,,,TX,,,,TX,,Foreclosure Sale,FRCL,2026-09-01,FRCL-2026-4564,,70,Foreclosure auction scheduled; Pre-foreclosure,Harris County Clerk,https://www.cclerk.hctx.net/applications/websearch/FRCL_R.aspx
,,,,TX,,,,TX,,Foreclosure Sale,FRCL,2026-09-01,FRCL-2026-4565,,70,Foreclosure auction scheduled; Pre-foreclosure,Harris County Clerk,https://www.cclerk.hctx.net/applications/websearch/FRCL_R.aspx
,,,,TX,,,,TX,,Foreclosure Sale,FRCL,2026-09-01,FRCL-2026-4566,,70,Foreclosure auction scheduled; Pre-foreclosure,Harris County Clerk,https://www.cclerk.hctx.net/applications/websearch/FRCL_R.aspx
,,,,TX,,,,TX,,Foreclosure Sale,FRCL,2026-09-01,FRCL-2026-4567,,70,Foreclosure auction scheduled; Pre-foreclosure,Harris County Clerk,https://www.cclerk.hctx.net/applications/websearch/FRCL_R.aspx
,,,,TX,,,,TX,,Foreclosure Sale,FRCL,2026-09-01,FRCL-2026-4568,,70,Foreclosure auction scheduled; Pre-foreclosure,Harris County Clerk,https://www.cclerk.hctx.net/applications/websearch/FRCL_R.aspx
,,,,TX,,,,TX,,Foreclosure Sale,FRCL,2026-09-01,FRCL-2026-4569,,70,Foreclosure auction scheduled; Pre-foreclosure,Harris County Clerk,https://www.cclerk.hctx.net/applications/websearch/FRCL_R.aspx
,,,,TX,,,,TX,,Foreclosure Sale,FRCL,2026-09-01,FRCL-2026-4570,,70,Foreclosure auction scheduled; Pre-foreclosure,Harris County Clerk,https://www.cclerk.hctx.net/applications/websearch/FRCL_R.aspx
,,,,TX,,,,TX,,Foreclosure Sale,FRCL,2026-09-01,FRCL-2026-4571,,70,Foreclosure auction scheduled; Pre-foreclosure,Harris County Clerk,https://www.cclerk.hctx.net/applications/websearch/FRCL_R.aspx
,,,,TX,,,,TX,,Foreclosure Sale,FRCL,2026-09-01,FRCL-2026-4572,,70,Foreclosure auction scheduled; Pre-foreclosure,Harris County Clerk,https://www.cclerk.hctx.net/applications/websearch/FRCL_R.aspx
,,,,TX,,,,TX,,Foreclosure Sale,FRCL,2026-09-01,FRCL-2026-4616,,70,Foreclosure auction scheduled; Pre-foreclosure,Harris County Clerk,https://www.cclerk.hctx.net/applications/websearch/FRCL_R.aspx
,,,,TX,,,,TX,,Foreclosure Sale,FRCL,2026-09-01,FRCL-2026-4614,,70,Foreclosure auction scheduled; Pre-foreclosure,Harris County Clerk,https://www.cclerk.hctx.net/applications/websearch/FRCL_R.aspx
,,,,TX,,,,TX,,Foreclosure Sale,FRCL,2026-09-01,FRCL-2026-4615,,70,Foreclosure auction scheduled; Pre-foreclosure,Harris County Clerk,https://www.cclerk.hctx.net/applications/websearch/FRCL_R.aspx
,,,,TX,,,,TX,,Foreclosure Sale,FRCL,2026-09-01,FRCL-2026-4596,,70,Foreclosure auction scheduled; Pre-foreclosure,Harris County Clerk,https://www.cclerk.hctx.net/applications/websearch/FRCL_R.aspx
,,,,TX,,,,TX,,Foreclosure Sale,FRCL,2026-09-01,FRCL-2026-4597,,70,Foreclosure auction scheduled; Pre-foreclosure,Harris County Clerk,https://www.cclerk.hctx.net/applications/websearch/FRCL_R.aspx
,,,,TX,,,,TX,,Foreclosure Sale,FRCL,2026-09-01,FRCL-2026-4598,,70,Foreclosure auction scheduled; Pre-foreclosure,Harris County Clerk,https://www.cclerk.hctx.net/applications/websearch/FRCL_R.aspx
,,,,TX,,,,TX,,Foreclosure Sale,FRCL,2026-09-01,FRCL-2026-4619,,70,Foreclosure auction scheduled; Pre-foreclosure,Harris County Clerk,https://www.cclerk.hctx.net/applications/websearch/FRCL_R.aspx
,,,,TX,,,,TX,,Foreclosure Sale,FRCL,2026-09-01,FRCL-2026-4577,,70,Foreclosure auction scheduled; Pre-foreclosure,Harris County Clerk,https://www.cclerk.hctx.net/applications/websearch/FRCL_R.aspx
,,,,TX,,,,TX,,Foreclosure Sale,FRCL,2026-09-01,FRCL-2026-4582,,70,Foreclosure auction scheduled; Pre-foreclosure,Harris County Clerk,https://www.cclerk.hctx.net/applications/websearch/FRCL_R.aspx
,,,,TX,,,,TX,,Foreclosure Sale,FRCL,2026-09-01,FRCL-2026-4589,,70,Foreclosure auction scheduled; Pre-foreclosure,Harris County Clerk,https://www.cclerk.hctx.net/applications/websearch/FRCL_R.aspx
,,,,TX,,,,TX,,Foreclosure Sale,FRCL,2026-09-01,FRCL-2026-4590,,70,Foreclosure auction scheduled; Pre-foreclosure,Harris County Clerk,https://www.cclerk.hctx.net/applications/websearch/FRCL_R.aspx
,,,,TX,,,,TX,,Foreclosure Sale,FRCL,2026-09-01,FRCL-2026-4592,,70,Foreclosure auction scheduled; Pre-foreclosure,Harris County Clerk,https://www.cclerk.hctx.net/applications/websearch/FRCL_R.aspx
,,,,TX,,,,TX,,Foreclosure Sale,FRCL,2026-09-01,FRCL-2026-4593,,70,Foreclosure auction scheduled; Pre-foreclosure,Harris County Clerk,https://www.cclerk.hctx.net/applications/websearch/FRCL_R.aspx
,,,,TX,,,,TX,,Foreclosure Sale,FRCL,2026-09-01,FRCL-2026-4622,,70,Foreclosure auction scheduled; Pre-foreclosure,Harris County Clerk,https://www.cclerk.hctx.net/applications/websearch/FRCL_R.aspx
,,,,TX,,,,TX,,Foreclosure Sale,FRCL,2026-09-01,FRCL-2026-4623,,70,Foreclosure auction scheduled; Pre-foreclosure,Harris County Clerk,https://www.cclerk.hctx.net/applications/websearch/FRCL_R.aspx
,,,,TX,,,,TX,,Foreclosure Sale,FRCL,2026-09-01,FRCL-2026-4624,,70,Foreclosure auction scheduled; Pre-foreclosure,Harris County Clerk,https://www.cclerk.hctx.net/applications/websearch/FRCL_R.aspx
,,,,TX,,,,TX,,Foreclosure Sale,FRCL,2026-09-01,FRCL-2026-4627,,70,Foreclosure auction scheduled; Pre-foreclosure,Harris County Clerk,https://www.cclerk.hctx.net/applications/websearch/FRCL_R.aspx
,,,,TX,,,,TX,,Foreclosure Sale,FRCL,2026-09-01,FRCL-2026-4629,,70,Foreclosure auction scheduled; Pre-foreclosure,Harris County Clerk,https://www.cclerk.hctx.net/applications/websearch/FRCL_R.aspx
,,,,TX,,,,TX,,Foreclosure Sale,FRCL,2026-09-01,FRCL-2026-4630,,70,Foreclosure auction scheduled; Pre-foreclosure,Harris County Clerk,https://www.cclerk.hctx.net/applications/websearch/FRCL_R.aspx
,,,,TX,,,,TX,,Foreclosure Sale,FRCL,2026-09-01,FRCL-2026-4646,,70,Foreclosure auction scheduled; Pre-foreclosure,Harris County Clerk,https://www.cclerk.hctx.net/applications/websearch/FRCL_R.aspx
,,,,TX,,,,TX,,Foreclosure Sale,FRCL,2026-09-01,FRCL-2026-4647,,70,Foreclosure auction scheduled; Pre-foreclosure,Harris County Clerk,https://www.cclerk.hctx.net/applications/websearch/FRCL_R.aspx
,,,,TX,,,,TX,,Foreclosure Sale,FRCL,2026-09-01,FRCL-2026-4648,,70,Foreclosure auction scheduled; Pre-foreclosure,Harris County Clerk,https://www.cclerk.hctx.net/applications/websearch/FRCL_R.aspx
,,,,TX,,,,TX,,Foreclosure Sale,FRCL,2026-09-01,FRCL-2026-4650,,70,Foreclosure auction scheduled; Pre-foreclosure,Harris County Clerk,https://www.cclerk.hctx.net/applications/websearch/FRCL_R.aspx
,,,,TX,,,,TX,,Foreclosure Sale,FRCL,2026-09-01,FRCL-2026-4654,,70,Foreclosure auction scheduled; Pre-foreclosure,Harris County Clerk,https://www.cclerk.hctx.net/applications/websearch/FRCL_R.aspx
,,,,TX,,,,TX,,Foreclosure Sale,FRCL,2026-09-01,FRCL-2026-4660,,70,Foreclosure auction scheduled; Pre-foreclosure,Harris County Clerk,https://www.cclerk.hctx.net/applications/websearch/FRCL_R.aspx
,,,,TX,,,,TX,,Foreclosure Sale,FRCL,2026-09-01,FRCL-2026-4661,,70,Foreclosure auction scheduled; Pre-foreclosure,Harris County Clerk,https://www.cclerk.hctx.net/applications/websearch/FRCL_R.aspx
,,,,TX,,,,TX,,Foreclosure Sale,FRCL,2026-09-01,FRCL-2026-4662,,70,Foreclosure auction scheduled; Pre-foreclosure,Harris County Clerk,https://www.cclerk.hctx.net/applications/websearch/FRCL_R.aspx
,,,,TX,,,,TX,,Foreclosure Sale,FRCL,2026-09-01,FRCL-2026-4666,,70,Foreclosure auction scheduled; Pre-foreclosure,Harris County Clerk,https://www.cclerk.hctx.net/applications/websearch/FRCL_R.aspx
,,,,TX,,,,TX,,Foreclosure Sale,FRCL,2026-09-01,FRCL-2026-4670,,70,Foreclosure auction scheduled; Pre-foreclosure,Harris County Clerk,https://www.cclerk.hctx.net/applications/websearch/FRCL_R.aspx
,,,,TX,,,,TX,,Foreclosure Sale,FRCL,2026-09-01,FRCL-2026-4671,,70,Foreclosure auction scheduled; Pre-foreclosure,Harris County Clerk,https://www.cclerk.hctx.net/applications/websearch/FRCL_R.aspx
,,,,TX,,,,TX,,Foreclosure Sale,FRCL,2026-09-01,FRCL-2026-4673,,70,Foreclosure auction scheduled; Pre-foreclosure,Harris County Clerk,https://www.cclerk.hctx.net/applications/websearch/FRCL_R.aspx
,,,,TX,,,,TX,,Foreclosure Sale,FRCL,2026-09-01,FRCL-2026-4674,,70,Foreclosure auction scheduled; Pre-foreclosure,Harris County Clerk,https://www.cclerk.hctx.net/applications/websearch/FRCL_R.aspx
,,,,TX,,,,TX,,Foreclosure Sale,FRCL,2026-09-01,FRCL-2026-4675,,70,Foreclosure auction scheduled; Pre-foreclosure,Harris County Clerk,https://www.cclerk.hctx.net/applications/websearch/FRCL_R.aspx
,,,,TX,,,,TX,,Foreclosure Sale,FRCL,2026-09-01,FRCL-2026-4679,,70,Foreclosure auction scheduled; Pre-foreclosure,Harris County Clerk,https://www.cclerk.hctx.net/applications/websearch/FRCL_R.aspx
,,,,TX,,,,TX,,Foreclosure Sale,FRCL,2026-09-01,FRCL-2026-4680,,70,Foreclosure auction scheduled; Pre-foreclosure,Harris County Clerk,https://www.cclerk.hctx.net/applications/websearch/FRCL_R.aspx
,,,,TX,,,,TX,,Foreclosure Sale,FRCL,2026-09-01,FRCL-2026-4681,,70,Foreclosure auction scheduled; Pre-foreclosure,Harris County Clerk,https://www.cclerk.hctx.net/applications/websearch/FRCL_R.aspx
,,,,TX,,,,TX,,Foreclosure Sale,FRCL,2026-09-01,FRCL-2026-4690,,70,Foreclosure auction scheduled; Pre-foreclosure,Harris County Clerk,https://www.cclerk.hctx.net/applications/websearch/FRCL_R.aspx
,,,,TX,,,,TX,,Foreclosure Sale,FRCL,2026-09-01,FRCL-2026-4691,,70,Foreclosure auction scheduled; Pre-foreclosure,Harris County Clerk,https://www.cclerk.hctx.net/applications/websearch/FRCL_R.aspx
,,,,TX,,,,TX,,Foreclosure Sale,FRCL,2026-09-01,FRCL-2026-4692,,70,Foreclosure auction scheduled; Pre-foreclosure,Harris County Clerk,https://www.cclerk.hctx.net/applications/websearch/FRCL_R.aspx
,,,,TX,,,,TX,,Foreclosure Sale,FRCL,2026-09-01,FRCL-2026-4693,,70,Foreclosure auction scheduled; Pre-foreclosure,Harris County Clerk,https://www.cclerk.hctx.net/applications/websearch/FRCL_R.aspx
,,,,TX,,,,TX,,Foreclosure Sale,FRCL,2026-09-01,FRCL-2026-4702,,70,Foreclosure auction scheduled; Pre-foreclosure,Harris County Clerk,https://www.cclerk.hctx.net/applications/websearch/FRCL_R.aspx
,,,,TX,,,,TX,,Foreclosure Sale,FRCL,2026-09-01,FRCL-2026-4703,,70,Foreclosure auction scheduled; Pre-foreclosure,Harris County Clerk,https://www.cclerk.hctx.net/applications/websearch/FRCL_R.aspx
,,,,TX,,,,TX,,Foreclosure Sale,FRCL,2026-09-01,FRCL-2026-4704,,70,Foreclosure auction scheduled; Pre-foreclosure,Harris County Clerk,https://www.cclerk.hctx.net/applications/websearch/FRCL_R.aspx
,,,,TX,,,,TX,,Foreclosure Sale,FRCL,2026-09-01,FRCL-2026-4705,,70,Foreclosure auction scheduled; Pre-foreclosure,Harris County Clerk,https://www.cclerk.hctx.net/applications/websearch/FRCL_R.aspx
,,,,TX,,,,TX,,Foreclosure Sale,FRCL,2026-09-01,FRCL-2026-4711,,70,Foreclosure auction scheduled; Pre-foreclosure,Harris County Clerk,https://www.cclerk.hctx.net/applications/websearch/FRCL_R.aspx
,,,,TX,,,,TX,,Foreclosure Sale,FRCL,2026-09-01,FRCL-2026-4712,,70,Foreclosure auction scheduled; Pre-foreclosure,Harris County Clerk,https://www.cclerk.hctx.net/applications/websearch/FRCL_R.aspx
,,,,TX,,,,TX,,Foreclosure Sale,FRCL,2026-09-01,FRCL-2026-4713,,70,Foreclosure auction scheduled; Pre-foreclosure,Harris County Clerk,https://www.cclerk.hctx.net/applications/websearch/FRCL_R.aspx
,,,,TX,,,,TX,,Foreclosure Sale,FRCL,2026-09-01,FRCL-2026-4714,,70,Foreclosure auction scheduled; Pre-foreclosure,Harris County Clerk,https://www.cclerk.hctx.net/applications/websearch/FRCL_R.aspx
,,,,TX,,,,TX,,Foreclosure Sale,FRCL,2026-09-01,FRCL-2026-4749,,70,Foreclosure auction scheduled; Pre-foreclosure,Harris County Clerk,https://www.cclerk.hctx.net/applications/websearch/FRCL_R.aspx
,,,,TX,,,,TX,,Foreclosure Sale,FRCL,2026-09-01,FRCL-2026-4750,,70,Foreclosure auction scheduled; Pre-foreclosure,Harris County Clerk,https://www.cclerk.hctx.net/applications/websearch/FRCL_R.aspx
,,,,TX,,,,TX,,Foreclosure Sale,FRCL,2026-09-01,FRCL-2026-4761,,70,Foreclosure auction scheduled; Pre-foreclosure,Harris County Clerk,https://www.cclerk.hctx.net/applications/websearch/FRCL_R.aspx
,,,,TX,,,,TX,,Foreclosure Sale,FRCL,2026-09-01,FRCL-2026-4724,,70,Foreclosure auction scheduled; Pre-foreclosure,Harris County Clerk,https://www.cclerk.hctx.net/applications/websearch/FRCL_R.aspx
,,,,TX,,,,TX,,Foreclosure Sale,FRCL,2026-09-01,FRCL-2026-4725,,70,Foreclosure auction scheduled; Pre-foreclosure,Harris County Clerk,https://www.cclerk.hctx.net/applications/websearch/FRCL_R.aspx
,,,,TX,,,,TX,,Foreclosure Sale,FRCL,2026-09-01,FRCL-2026-4726,,70,Foreclosure auction scheduled; Pre-foreclosure,Harris County Clerk,https://www.cclerk.hctx.net/applications/websearch/FRCL_R.aspx
,,,,TX,,,,TX,,Foreclosure Sale,FRCL,2026-09-01,FRCL-2026-4727,,70,Foreclosure auction scheduled; Pre-foreclosure,Harris County Clerk,https://www.cclerk.hctx.net/applications/websearch/FRCL_R.aspx
,,,,TX,,,,TX,,Foreclosure Sale,FRCL,2026-09-01,FRCL-2026-4728,,70,Foreclosure auction scheduled; Pre-foreclosure,Harris County Clerk,https://www.cclerk.hctx.net/applications/websearch/FRCL_R.aspx
,,,,TX,,,,TX,,Foreclosure Sale,FRCL,2026-09-01,FRCL-2026-4729,,70,Foreclosure auction scheduled; Pre-foreclosure,Harris County Clerk,https://www.cclerk.hctx.net/applications/websearch/FRCL_R.aspx
,,,,TX,,,,TX,,Foreclosure Sale,FRCL,2026-09-01,FRCL-2026-4730,,70,Foreclosure auction scheduled; Pre-foreclosure,Harris County Clerk,https://www.cclerk.hctx.net/applications/websearch/FRCL_R.aspx
,,,,TX,,,,TX,,Foreclosure Sale,FRCL,2026-09-01,FRCL-2026-4731,,70,Foreclosure auction scheduled; Pre-foreclosure,Harris County Clerk,https://www.cclerk.hctx.net/applications/websearch/FRCL_R.aspx
,,,,TX,,,,TX,,Foreclosure Sale,FRCL,2026-09-01,FRCL-2026-4732,,70,Foreclosure auction scheduled; Pre-foreclosure,Harris County Clerk,https://www.cclerk.hctx.net/applications/websearch/FRCL_R.aspx
,,,,TX,,,,TX,,Foreclosure Sale,FRCL,2026-09-01,FRCL-2026-4733,,70,Foreclosure auction scheduled; Pre-foreclosure,Harris County Clerk,https://www.cclerk.hctx.net/applications/websearch/FRCL_R.aspx
,,,,TX,,,,TX,,Foreclosure Sale,FRCL,2026-09-01,FRCL-2026-4734,,70,Foreclosure auction scheduled; Pre-foreclosure,Harris County Clerk,https://www.cclerk.hctx.net/applications/websearch/FRCL_R.aspx
,,,,TX,,,,TX,,Foreclosure Sale,FRCL,2026-09-01,FRCL-2026-4735,,70,Foreclosure auction scheduled; Pre-foreclosure,Harris County Clerk,https://www.cclerk.hctx.net/applications/websearch/FRCL_R.aspx
,,,,TX,,,,TX,,Foreclosure Sale,FRCL,2026-09-01,FRCL-2026-4736,,70,Foreclosure auction scheduled; Pre-foreclosure,Harris County Clerk,https://www.cclerk.hctx.net/applications/websearch/FRCL_R.aspx
,,,,TX,,,,TX,,Foreclosure Sale,FRCL,2026-09-01,FRCL-2026-4737,,70,Foreclosure auction scheduled; Pre-foreclosure,Harris County Clerk,https://www.cclerk.hctx.net/applications/websearch/FRCL_R.aspx
,,,,TX,,,,TX,,Foreclosure Sale,FRCL,2026-09-01,FRCL-2026-4738,,70,Foreclosure auction scheduled; Pre-foreclosure,Harris County Clerk,https://www.cclerk.hctx.net/applications/websearch/FRCL_R.aspx
,,,,TX,,,,TX,,Foreclosure Sale,FRCL,2026-09-01,FRCL-2026-4739,,70,Foreclosure auction scheduled; Pre-foreclosure,Harris County Clerk,https://www.cclerk.hctx.net/applications/websearch/FRCL_R.aspx
,,,,TX,,,,TX,,Foreclosure Sale,FRCL,2026-09-01,FRCL-2026-4740,,70,Foreclosure auction scheduled; Pre-foreclosure,Harris County Clerk,https://www.cclerk.hctx.net/applications/websearch/FRCL_R.aspx
,,,,TX,,,,TX,,Foreclosure Sale,FRCL,2026-09-01,FRCL-2026-4754,,70,Foreclosure auction scheduled; Pre-foreclosure,Harris County Clerk,https://www.cclerk.hctx.net/applications/websearch/FRCL_R.aspx
,,,,TX,,,,TX,,Foreclosure Sale,FRCL,2026-09-01,FRCL-2026-4763,,70,Foreclosure auction scheduled; Pre-foreclosure,Harris County Clerk,https://www.cclerk.hctx.net/applications/websearch/FRCL_R.aspx
,,,,TX,,,,TX,,Foreclosure Sale,FRCL,2026-09-01,FRCL-2026-4764,,70,Foreclosure auction scheduled; Pre-foreclosure,Harris County Clerk,https://www.cclerk.hctx.net/applications/websearch/FRCL_R.aspx
,,,,TX,,,,TX,,Foreclosure Sale,FRCL,2026-09-01,FRCL-2026-4765,,70,Foreclosure auction scheduled; Pre-foreclosure,Harris County Clerk,https://www.cclerk.hctx.net/applications/websearch/FRCL_R.aspx
,,,,TX,,,,TX,,Foreclosure Sale,FRCL,2026-09-01,FRCL-2026-4766,,70,Foreclosure auction scheduled; Pre-foreclosure,Harris County Clerk,https://www.cclerk.hctx.net/applications/websearch/FRCL_R.aspx
,,,,TX,,,,TX,,Foreclosure Sale,FRCL,2026-09-01,FRCL-2026-4767,,70,Foreclosure auction scheduled; Pre-foreclosure,Harris County Clerk,https://www.cclerk.hctx.net/applications/websearch/FRCL_R.aspx
,,,,TX,,,,TX,,Foreclosure Sale,FRCL,2026-09-01,FRCL-2026-4768,,70,Foreclosure auction scheduled; Pre-foreclosure,Harris County Clerk,https://www.cclerk.hctx.net/applications/websearch/FRCL_R.aspx
,,,,TX,,,,TX,,Foreclosure Sale,FRCL,2026-09-01,FRCL-2026-4770,,70,Foreclosure auction scheduled; Pre-foreclosure,Harris County Clerk,https://www.cclerk.hctx.net/applications/websearch/FRCL_R.aspx
,,,,TX,,,,TX,,Foreclosure Sale,FRCL,2026-09-01,FRCL-2026-4782,,70,Foreclosure auction scheduled; Pre-foreclosure,Harris County Clerk,https://www.cclerk.hctx.net/applications/websearch/FRCL_R.aspx
,,,,TX,,,,TX,,Foreclosure Sale,FRCL,2026-09-01,FRCL-2026-4783,,70,Foreclosure auction scheduled; Pre-foreclosure,Harris County Clerk,https://www.cclerk.hctx.net/applications/websearch/FRCL_R.aspx
,,,,TX,,,,TX,,Foreclosure Sale,FRCL,2026-09-01,FRCL-2026-4784,,70,Foreclosure auction scheduled; Pre-foreclosure,Harris County Clerk,https://www.cclerk.hctx.net/applications/websearch/FRCL_R.aspx
,,,,TX,,,,TX,,Foreclosure Sale,FRCL,2026-09-01,FRCL-2026-4785,,70,Foreclosure auction scheduled; Pre-foreclosure,Harris County Clerk,https://www.cclerk.hctx.net/applications/websearch/FRCL_R.aspx
,,,,TX,,,,TX,,Foreclosure Sale,FRCL,2026-09-01,FRCL-2026-4810,,70,Foreclosure auction scheduled; Pre-foreclosure,Harris County Clerk,https://www.cclerk.hctx.net/applications/websearch/FRCL_R.aspx
,,,,TX,,,,TX,,Foreclosure Sale,FRCL,2026-09-01,FRCL-2026-4811,,70,Foreclosure auction scheduled; Pre-foreclosure,Harris County Clerk,https://www.cclerk.hctx.net/applications/websearch/FRCL_R.aspx
,,,,TX,,,,TX,,Foreclosure Sale,FRCL,2026-09-01,FRCL-2026-4812,,70,Foreclosure auction scheduled; Pre-foreclosure,Harris County Clerk,https://www.cclerk.hctx.net/applications/websearch/FRCL_R.aspx
,,,,TX,,,,TX,,Foreclosure Sale,FRCL,2026-09-01,FRCL-2026-4805,,70,Foreclosure auction scheduled; Pre-foreclosure,Harris County Clerk,https://www.cclerk.hctx.net/applications/websearch/FRCL_R.aspx
,,,,TX,,,,TX,,Foreclosure Sale,FRCL,2026-09-01,FRCL-2026-4806,,70,Foreclosure auction scheduled; Pre-foreclosure,Harris County Clerk,https://www.cclerk.hctx.net/applications/websearch/FRCL_R.aspx
,,,,TX,,,,TX,,Foreclosure Sale,FRCL,2026-09-01,FRCL-2026-4807,,70,Foreclosure auction scheduled; Pre-foreclosure,Harris County Clerk,https://www.cclerk.hctx.net/applications/websearch/FRCL_R.aspx
,,,,TX,,,,TX,,Foreclosure Sale,FRCL,2026-09-01,FRCL-2026-4808,,70,Foreclosure auction scheduled; Pre-foreclosure,Harris County Clerk,https://www.cclerk.hctx.net/applications/websearch/FRCL_R.aspx
,,,,TX,,,,TX,,Foreclosure Sale,FRCL,2026-09-01,FRCL-2026-4816,,70,Foreclosure auction scheduled; Pre-foreclosure,Harris County Clerk,https://www.cclerk.hctx.net/applications/websearch/FRCL_R.aspx
,,,,TX,,,,TX,,Foreclosure Sale,FRCL,2026-09-01,FRCL-2026-4817,,70,Foreclosure auction scheduled; Pre-foreclosure,Harris County Clerk,https://www.cclerk.hctx.net/applications/websearch/FRCL_R.aspx
,,,,TX,,,,TX,,Foreclosure Sale,FRCL,2026-09-01,FRCL-2026-4818,,70,Foreclosure auction scheduled; Pre-foreclosure,Harris County Clerk,https://www.cclerk.hctx.net/applications/websearch/FRCL_R.aspx
,,,,TX,,,,TX,,Foreclosure Sale,FRCL,2026-09-01,FRCL-2026-4819,,70,Foreclosure auction scheduled; Pre-foreclosure,Harris County Clerk,https://www.cclerk.hctx.net/applications/websearch/FRCL_R.aspx
,,,,TX,,,,TX,,Foreclosure Sale,FRCL,2026-09-01,FRCL-2026-4820,,70,Foreclosure auction scheduled; Pre-foreclosure,Harris County Clerk,https://www.cclerk.hctx.net/applications/websearch/FRCL_R.aspx
,,,,TX,,,,TX,,Foreclosure Sale,FRCL,2026-09-01,FRCL-2026-4821,,70,Foreclosure auction scheduled; Pre-foreclosure,Harris County Clerk,https://www.cclerk.hctx.net/applications/websearch/FRCL_R.aspx
,,,,TX,,,,TX,,Foreclosure Sale,FRCL,2026-09-01,FRCL-2026-4825,,70,Foreclosure auction scheduled; Pre-foreclosure,Harris County Clerk,https://www.cclerk.hctx.net/applications/websearch/FRCL_R.aspx
,,,,TX,,,,TX,,Foreclosure Sale,FRCL,2026-09-01,FRCL-2026-4826,,70,Foreclosure auction scheduled; Pre-foreclosure,Harris County Clerk,https://www.cclerk.hctx.net/applications/websearch/FRCL_R.aspx
,,,,TX,,,,TX,,Foreclosure Sale,FRCL,2026-09-01,FRCL-2026-4827,,70,Foreclosure auction scheduled; Pre-foreclosure,Harris County Clerk,https://www.cclerk.hctx.net/applications/websearch/FRCL_R.aspx
,,,,TX,,,,TX,,Foreclosure Sale,FRCL,2026-09-01,FRCL-2026-4828,,70,Foreclosure auction scheduled; Pre-foreclosure,Harris County Clerk,https://www.cclerk.hctx.net/applications/websearch/FRCL_R.aspx
,,,,TX,,,,TX,,Foreclosure Sale,FRCL,2026-09-01,FRCL-2026-4829,,70,Foreclosure auction scheduled; Pre-foreclosure,Harris County Clerk,https://www.cclerk.hctx.net/applications/websearch/FRCL_R.aspx
,,,,TX,,,,TX,,Foreclosure Sale,FRCL,2026-09-01,FRCL-2026-4843,,70,Foreclosure auction scheduled; Pre-foreclosure,Harris County Clerk,https://www.cclerk.hctx.net/applications/websearch/FRCL_R.aspx
,,,,TX,,,,TX,,Foreclosure Sale,FRCL,2026-09-01,FRCL-2026-4844,,70,Foreclosure auction scheduled; Pre-foreclosure,Harris County Clerk,https://www.cclerk.hctx.net/applications/websearch/FRCL_R.aspx
,,,,TX,,,,TX,,Foreclosure Sale,FRCL,2026-09-01,FRCL-2026-4845,,70,Foreclosure auction scheduled; Pre-foreclosure,Harris County Clerk,https://www.cclerk.hctx.net/applications/websearch/FRCL_R.aspx
,,,,TX,,,,TX,,Foreclosure Sale,FRCL,2026-09-01,FRCL-2026-4846,,70,Foreclosure auction scheduled; Pre-foreclosure,Harris County Clerk,https://www.cclerk.hctx.net/applications/websearch/FRCL_R.aspx
,,,,TX,,,,TX,,Foreclosure Sale,FRCL,2026-09-01,FRCL-2026-4847,,70,Foreclosure auction scheduled; Pre-foreclosure,Harris County Clerk,https://www.cclerk.hctx.net/applications/websearch/FRCL_R.aspx
,,,,TX,,,,TX,,Foreclosure Sale,FRCL,2026-09-01,FRCL-2026-4848,,70,Foreclosure auction scheduled; Pre-foreclosure,Harris County Clerk,https://www.cclerk.hctx.net/applications/websearch/FRCL_R.aspx
,,,,TX,,,,TX,,Foreclosure Sale,FRCL,2026-09-01,FRCL-2026-4849,,70,Foreclosure auction scheduled; Pre-foreclosure,Harris County Clerk,https://www.cclerk.hctx.net/applications/websearch/FRCL_R.aspx
,,,,TX,,,,TX,,Foreclosure Sale,FRCL,2026-09-01,FRCL-2026-4850,,70,Foreclosure auction scheduled; Pre-foreclosure,Harris County Clerk,https://www.cclerk.hctx.net/applications/websearch/FRCL_R.aspx
,,,,TX,,,,TX,,Foreclosure Sale,FRCL,2026-09-01,FRCL-2026-4851,,70,Foreclosure auction scheduled; Pre-foreclosure,Harris County Clerk,https://www.cclerk.hctx.net/applications/websearch/FRCL_R.aspx
,,,,TX,,,,TX,,Foreclosure Sale,FRCL,2026-09-01,FRCL-2026-4852,,70,Foreclosure auction scheduled; Pre-foreclosure,Harris County Clerk,https://www.cclerk.hctx.net/applications/websearch/FRCL_R.aspx
,,,,TX,,,,TX,,Foreclosure Sale,FRCL,2026-09-01,FRCL-2026-4853,,70,Foreclosure auction scheduled; Pre-foreclosure,Harris County Clerk,https://www.cclerk.hctx.net/applications/websearch/FRCL_R.aspx
,,,,TX,,,,TX,,Foreclosure Sale,FRCL,2026-09-01,FRCL-2026-4854,,70,Foreclosure auction scheduled; Pre-foreclosure,Harris County Clerk,https://www.cclerk.hctx.net/applications/websearch/FRCL_R.aspx
,,,,TX,,,,TX,,Foreclosure Sale,FRCL,2026-09-01,FRCL-2026-4855,,70,Foreclosure auction scheduled; Pre-foreclosure,Harris County Clerk,https://www.cclerk.hctx.net/applications/websearch/FRCL_R.aspx
,,,,TX,,,,TX,,Foreclosure Sale,FRCL,2026-09-01,FRCL-2026-4856,,70,Foreclosure auction scheduled; Pre-foreclosure,Harris County Clerk,https://www.cclerk.hctx.net/applications/websearch/FRCL_R.aspx
,,,,TX,,,,TX,,Foreclosure Sale,FRCL,2026-09-01,FRCL-2026-4857,,70,Foreclosure auction scheduled; Pre-foreclosure,Harris County Clerk,https://www.cclerk.hctx.net/applications/websearch/FRCL_R.aspx
,,,,TX,,,,TX,,Foreclosure Sale,FRCL,2026-09-01,FRCL-2026-4858,,70,Foreclosure auction scheduled; Pre-foreclosure,Harris County Clerk,https://www.cclerk.hctx.net/applications/websearch/FRCL_R.aspx
,,,,TX,,,,TX,,Foreclosure Sale,FRCL,2026-09-01,FRCL-2026-4859,,70,Foreclosure auction scheduled; Pre-foreclosure,Harris County Clerk,https://www.cclerk.hctx.net/applications/websearch/FRCL_R.aspx
,,,,TX,,,,TX,,Foreclosure Sale,FRCL,2026-09-01,FRCL-2026-4876,,70,Foreclosure auction scheduled; Pre-foreclosure,Harris County Clerk,https://www.cclerk.hctx.net/applications/websearch/FRCL_R.aspx
,,,,TX,,,,TX,,Foreclosure Sale,FRCL,2026-09-01,FRCL-2026-4877,,70,Foreclosure auction scheduled; Pre-foreclosure,Harris County Clerk,https://www.cclerk.hctx.net/applications/websearch/FRCL_R.aspx
,,,,TX,,,,TX,,Foreclosure Sale,FRCL,2026-09-01,FRCL-2026-4901,,70,Foreclosure auction scheduled; Pre-foreclosure,Harris County Clerk,https://www.cclerk.hctx.net/applications/websearch/FRCL_R.aspx
,,,,TX,,,,TX,,Foreclosure Sale,FRCL,2026-09-01,FRCL-2026-4902,,70,Foreclosure auction scheduled; Pre-foreclosure,Harris County Clerk,https://www.cclerk.hctx.net/applications/websearch/FRCL_R.aspx
,,,,TX,,,,TX,,Foreclosure Sale,FRCL,2026-09-01,FRCL-2026-4903,,70,Foreclosure auction scheduled; Pre-foreclosure,Harris County Clerk,https://www.cclerk.hctx.net/applications/websearch/FRCL_R.aspx
,,,,TX,,,,TX,,Foreclosure Sale,FRCL,2026-09-01,FRCL-2026-4904,,70,Foreclosure auction scheduled; Pre-foreclosure,Harris County Clerk,https://www.cclerk.hctx.net/applications/websearch/FRCL_R.aspx
,,,,TX,,,,TX,,Foreclosure Sale,FRCL,2026-09-01,FRCL-2026-4905,,70,Foreclosure auction scheduled; Pre-foreclosure,Harris County Clerk,https://www.cclerk.hctx.net/applications/websearch/FRCL_R.aspx
,,,,TX,,,,TX,,Foreclosure Sale,FRCL,2026-09-01,FRCL-2026-4906,,70,Foreclosure auction scheduled; Pre-foreclosure,Harris County Clerk,https://www.cclerk.hctx.net/applications/websearch/FRCL_R.aspx
,,,,TX,,,,TX,,Foreclosure Sale,FRCL,2026-09-01,FRCL-2026-4885,,70,Foreclosure auction scheduled; Pre-foreclosure,Harris County Clerk,https://www.cclerk.hctx.net/applications/websearch/FRCL_R.aspx
,,,,TX,,,,TX,,Foreclosure Sale,FRCL,2026-09-01,FRCL-2026-4889,,70,Foreclosure auction scheduled; Pre-foreclosure,Harris County Clerk,https://www.cclerk.hctx.net/applications/websearch/FRCL_R.aspx
,,,,TX,,,,TX,,Foreclosure Sale,FRCL,2026-09-01,FRCL-2026-4890,,70,Foreclosure auction scheduled; Pre-foreclosure,Harris County Clerk,https://www.cclerk.hctx.net/applications/websearch/FRCL_R.aspx
,,,,TX,,,,TX,,Foreclosure Sale,FRCL,2026-09-01,FRCL-2026-4947,,70,Foreclosure auction scheduled; Pre-foreclosure,Harris County Clerk,https://www.cclerk.hctx.net/applications/websearch/FRCL_R.aspx
,,,,TX,,,,TX,,Foreclosure Sale,FRCL,2026-09-01,FRCL-2026-4948,,70,Foreclosure auction scheduled; Pre-foreclosure,Harris County Clerk,https://www.cclerk.hctx.net/applications/websearch/FRCL_R.aspx
,,,,TX,,,,TX,,Foreclosure Sale,FRCL,2026-09-01,FRCL-2026-4958,,70,Foreclosure auction scheduled; Pre-foreclosure,Harris County Clerk,https://www.cclerk.hctx.net/applications/websearch/FRCL_R.aspx
,,,,TX,,,,TX,,Foreclosure Sale,FRCL,2026-09-01,FRCL-2026-4959,,70,Foreclosure auction scheduled; Pre-foreclosure,Harris County Clerk,https://www.cclerk.hctx.net/applications/websearch/FRCL_R.aspx
,,,,TX,,,,TX,,Foreclosure Sale,FRCL,2026-09-01,FRCL-2026-4960,,70,Foreclosure auction scheduled; Pre-foreclosure,Harris County Clerk,https://www.cclerk.hctx.net/applications/websearch/FRCL_R.aspx
,,,,TX,,,,TX,,Foreclosure Sale,FRCL,2026-09-01,FRCL-2026-4961,,70,Foreclosure auction scheduled; Pre-foreclosure,Harris County Clerk,https://www.cclerk.hctx.net/applications/websearch/FRCL_R.aspx
,,,,TX,,,,TX,,Foreclosure Sale,FRCL,2026-09-01,FRCL-2026-4962,,70,Foreclosure auction scheduled; Pre-foreclosure,Harris County Clerk,https://www.cclerk.hctx.net/applications/websearch/FRCL_R.aspx
,,,,TX,,,,TX,,Foreclosure Sale,FRCL,2026-09-01,FRCL-2026-4963,,70,Foreclosure auction scheduled; Pre-foreclosure,Harris County Clerk,https://www.cclerk.hctx.net/applications/websearch/FRCL_R.aspx
,,,,TX,,,,TX,,Foreclosure Sale,FRCL,2026-09-01,FRCL-2026-5001,,70,Foreclosure auction scheduled; Pre-foreclosure,Harris County Clerk,https://www.cclerk.hctx.net/applications/websearch/FRCL_R.aspx
,,,,TX,,,,TX,,Foreclosure Sale,FRCL,2026-09-01,FRCL-2026-5017,,70,Foreclosure auction scheduled; Pre-foreclosure,Harris County Clerk,https://www.cclerk.hctx.net/applications/websearch/FRCL_R.aspx
,,,,TX,,,,TX,,Foreclosure Sale,FRCL,2026-09-01,FRCL-2026-5018,,70,Foreclosure auction scheduled; Pre-foreclosure,Harris County Clerk,https://www.cclerk.hctx.net/applications/websearch/FRCL_R.aspx
,,,,TX,,,,TX,,Foreclosure Sale,FRCL,2026-09-01,FRCL-2026-5040,,70,Foreclosure auction scheduled; Pre-foreclosure,Harris County Clerk,https://www.cclerk.hctx.net/applications/websearch/FRCL_R.aspx
,,,,TX,,,,TX,,Foreclosure Sale,FRCL,2026-09-01,FRCL-2026-5053,,70,Foreclosure auction scheduled; Pre-foreclosure,Harris County Clerk,https://www.cclerk.hctx.net/applications/websearch/FRCL_R.aspx
,,,,TX,,,,TX,,Foreclosure Sale,FRCL,2026-09-01,FRCL-2026-5054,,70,Foreclosure auction scheduled; Pre-foreclosure,Harris County Clerk,https://www.cclerk.hctx.net/applications/websearch/FRCL_R.aspx
,,,,TX,,,,TX,,Foreclosure Sale,FRCL,2026-09-01,FRCL-2026-5072,,70,Foreclosure auction scheduled; Pre-foreclosure,Harris County Clerk,https://www.cclerk.hctx.net/applications/websearch/FRCL_R.aspx
,,,,TX,,,,TX,,Foreclosure Sale,FRCL,2026-09-01,FRCL-2026-5067,,70,Foreclosure auction scheduled; Pre-foreclosure,Harris County Clerk,https://www.cclerk.hctx.net/applications/websearch/FRCL_R.aspx
,,,,TX,,,,TX,,Foreclosure Sale,FRCL,2026-09-01,FRCL-2026-5073,,70,Foreclosure auction scheduled; Pre-foreclosure,Harris County Clerk,https://www.cclerk.hctx.net/applications/websearch/FRCL_R.aspx
,,,,TX,,,,TX,,Foreclosure Sale,FRCL,2026-09-01,FRCL-2026-5074,,70,Foreclosure auction scheduled; Pre-foreclosure,Harris County Clerk,https://www.cclerk.hctx.net/applications/websearch/FRCL_R.aspx
,,,,TX,,,,TX,,Foreclosure Sale,FRCL,2026-09-01,FRCL-2026-5085,,70,Foreclosure auction scheduled; Pre-foreclosure,Harris County Clerk,https://www.cclerk.hctx.net/applications/websearch/FRCL_R.aspx
,,,,TX,,,,TX,,Foreclosure Sale,FRCL,2026-09-01,FRCL-2026-5093,,70,Foreclosure auction scheduled; Pre-foreclosure,Harris County Clerk,https://www.cclerk.hctx.net/applications/websearch/FRCL_R.aspx
,,,,TX,,,,TX,,Foreclosure Sale,FRCL,2026-09-01,FRCL-2026-5094,,70,Foreclosure auction scheduled; Pre-foreclosure,Harris County Clerk,https://www.cclerk.hctx.net/applications/websearch/FRCL_R.aspx
,,,,TX,,,,TX,,Foreclosure Sale,FRCL,2026-09-01,FRCL-2026-5123,,70,Foreclosure auction scheduled; Pre-foreclosure,Harris County Clerk,https://www.cclerk.hctx.net/applications/websearch/FRCL_R.aspx
,,,,TX,,,,TX,,Foreclosure Sale,FRCL,2026-09-01,FRCL-2026-5124,,70,Foreclosure auction scheduled; Pre-foreclosure,Harris County Clerk,https://www.cclerk.hctx.net/applications/websearch/FRCL_R.aspx
,,,,TX,,,,TX,,Foreclosure Sale,FRCL,2026-09-01,FRCL-2026-5125,,70,Foreclosure auction scheduled; Pre-foreclosure,Harris County Clerk,https://www.cclerk.hctx.net/applications/websearch/FRCL_R.aspx
,,,,TX,,,,TX,,Foreclosure Sale,FRCL,2026-09-01,FRCL-2026-5160,,70,Foreclosure auction scheduled; Pre-foreclosure,Harris County Clerk,https://www.cclerk.hctx.net/applications/websearch/FRCL_R.aspx
,,,,TX,,,,TX,,Foreclosure Sale,FRCL,2026-09-01,FRCL-2026-5161,,70,Foreclosure auction scheduled; Pre-foreclosure,Harris County Clerk,https://www.cclerk.hctx.net/applications/websearch/FRCL_R.aspx
,,,,TX,,,,TX,,Foreclosure Sale,FRCL,2026-09-01,FRCL-2026-5162,,70,Foreclosure auction scheduled; Pre-foreclosure,Harris County Clerk,https://www.cclerk.hctx.net/applications/websearch/FRCL_R.aspx
,,,,TX,,,,TX,,Foreclosure Sale,FRCL,2026-09-01,FRCL-2026-5195,,70,Foreclosure auction scheduled; Pre-foreclosure,Harris County Clerk,https://www.cclerk.hctx.net/applications/websearch/FRCL_R.aspx
,,,,TX,,,,TX,,Foreclosure Sale,FRCL,2026-09-01,FRCL-2026-5196,,70,Foreclosure auction scheduled; Pre-foreclosure,Harris County Clerk,https://www.cclerk.hctx.net/applications/websearch/FRCL_R.aspx
,,,,TX,,,,TX,,Foreclosure Sale,FRCL,2026-09-01,FRCL-2026-5199,,70,Foreclosure auction scheduled; Pre-foreclosure,Harris County Clerk,https://www.cclerk.hctx.net/applications/websearch/FRCL_R.aspx
,,,,TX,,,,TX,,Foreclosure Sale,FRCL,2026-09-01,FRCL-2026-5200,,70,Foreclosure auction scheduled; Pre-foreclosure,Harris County Clerk,https://www.cclerk.hctx.net/applications/websearch/FRCL_R.aspx
,,,,TX,,,,TX,,Foreclosure Sale,FRCL,2026-09-01,FRCL-2026-5201,,70,Foreclosure auction scheduled; Pre-foreclosure,Harris County Clerk,https://www.cclerk.hctx.net/applications/websearch/FRCL_R.aspx
,,,,TX,,,,TX,,Foreclosure Sale,FRCL,2026-09-01,FRCL-2026-5205,,70,Foreclosure auction scheduled; Pre-foreclosure,Harris County Clerk,https://www.cclerk.hctx.net/applications/websearch/FRCL_R.aspx
,,,,TX,,,,TX,,Foreclosure Sale,FRCL,2026-09-01,FRCL-2026-5206,,70,Foreclosure auction scheduled; Pre-foreclosure,Harris County Clerk,https://www.cclerk.hctx.net/applications/websearch/FRCL_R.aspx
,,,,TX,,,,TX,,Foreclosure Sale,FRCL,2026-09-01,FRCL-2026-5223,,70,Foreclosure auction scheduled; Pre-foreclosure,Harris County Clerk,https://www.cclerk.hctx.net/applications/websearch/FRCL_R.aspx
,,,,TX,,,,TX,,Foreclosure Sale,FRCL,2026-09-01,FRCL-2026-5225,,70,Foreclosure auction scheduled; Pre-foreclosure,Harris County Clerk,https://www.cclerk.hctx.net/applications/websearch/FRCL_R.aspx
,,,,TX,,,,TX,,Foreclosure Sale,FRCL,2026-09-01,FRCL-2026-5226,,70,Foreclosure auction scheduled; Pre-foreclosure,Harris County Clerk,https://www.cclerk.hctx.net/applications/websearch/FRCL_R.aspx
,,,,TX,,,,TX,,Foreclosure Sale,FRCL,2026-09-01,FRCL-2026-5227,,70,Foreclosure auction scheduled; Pre-foreclosure,Harris County Clerk,https://www.cclerk.hctx.net/applications/websearch/FRCL_R.aspx
,,,,TX,,,,TX,,Foreclosure Sale,FRCL,2026-09-01,FRCL-2026-5224,,70,Foreclosure auction scheduled; Pre-foreclosure,Harris County Clerk,https://www.cclerk.hctx.net/applications/websearch/FRCL_R.aspx
,,,,TX,,,,TX,,Foreclosure Sale,FRCL,2026-09-01,FRCL-2026-5210,,70,Foreclosure auction scheduled; Pre-foreclosure,Harris County Clerk,https://www.cclerk.hctx.net/applications/websearch/FRCL_R.aspx
,,,,TX,,,,TX,,Foreclosure Sale,FRCL,2026-09-01,FRCL-2026-5211,,70,Foreclosure auction scheduled; Pre-foreclosure,Harris County Clerk,https://www.cclerk.hctx.net/applications/websearch/FRCL_R.aspx
,,,,TX,,,,TX,,Foreclosure Sale,FRCL,2026-09-01,FRCL-2026-5212,,70,Foreclosure auction scheduled; Pre-foreclosure,Harris County Clerk,https://www.cclerk.hctx.net/applications/websearch/FRCL_R.aspx
,,,,TX,,,,TX,,Foreclosure Sale,FRCL,2026-09-01,FRCL-2026-5213,,70,Foreclosure auction scheduled; Pre-foreclosure,Harris County Clerk,https://www.cclerk.hctx.net/applications/websearch/FRCL_R.aspx
,,,,TX,,,,TX,,Foreclosure Sale,FRCL,2026-09-01,FRCL-2026-5214,,70,Foreclosure auction scheduled; Pre-foreclosure,Harris County Clerk,https://www.cclerk.hctx.net/applications/websearch/FRCL_R.aspx
,,,,TX,,,,TX,,Foreclosure Sale,FRCL,2026-09-01,FRCL-2026-5215,,70,Foreclosure auction scheduled; Pre-foreclosure,Harris County Clerk,https://www.cclerk.hctx.net/applications/websearch/FRCL_R.aspx
,,,,TX,,,,TX,,Foreclosure Sale,FRCL,2026-09-01,FRCL-2026-5216,,70,Foreclosure auction scheduled; Pre-foreclosure,Harris County Clerk,https://www.cclerk.hctx.net/applications/websearch/FRCL_R.aspx
,,,,TX,,,,TX,,Foreclosure Sale,FRCL,2026-09-01,FRCL-2026-5207,,70,Foreclosure auction scheduled; Pre-foreclosure,Harris County Clerk,https://www.cclerk.hctx.net/applications/websearch/FRCL_R.aspx
,,,,TX,,,,TX,,Foreclosure Sale,FRCL,2026-09-01,FRCL-2026-5208,,70,Foreclosure auction scheduled; Pre-foreclosure,Harris County Clerk,https://www.cclerk.hctx.net/applications/websearch/FRCL_R.aspx
,,,,TX,,,,TX,,Foreclosure Sale,FRCL,2026-09-01,FRCL-2026-5209,,70,Foreclosure auction scheduled; Pre-foreclosure,Harris County Clerk,https://www.cclerk.hctx.net/applications/websearch/FRCL_R.aspx
,,,,TX,,,,TX,,Foreclosure Sale,FRCL,2026-09-01,FRCL-2026-5229,,70,Foreclosure auction scheduled; Pre-foreclosure,Harris County Clerk,https://www.cclerk.hctx.net/applications/websearch/FRCL_R.aspx
,,,,TX,,,,TX,,Foreclosure Sale,FRCL,2026-09-01,FRCL-2026-5230,,70,Foreclosure auction scheduled; Pre-foreclosure,Harris County Clerk,https://www.cclerk.hctx.net/applications/websearch/FRCL_R.aspx
,,,,TX,,,,TX,,Foreclosure Sale,FRCL,2026-09-01,FRCL-2026-5231,,70,Foreclosure auction scheduled; Pre-foreclosure,Harris County Clerk,https://www.cclerk.hctx.net/applications/websearch/FRCL_R.aspx
,,,,TX,,,,TX,,Foreclosure Sale,FRCL,2026-09-01,FRCL-2026-5232,,70,Foreclosure auction scheduled; Pre-foreclosure,Harris County Clerk,https://www.cclerk.hctx.net/applications/websearch/FRCL_R.aspx
,,,,TX,,,,TX,,Foreclosure Sale,FRCL,2026-09-01,FRCL-2026-5233,,70,Foreclosure auction scheduled; Pre-foreclosure,Harris County Clerk,https://www.cclerk.hctx.net/applications/websearch/FRCL_R.aspx
,,,,TX,,,,TX,,Foreclosure Sale,FRCL,2026-09-01,FRCL-2026-5235,,70,Foreclosure auction scheduled; Pre-foreclosure,Harris County Clerk,https://www.cclerk.hctx.net/applications/websearch/FRCL_R.aspx
,,,,TX,,,,TX,,Foreclosure Sale,FRCL,2026-09-01,FRCL-2026-5236,,70,Foreclosure auction scheduled; Pre-foreclosure,Harris County Clerk,https://www.cclerk.hctx.net/applications/websearch/FRCL_R.aspx
,,,,TX,,,,TX,,Foreclosure Sale,FRCL,2026-09-01,FRCL-2026-5237,,70,Foreclosure auction scheduled; Pre-foreclosure,Harris County Clerk,https://www.cclerk.hctx.net/applications/websearch/FRCL_R.aspx
,,,,TX,,,,TX,,Foreclosure Sale,FRCL,2026-09-01,FRCL-2026-5240,,70,Foreclosure auction scheduled; Pre-foreclosure,Harris County Clerk,https://www.cclerk.hctx.net/applications/websearch/FRCL_R.aspx
,,,,TX,,,,TX,,Foreclosure Sale,FRCL,2026-09-01,FRCL-2026-5241,,70,Foreclosure auction scheduled; Pre-foreclosure,Harris County Clerk,https://www.cclerk.hctx.net/applications/websearch/FRCL_R.aspx
,,,,TX,,,,TX,,Foreclosure Sale,FRCL,2026-09-01,FRCL-2026-5242,,70,Foreclosure auction scheduled; Pre-foreclosure,Harris County Clerk,https://www.cclerk.hctx.net/applications/websearch/FRCL_R.aspx
,,,,TX,,,,TX,,Foreclosure Sale,FRCL,2026-09-01,FRCL-2026-5243,,70,Foreclosure auction scheduled; Pre-foreclosure,Harris County Clerk,https://www.cclerk.hctx.net/applications/websearch/FRCL_R.aspx
,,,,TX,,,,TX,,Foreclosure Sale,FRCL,2026-09-01,FRCL-2026-5244,,70,Foreclosure auction scheduled; Pre-foreclosure,Harris County Clerk,https://www.cclerk.hctx.net/applications/websearch/FRCL_R.aspx
,,,,TX,,,,TX,,Foreclosure Sale,FRCL,2026-09-01,FRCL-2026-5245,,70,Foreclosure auction scheduled; Pre-foreclosure,Harris County Clerk,https://www.cclerk.hctx.net/applications/websearch/FRCL_R.aspx
,,,,TX,,,,TX,,Foreclosure Sale,FRCL,2026-09-01,FRCL-2026-5246,,70,Foreclosure auction scheduled; Pre-foreclosure,Harris County Clerk,https://www.cclerk.hctx.net/applications/websearch/FRCL_R.aspx
,,,,TX,,,,TX,,Foreclosure Sale,FRCL,2026-09-01,FRCL-2026-5247,,70,Foreclosure auction scheduled; Pre-foreclosure,Harris County Clerk,https://www.cclerk.hctx.net/applications/websearch/FRCL_R.aspx
,,,,TX,,,,TX,,Foreclosure Sale,FRCL,2026-09-01,FRCL-2026-5248,,70,Foreclosure auction scheduled; Pre-foreclosure,Harris County Clerk,https://www.cclerk.hctx.net/applications/websearch/FRCL_R.aspx
,,,,TX,,,,TX,,Foreclosure Sale,FRCL,2026-09-01,FRCL-2026-5251,,70,Foreclosure auction scheduled; Pre-foreclosure,Harris County Clerk,https://www.cclerk.hctx.net/applications/websearch/FRCL_R.aspx
,,,,TX,,,,TX,,Foreclosure Sale,FRCL,2026-09-01,FRCL-2026-5260,,70,Foreclosure auction scheduled; Pre-foreclosure,Harris County Clerk,https://www.cclerk.hctx.net/applications/websearch/FRCL_R.aspx
,,,,TX,,,,TX,,Foreclosure Sale,FRCL,2026-09-01,FRCL-2026-5262,,70,Foreclosure auction scheduled; Pre-foreclosure,Harris County Clerk,https://www.cclerk.hctx.net/applications/websearch/FRCL_R.aspx
,,,,TX,,,,TX,,Foreclosure Sale,FRCL,2026-09-01,FRCL-2026-5267,,70,Foreclosure auction scheduled; Pre-foreclosure,Harris County Clerk,https://www.cclerk.hctx.net/applications/websearch/FRCL_R.aspx
,,,,TX,,,,TX,,Foreclosure Sale,FRCL,2026-09-01,FRCL-2026-5268,,70,Foreclosure auction scheduled; Pre-foreclosure,Harris County Clerk,https://www.cclerk.hctx.net/applications/websearch/FRCL_R.aspx
,,,,TX,,,,TX,,Foreclosure Sale,FRCL,2026-09-01,FRCL-2026-5269,,70,Foreclosure auction scheduled; Pre-foreclosure,Harris County Clerk,https://www.cclerk.hctx.net/applications/websearch/FRCL_R.aspx
,,,,TX,,,,TX,,Foreclosure Sale,FRCL,2026-09-01,FRCL-2026-5272,,70,Foreclosure auction scheduled; Pre-foreclosure,Harris County Clerk,https://www.cclerk.hctx.net/applications/websearch/FRCL_R.aspx
,,,,TX,,,,TX,,Foreclosure Sale,FRCL,2026-09-01,FRCL-2026-5270,,70,Foreclosure auction scheduled; Pre-foreclosure,Harris County Clerk,https://www.cclerk.hctx.net/applications/websearch/FRCL_R.aspx
,,,,TX,,,,TX,,Foreclosure Sale,FRCL,2026-09-01,FRCL-2026-5273,,70,Foreclosure auction scheduled; Pre-foreclosure,Harris County Clerk,https://www.cclerk.hctx.net/applications/websearch/FRCL_R.aspx
,,,,TX,,,,TX,,Foreclosure Sale,FRCL,2026-09-01,FRCL-2026-5274,,70,Foreclosure auction scheduled; Pre-foreclosure,Harris County Clerk,https://www.cclerk.hctx.net/applications/websearch/FRCL_R.aspx
,,,,TX,,,,TX,,Foreclosure Sale,FRCL,2026-09-01,FRCL-2026-5275,,70,Foreclosure auction scheduled; Pre-foreclosure,Harris County Clerk,https://www.cclerk.hctx.net/applications/websearch/FRCL_R.aspx
,,,,TX,,,,TX,,Foreclosure Sale,FRCL,2026-09-01,FRCL-2026-5276,,70,Foreclosure auction scheduled; Pre-foreclosure,Harris County Clerk,https://www.cclerk.hctx.net/applications/websearch/FRCL_R.aspx
,,,,TX,,,,TX,,Foreclosure Sale,FRCL,2026-09-01,FRCL-2026-5277,,70,Foreclosure auction scheduled; Pre-foreclosure,Harris County Clerk,https://www.cclerk.hctx.net/applications/websearch/FRCL_R.aspx
,,,,TX,,,,TX,,Foreclosure Sale,FRCL,2026-09-01,FRCL-2026-5278,,70,Foreclosure auction scheduled; Pre-foreclosure,Harris County Clerk,https://www.cclerk.hctx.net/applications/websearch/FRCL_R.aspx
,,,,TX,,,,TX,,Foreclosure Sale,FRCL,2026-09-01,FRCL-2026-5282,,70,Foreclosure auction scheduled; Pre-foreclosure,Harris County Clerk,https://www.cclerk.hctx.net/applications/websearch/FRCL_R.aspx
,,,,TX,,,,TX,,Foreclosure Sale,FRCL,2026-09-01,FRCL-2026-5286,,70,Foreclosure auction scheduled; Pre-foreclosure,Harris County Clerk,https://www.cclerk.hctx.net/applications/websearch/FRCL_R.aspx
,,,,TX,,,,TX,,Foreclosure Sale,FRCL,2026-09-01,FRCL-2026-5284,,70,Foreclosure auction scheduled; Pre-foreclosure,Harris County Clerk,https://www.cclerk.hctx.net/applications/websearch/FRCL_R.aspx
,,,,TX,,,,TX,,Foreclosure Sale,FRCL,2026-09-01,FRCL-2026-5285,,70,Foreclosure auction scheduled; Pre-foreclosure,Harris County Clerk,https://www.cclerk.hctx.net/applications/websearch/FRCL_R.aspx
,,,,TX,,,,TX,,Foreclosure Sale,FRCL,2026-09-01,FRCL-2026-5309,,70,Foreclosure auction scheduled; Pre-foreclosure,Harris County Clerk,https://www.cclerk.hctx.net/applications/websearch/FRCL_R.aspx
,,,,TX,,,,TX,,Foreclosure Sale,FRCL,2026-09-01,FRCL-2026-5288,,70,Foreclosure auction scheduled; Pre-foreclosure,Harris County Clerk,https://www.cclerk.hctx.net/applications/websearch/FRCL_R.aspx
,,,,TX,,,,TX,,Foreclosure Sale,FRCL,2026-09-01,FRCL-2026-5289,,70,Foreclosure auction scheduled; Pre-foreclosure,Harris County Clerk,https://www.cclerk.hctx.net/applications/websearch/FRCL_R.aspx
,,,,TX,,,,TX,,Foreclosure Sale,FRCL,2026-09-01,FRCL-2026-5290,,70,Foreclosure auction scheduled; Pre-foreclosure,Harris County Clerk,https://www.cclerk.hctx.net/applications/websearch/FRCL_R.aspx
,,,,TX,,,,TX,,Foreclosure Sale,FRCL,2026-09-01,FRCL-2026-5291,,70,Foreclosure auction scheduled; Pre-foreclosure,Harris County Clerk,https://www.cclerk.hctx.net/applications/websearch/FRCL_R.aspx
,,,,TX,,,,TX,,Foreclosure Sale,FRCL,2026-09-01,FRCL-2026-5292,,70,Foreclosure auction scheduled; Pre-foreclosure,Harris County Clerk,https://www.cclerk.hctx.net/applications/websearch/FRCL_R.aspx
,,,,TX,,,,TX,,Foreclosure Sale,FRCL,2026-09-01,FRCL-2026-5293,,70,Foreclosure auction scheduled; Pre-foreclosure,Harris County Clerk,https://www.cclerk.hctx.net/applications/websearch/FRCL_R.aspx
,,,,TX,,,,TX,,Foreclosure Sale,FRCL,2026-09-01,FRCL-2026-5294,,70,Foreclosure auction scheduled; Pre-foreclosure,Harris County Clerk,https://www.cclerk.hctx.net/applications/websearch/FRCL_R.aspx
,,,,TX,,,,TX,,Foreclosure Sale,FRCL,2026-09-01,FRCL-2026-5295,,70,Foreclosure auction scheduled; Pre-foreclosure,Harris County Clerk,https://www.cclerk.hctx.net/applications/websearch/FRCL_R.aspx
,,,,TX,,,,TX,,Foreclosure Sale,FRCL,2026-09-01,FRCL-2026-5296,,70,Foreclosure auction scheduled; Pre-foreclosure,Harris County Clerk,https://www.cclerk.hctx.net/applications/websearch/FRCL_R.aspx
,,,,TX,,,,TX,,Foreclosure Sale,FRCL,2026-09-01,FRCL-2026-5297,,70,Foreclosure auction scheduled; Pre-foreclosure,Harris County Clerk,https://www.cclerk.hctx.net/applications/websearch/FRCL_R.aspx
,,,,TX,,,,TX,,Foreclosure Sale,FRCL,2026-09-01,FRCL-2026-5298,,70,Foreclosure auction scheduled; Pre-foreclosure,Harris County Clerk,https://www.cclerk.hctx.net/applications/websearch/FRCL_R.aspx
,,,,TX,,,,TX,,Foreclosure Sale,FRCL,2026-09-01,FRCL-2026-5299,,70,Foreclosure auction scheduled; Pre-foreclosure,Harris County Clerk,https://www.cclerk.hctx.net/applications/websearch/FRCL_R.aspx
,,,,TX,,,,TX,,Foreclosure Sale,FRCL,2026-09-01,FRCL-2026-5300,,70,Foreclosure auction scheduled; Pre-foreclosure,Harris County Clerk,https://www.cclerk.hctx.net/applications/websearch/FRCL_R.aspx
,,,,TX,,,,TX,,Foreclosure Sale,FRCL,2026-09-01,FRCL-2026-5301,,70,Foreclosure auction scheduled; Pre-foreclosure,Harris County Clerk,https://www.cclerk.hctx.net/applications/websearch/FRCL_R.aspx
,,,,TX,,,,TX,,Foreclosure Sale,FRCL,2026-09-01,FRCL-2026-5302,,70,Foreclosure auction scheduled; Pre-foreclosure,Harris County Clerk,https://www.cclerk.hctx.net/applications/websearch/FRCL_R.aspx
,,,,TX,,,,TX,,Foreclosure Sale,FRCL,2026-09-01,FRCL-2026-5303,,70,Foreclosure auction scheduled; Pre-foreclosure,Harris County Clerk,https://www.cclerk.hctx.net/applications/websearch/FRCL_R.aspx
,,,,TX,,,,TX,,Foreclosure Sale,FRCL,2026-09-01,FRCL-2026-5304,,70,Foreclosure auction scheduled; Pre-foreclosure,Harris County Clerk,https://www.cclerk.hctx.net/applications/websearch/FRCL_R.aspx
,,,,TX,,,,TX,,Foreclosure Sale,FRCL,2026-09-01,FRCL-2026-5305,,70,Foreclosure auction scheduled; Pre-foreclosure,Harris County Clerk,https://www.cclerk.hctx.net/applications/websearch/FRCL_R.aspx
,,,,TX,,,,TX,,Foreclosure Sale,FRCL,2026-09-01,FRCL-2026-5311,,70,Foreclosure auction scheduled; Pre-foreclosure,Harris County Clerk,https://www.cclerk.hctx.net/applications/websearch/FRCL_R.aspx
,,,,TX,,,,TX,,Foreclosure Sale,FRCL,2026-09-01,FRCL-2026-5312,,70,Foreclosure auction scheduled; Pre-foreclosure,Harris County Clerk,https://www.cclerk.hctx.net/applications/websearch/FRCL_R.aspx
,,,,TX,,,,TX,,Foreclosure Sale,FRCL,2026-09-01,FRCL-2026-5313,,70,Foreclosure auction scheduled; Pre-foreclosure,Harris County Clerk,https://www.cclerk.hctx.net/applications/websearch/FRCL_R.aspx
,,,,TX,,,,TX,,Foreclosure Sale,FRCL,2026-09-01,FRCL-2026-5314,,70,Foreclosure auction scheduled; Pre-foreclosure,Harris County Clerk,https://www.cclerk.hctx.net/applications/websearch/FRCL_R.aspx
,,,,TX,,,,TX,,Foreclosure Sale,FRCL,2026-09-01,FRCL-2026-5315,,70,Foreclosure auction scheduled; Pre-foreclosure,Harris County Clerk,https://www.cclerk.hctx.net/applications/websearch/FRCL_R.aspx
,,,,TX,,,,TX,,Foreclosure Sale,FRCL,2026-09-01,FRCL-2026-5316,,70,Foreclosure auction scheduled; Pre-foreclosure,Harris County Clerk,https://www.cclerk.hctx.net/applications/websearch/FRCL_R.aspx
,,,,TX,,,,TX,,Foreclosure Sale,FRCL,2026-09-01,FRCL-2026-5317,,70,Foreclosure auction scheduled; Pre-foreclosure,Harris County Clerk,https://www.cclerk.hctx.net/applications/websearch/FRCL_R.aspx
,,,,TX,,,,TX,,Foreclosure Sale,FRCL,2026-09-01,FRCL-2026-5333,,70,Foreclosure auction scheduled; Pre-foreclosure,Harris County Clerk,https://www.cclerk.hctx.net/applications/websearch/FRCL_R.aspx
,,,,TX,,,,TX,,Foreclosure Sale,FRCL,2026-09-01,FRCL-2026-5335,,70,Foreclosure auction scheduled; Pre-foreclosure,Harris County Clerk,https://www.cclerk.hctx.net/applications/websearch/FRCL_R.aspx
,,,,TX,,,,TX,,Foreclosure Sale,FRCL,2026-09-01,FRCL-2026-5336,,70,Foreclosure auction scheduled; Pre-foreclosure,Harris County Clerk,https://www.cclerk.hctx.net/applications/websearch/FRCL_R.aspx
,,,,TX,,,,TX,,Foreclosure Sale,FRCL,2026-09-01,FRCL-2026-5337,,70,Foreclosure auction scheduled; Pre-foreclosure,Harris County Clerk,https://www.cclerk.hctx.net/applications/websearch/FRCL_R.aspx
,,,,TX,,,,TX,,Foreclosure Sale,FRCL,2026-09-01,FRCL-2026-5338,,70,Foreclosure auction scheduled; Pre-foreclosure,Harris County Clerk,https://www.cclerk.hctx.net/applications/websearch/FRCL_R.aspx
,,,,TX,,,,TX,,Foreclosure Sale,FRCL,2026-09-01,FRCL-2026-5339,,70,Foreclosure auction scheduled; Pre-foreclosure,Harris County Clerk,https://www.cclerk.hctx.net/applications/websearch/FRCL_R.aspx
,,,,TX,,,,TX,,Foreclosure Sale,FRCL,2026-09-01,FRCL-2026-5340,,70,Foreclosure auction scheduled; Pre-foreclosure,Harris County Clerk,https://www.cclerk.hctx.net/applications/websearch/FRCL_R.aspx
,,,,TX,,,,TX,,Foreclosure Sale,FRCL,2026-09-01,FRCL-2026-5342,,70,Foreclosure auction scheduled; Pre-foreclosure,Harris County Clerk,https://www.cclerk.hctx.net/applications/websearch/FRCL_R.aspx
,,,,TX,,,,TX,,Foreclosure Sale,FRCL,2026-09-01,FRCL-2026-5343,,70,Foreclosure auction scheduled; Pre-foreclosure,Harris County Clerk,https://www.cclerk.hctx.net/applications/websearch/FRCL_R.aspx
,,,,TX,,,,TX,,Foreclosure Sale,FRCL,2026-09-01,FRCL-2026-5344,,70,Foreclosure auction scheduled; Pre-foreclosure,Harris County Clerk,https://www.cclerk.hctx.net/applications/websearch/FRCL_R.aspx
,,,,TX,,,,TX,,Foreclosure Sale,FRCL,2026-09-01,FRCL-2026-5345,,70,Foreclosure auction scheduled; Pre-foreclosure,Harris County Clerk,https://www.cclerk.hctx.net/applications/websearch/FRCL_R.aspx
,,,,TX,,,,TX,,Foreclosure Sale,FRCL,2026-09-01,FRCL-2026-5347,,70,Foreclosure auction scheduled; Pre-foreclosure,Harris County Clerk,https://www.cclerk.hctx.net/applications/websearch/FRCL_R.aspx
,,,,TX,,,,TX,,Foreclosure Sale,FRCL,2026-09-01,FRCL-2026-5348,,70,Foreclosure auction scheduled; Pre-foreclosure,Harris County Clerk,https://www.cclerk.hctx.net/applications/websearch/FRCL_R.aspx
,,,,TX,,,,TX,,Foreclosure Sale,FRCL,2026-09-01,FRCL-2026-5350,,70,Foreclosure auction scheduled; Pre-foreclosure,Harris County Clerk,https://www.cclerk.hctx.net/applications/websearch/FRCL_R.aspx
,,,,TX,,,,TX,,Foreclosure Sale,FRCL,2026-09-01,FRCL-2026-5351,,70,Foreclosure auction scheduled; Pre-foreclosure,Harris County Clerk,https://www.cclerk.hctx.net/applications/websearch/FRCL_R.aspx
,,,,TX,,,,TX,,Foreclosure Sale,FRCL,2026-09-01,FRCL-2026-5352,,70,Foreclosure auction scheduled; Pre-foreclosure,Harris County Clerk,https://www.cclerk.hctx.net/applications/websearch/FRCL_R.aspx
,,,,TX,,,,TX,,Foreclosure Sale,FRCL,2026-09-01,FRCL-2026-5353,,70,Foreclosure auction scheduled; Pre-foreclosure,Harris County Clerk,https://www.cclerk.hctx.net/applications/websearch/FRCL_R.aspx
,,,,TX,,,,TX,,Foreclosure Sale,FRCL,2026-09-01,FRCL-2026-5354,,70,Foreclosure auction scheduled; Pre-foreclosure,Harris County Clerk,https://www.cclerk.hctx.net/applications/websearch/FRCL_R.aspx
,,,,TX,,,,TX,,Foreclosure Sale,FRCL,2026-09-01,FRCL-2026-5330,,70,Foreclosure auction scheduled; Pre-foreclosure,Harris County Clerk,https://www.cclerk.hctx.net/applications/websearch/FRCL_R.aspx
,,,,TX,,,,TX,,Foreclosure Sale,FRCL,2026-09-01,FRCL-2026-5331,,70,Foreclosure auction scheduled; Pre-foreclosure,Harris County Clerk,https://www.cclerk.hctx.net/applications/websearch/FRCL_R.aspx
,,,,TX,,,,TX,,Foreclosure Sale,FRCL,2026-09-01,FRCL-2026-5332,,70,Foreclosure auction scheduled; Pre-foreclosure,Harris County Clerk,https://www.cclerk.hctx.net/applications/websearch/FRCL_R.aspx
,,,,TX,,,,TX,,Foreclosure Sale,FRCL,2026-09-01,FRCL-2026-5355,,70,Foreclosure auction scheduled; Pre-foreclosure,Harris County Clerk,https://www.cclerk.hctx.net/applications/websearch/FRCL_R.aspx
,,,,TX,,,,TX,,Foreclosure Sale,FRCL,2026-09-01,FRCL-2026-5356,,70,Foreclosure auction scheduled; Pre-foreclosure,Harris County Clerk,https://www.cclerk.hctx.net/applications/websearch/FRCL_R.aspx
,,,,TX,,,,TX,,Foreclosure Sale,FRCL,2026-09-01,FRCL-2026-5357,,70,Foreclosure auction scheduled; Pre-foreclosure,Harris County Clerk,https://www.cclerk.hctx.net/applications/websearch/FRCL_R.aspx
,,,,TX,,,,TX,,Foreclosure Sale,FRCL,2026-09-01,FRCL-2026-5358,,70,Foreclosure auction scheduled; Pre-foreclosure,Harris County Clerk,https://www.cclerk.hctx.net/applications/websearch/FRCL_R.aspx
,,,,TX,,,,TX,,Foreclosure Sale,FRCL,2026-09-01,FRCL-2026-5375,,70,Foreclosure auction scheduled; Pre-foreclosure,Harris County Clerk,https://www.cclerk.hctx.net/applications/websearch/FRCL_R.aspx
,,,,TX,,,,TX,,Foreclosure Sale,FRCL,2026-09-01,FRCL-2026-5376,,70,Foreclosure auction scheduled; Pre-foreclosure,Harris County Clerk,https://www.cclerk.hctx.net/applications/websearch/FRCL_R.aspx
,,,,TX,,,,TX,,Foreclosure Sale,FRCL,2026-09-01,FRCL-2026-5377,,70,Foreclosure auction scheduled; Pre-foreclosure,Harris County Clerk,https://www.cclerk.hctx.net/applications/websearch/FRCL_R.aspx
,,,,TX,,,,TX,,Foreclosure Sale,FRCL,2026-09-01,FRCL-2026-5378,,70,Foreclosure auction scheduled; Pre-foreclosure,Harris County Clerk,https://www.cclerk.hctx.net/applications/websearch/FRCL_R.aspx
,,,,TX,,,,TX,,Foreclosure Sale,FRCL,2026-09-01,FRCL-2026-5379,,70,Foreclosure auction scheduled; Pre-foreclosure,Harris County Clerk,https://www.cclerk.hctx.net/applications/websearch/FRCL_R.aspx
,,,,TX,,,,TX,,Foreclosure Sale,FRCL,2026-09-01,FRCL-2026-5380,,70,Foreclosure auction scheduled; Pre-foreclosure,Harris County Clerk,https://www.cclerk.hctx.net/applications/websearch/FRCL_R.aspx
,,,,TX,,,,TX,,Foreclosure Sale,FRCL,2026-09-01,FRCL-2026-5381,,70,Foreclosure auction scheduled; Pre-foreclosure,Harris County Clerk,https://www.cclerk.hctx.net/applications/websearch/FRCL_R.aspx
,,,,TX,,,,TX,,Foreclosure Sale,FRCL,2026-09-01,FRCL-2026-5382,,70,Foreclosure auction scheduled; Pre-foreclosure,Harris County Clerk,https://www.cclerk.hctx.net/applications/websearch/FRCL_R.aspx
,,,,TX,,,,TX,,Foreclosure Sale,FRCL,2026-09-01,FRCL-2026-5383,,70,Foreclosure auction scheduled; Pre-foreclosure,Harris County Clerk,https://www.cclerk.hctx.net/applications/websearch/FRCL_R.aspx
,,,,TX,,,,TX,,Foreclosure Sale,FRCL,2026-09-01,FRCL-2026-5384,,70,Foreclosure auction scheduled; Pre-foreclosure,Harris County Clerk,https://www.cclerk.hctx.net/applications/websearch/FRCL_R.aspx
,,,,TX,,,,TX,,Foreclosure Sale,FRCL,2026-09-01,FRCL-2026-5385,,70,Foreclosure auction scheduled; Pre-foreclosure,Harris County Clerk,https://www.cclerk.hctx.net/applications/websearch/FRCL_R.aspx
,,,,TX,,,,TX,,Foreclosure Sale,FRCL,2026-09-01,FRCL-2026-5386,,70,Foreclosure auction scheduled; Pre-foreclosure,Harris County Clerk,https://www.cclerk.hctx.net/applications/websearch/FRCL_R.aspx
,,,,TX,,,,TX,,Foreclosure Sale,FRCL,2026-09-01,FRCL-2026-5387,,70,Foreclosure auction scheduled; Pre-foreclosure,Harris County Clerk,https://www.cclerk.hctx.net/applications/websearch/FRCL_R.aspx
,,,,TX,,,,TX,,Foreclosure Sale,FRCL,2026-09-01,FRCL-2026-5388,,70,Foreclosure auction scheduled; Pre-foreclosure,Harris County Clerk,https://www.cclerk.hctx.net/applications/websearch/FRCL_R.aspx
,,,,TX,,,,TX,,Foreclosure Sale,FRCL,2026-09-01,FRCL-2026-5389,,70,Foreclosure auction scheduled; Pre-foreclosure,Harris County Clerk,https://www.cclerk.hctx.net/applications/websearch/FRCL_R.aspx
,,,,TX,,,,TX,,Foreclosure Sale,FRCL,2026-09-01,FRCL-2026-5390,,70,Foreclosure auction scheduled; Pre-foreclosure,Harris County Clerk,https://www.cclerk.hctx.net/applications/websearch/FRCL_R.aspx
,,,,TX,,,,TX,,Foreclosure Sale,FRCL,2026-09-01,FRCL-2026-5391,,70,Foreclosure auction scheduled; Pre-foreclosure,Harris County Clerk,https://www.cclerk.hctx.net/applications/websearch/FRCL_R.aspx
,,,,TX,,,,TX,,Foreclosure Sale,FRCL,2026-09-01,FRCL-2026-5392,,70,Foreclosure auction scheduled; Pre-foreclosure,Harris County Clerk,https://www.cclerk.hctx.net/applications/websearch/FRCL_R.aspx
,,,,TX,,,,TX,,Foreclosure Sale,FRCL,2026-09-01,FRCL-2026-5403,,70,Foreclosure auction scheduled; Pre-foreclosure,Harris County Clerk,https://www.cclerk.hctx.net/applications/websearch/FRCL_R.aspx
,,,,TX,,,,TX,,Foreclosure Sale,FRCL,2026-09-01,FRCL-2026-5405,,70,Foreclosure auction scheduled; Pre-foreclosure,Harris County Clerk,https://www.cclerk.hctx.net/applications/websearch/FRCL_R.aspx
,,,,TX,,,,TX,,Foreclosure Sale,FRCL,2026-09-01,FRCL-2026-5406,,70,Foreclosure auction scheduled; Pre-foreclosure,Harris County Clerk,https://www.cclerk.hctx.net/applications/websearch/FRCL_R.aspx
,,,,TX,,,,TX,,Foreclosure Sale,FRCL,2026-09-01,FRCL-2026-5407,,70,Foreclosure auction scheduled; Pre-foreclosure,Harris County Clerk,https://www.cclerk.hctx.net/applications/websearch/FRCL_R.aspx
,,,,TX,,,,TX,,Foreclosure Sale,FRCL,2026-09-01,FRCL-2026-5408,,70,Foreclosure auction scheduled; Pre-foreclosure,Harris County Clerk,https://www.cclerk.hctx.net/applications/websearch/FRCL_R.aspx
,,,,TX,,,,TX,,Foreclosure Sale,FRCL,2026-09-01,FRCL-2026-5409,,70,Foreclosure auction scheduled; Pre-foreclosure,Harris County Clerk,https://www.cclerk.hctx.net/applications/websearch/FRCL_R.aspx
,,,,TX,,,,TX,,Foreclosure Sale,FRCL,2026-09-01,FRCL-2026-5410,,70,Foreclosure auction scheduled; Pre-foreclosure,Harris County Clerk,https://www.cclerk.hctx.net/applications/websearch/FRCL_R.aspx
,,,,TX,,,,TX,,Foreclosure Sale,FRCL,2026-09-01,FRCL-2026-5411,,70,Foreclosure auction scheduled; Pre-foreclosure,Harris County Clerk,https://www.cclerk.hctx.net/applications/websearch/FRCL_R.aspx
,,,,TX,,,,TX,,Foreclosure Sale,FRCL,2026-09-01,FRCL-2026-5412,,70,Foreclosure auction scheduled; Pre-foreclosure,Harris County Clerk,https://www.cclerk.hctx.net/applications/websearch/FRCL_R.aspx
ROSEHILL,MEADOW COMMUNITY ASSOCIATION INC,,,TX,,,,TX,,Lien,LIEN,2026-09-30,RP-2026-396310,,65,Mechanic lien; LLC / corp owner; New this week,Harris County Clerk,https://www.cclerk.hctx.net/applications/websearch/RP.aspx
GREENSBROOK,COMMUNITY ASSOCIATION INC,,,TX,,,,TX,,Lien,LIEN,2026-09-29,RP-2026-393969,,65,Mechanic lien; LLC / corp owner; New this week,Harris County Clerk,https://www.cclerk.hctx.net/applications/websearch/RP.aspx
GREENSBROOK,COMMUNITY ASSOCIATION INC,,,TX,,,,TX,,Lien,LIEN,2026-09-29,RP-2026-393963,,65,Mechanic lien; LLC / corp owner; New this week,Harris County Clerk,https://www.cclerk.hctx.net/applications/websearch/RP.aspx
DELL,FINANCIAL SERVICES LLC,,,TX,,,,TX,,Abstract of Judgment,A/J,2026-10-02,RP-2026-401725,,65,Judgment lien; LLC / corp owner; New this week,Harris County Clerk,https://www.cclerk.hctx.netEComm/ViewEdocs.aspx?ID=ihpahpMbvcoWkF5RdbzIVa8326j0G3to7ZDMyD9Nf0PtSlqiHZlSJUN2BDZt/yqEIhTvr7qJxffyPpLm2JAINVu6SaNtAceQWC5kg/AfZ49mSziKvvOpPG5x6XjozEsGzBQvxP7bk7qnRQ+CCbMagQ==
MIDLAND,CREDIT MANAGEMENT INC,,,TX,,,,TX,,Abstract of Judgment,A/J,2026-10-01,RP-2026-399861,,65,Judgment lien; LLC / corp owner; New this week,Harris County Clerk,https://www.cclerk.hctx.netEComm/ViewEdocs.aspx?ID=ihpahpMbvcoWkF5RdbzIVegZkcC3YAKSmuaqUteAtlkL2L8XZ5ZBNcGn5hdsM4rJnAiQeR0/vtuHsvnNp/bSWdx/ldfUP/6+maw0jL93uQFRjO5BQqEyq09qLmNEG0Ai4A7NQaUAgHj9BujS/bax7g==
MIDLAND,CREDIT MANAGEMENT INC,,,TX,,,,TX,,Abstract of Judgment,A/J,2026-10-01,RP-2026-399845,,65,Judgment lien; LLC / corp owner; New this week,Harris County Clerk,https://www.cclerk.hctx.netEComm/ViewEdocs.aspx?ID=ihpahpMbvcoWkF5RdbzIVQ9JCw+19rODy7Uil4agg4lWVFM7peUsVaj9xfIMoEjLCX+GNxWQA4eZ1EmBm8UUPdl6Z5l2PQfZYzXjLp+yXwIIkMlkQHdq3zcnHO5y/YMa6QKwfgJ+J081LEjrUStKuQ==
MIDLAND,CREDIT MANAGEMENT INC,,,TX,,,,TX,,Abstract of Judgment,A/J,2026-10-01,RP-2026-399626,,65,Judgment lien; LLC / corp owner; New this week,Harris County Clerk,https://www.cclerk.hctx.netEComm/ViewEdocs.aspx?ID=ihpahpMbvcoWkF5RdbzIVRzO49QzsMJGMueYvTuLkW9jmO5SlskwzC5zkiLmS/jLfZTf0P6H2fLYa/Vp4lXryOFxiHkvZhh+Y4xR75tTMx7feHPwCEH9ikRMXuzWEodT1fwjFe0D2WrFguuS/OB3Ag==
PALLIDA,LLC,,,TX,,,,TX,,Abstract of Judgment,A/J,2026-10-01,RP-2026-399618,,65,Judgment lien; LLC / corp owner; New this week,Harris County Clerk,https://www.cclerk.hctx.netEComm/ViewEdocs.aspx?ID=ihpahpMbvcoWkF5RdbzIVdTMZe83wolj8tbUBZJumncznnPxM8MH1e1SFCiJeFLEnduOuaMuq9wRJgIIzHS1dcs5YNVwWtN3rVyu/56SOe0cIUcROo9jqfOM/p2DFLNWX5ZCro3bSh0YaDcDBajR6A==
NXCESS,MOTORCARS INC,,,TX,,,,TX,,Abstract of Judgment,A/J,2026-10-01,RP-2026-399529,,65,Judgment lien; LLC / corp owner; New this week,Harris County Clerk,https://www.cclerk.hctx.netEComm/ViewEdocs.aspx?ID=ihpahpMbvcoWkF5RdbzIVTmURgu+5nvnZ5r0XWdVw0t3FxactfvFeeoZjHqY7F97taMMlLa+GPtzqQvcC5J5Q1INEp9wlpHczUQVwF9ZlfrM7fCrq7jY2MuTjo4cucCOXkcZ3l1pG09Nn9H2Iok7ng==
SHANS,CARPETS AND FINE FLOORING INC,,,TX,,,,TX,,Abstract of Judgment,A/J,2026-10-01,RP-2026-399428,,65,Judgment lien; LLC / corp owner; New this week,Harris County Clerk,https://www.cclerk.hctx.netEComm/ViewEdocs.aspx?ID=ihpahpMbvcoWkF5RdbzIVZyW+mD70JKx6hvVMonBLbIFjKGhHMRHWwZiI+nGMCuBuZe56iFI+DRoXZ8XRLKsvdtbu1jPPSiCNkBY5DXSlekm4081NyVCS7SwVw573ct+TXHueqQwaZTry3I1AclNRg==
MANSFIELD,SERVICE PARTNERS SOUTH LLC,,,TX,,,,TX,,Abstract of Judgment,A/J,2026-10-01,RP-2026-399378,,65,Judgment lien; LLC / corp owner; New this week,Harris County Clerk,https://www.cclerk.hctx.netEComm/ViewEdocs.aspx?ID=ihpahpMbvcoWkF5RdbzIVVCahM2JaZCCpqgxV1j8FKp6WdDN3CzGRHuUJlfbh3vmiwPamkyuyFEjAIKhlRUcbA3xAu4a8nDgawx0LEjc6GjrwjrayTtw5XKwQIUUJdc1UhcyzA2xmtDtyi+gVeW3CA==
MARTIN,INDUSTRIAL CONTRACTING SERVICES INC,,,TX,,,,TX,,Abstract of Judgment,A/J,2026-10-01,RP-2026-399351,,65,Judgment lien; LLC / corp owner; New this week,Harris County Clerk,https://www.cclerk.hctx.netEComm/ViewEdocs.aspx?ID=ihpahpMbvcoWkF5RdbzIVfm9dF8luGQ53CaJuD3j+V9Gr0KOO8Za8oRHulRY6dqahJR845BJCeT6KA4rRmU/ieoC8O1KEZ3JVZGM1tpZJ2e1Gd+HPluKxafQpXv26GCnGYYMnoTTOrHncBPtUbx8LQ==
EBF,HOLDINGS LLC,,,TX,,,,TX,,Abstract of Judgment,A/J,2026-10-01,RP-2026-398905,,65,Judgment lien; LLC / corp owner; New this week,Harris County Clerk,https://www.cclerk.hctx.netEComm/ViewEdocs.aspx?ID=ihpahpMbvcoWkF5RdbzIVcwEXgMO4CLtFFTid7BxPXCx9mxKIGveq2hgN9eZmKWUZmgjoKcTNjHPP6OUYOg8Gv8kgS9AeDTtMXOB8OVkXwbErZ0PiUCvqwMA7fqGL1+EsPCBwSQIplVVn375LmFweA==
MIDLAND,CREDIT MANAGEMENT INC,,,TX,,,,TX,,Abstract of Judgment,A/J,2026-10-01,RP-2026-398645,,65,Judgment lien; LLC / corp owner; New this week,Harris County Clerk,https://www.cclerk.hctx.netEComm/ViewEdocs.aspx?ID=ihpahpMbvcoWkF5RdbzIVe5cWiVbDNDg8SAt0hhrGBmw0m/NuseNNLFjZItDdUxy6Zz0bIAlL6iWT9EdvKy7Kar6kVoiD4iGoalYA8p0ak/F2rz521jGm/eXueZ3udSv/YGEDXhCdAf39ryMIjujMA==
MIDLAND,CREDIT MANAGEMENT INC,,,TX,,,,TX,,Abstract of Judgment,A/J,2026-10-01,RP-2026-398627,,65,Judgment lien; LLC / corp owner; New this week,Harris County Clerk,https://www.cclerk.hctx.netEComm/ViewEdocs.aspx?ID=ihpahpMbvcoWkF5RdbzIVcvLnGw+i4HhDGCR8Ax7xSUBc8hqpNZuZuGhoMfYx5Rl+QcvjXcO0XnYkrBOKYbNXPlZwuot8hJUBIHOg3x0xi+b6/cqH5ZLHml3tx5KzE0bp5QVCwHS3bV5y6CKK9+5Bg==
MIDLAND,CREDIT MANAGEMENT INC,,,TX,,,,TX,,Abstract of Judgment,A/J,2026-10-01,RP-2026-398626,,65,Judgment lien; LLC / corp owner; New this week,Harris County Clerk,https://www.cclerk.hctx.netEComm/ViewEdocs.aspx?ID=ihpahpMbvcoWkF5RdbzIVcsqPL45TbfJbhZU6lQxvM6qUFYEDWyT4Uwang3g60tCp1pybdqDpAHliDJIYRkXh2CtrqPpouijlnEBfMUs351bf5Qw5eE2c15CSs3/OnMRKnKXZVDZPksmnPBp6cFE+w==
TRUFUND,FINANCIAL SERVICES INC,,,TX,,,,TX,,Abstract of Judgment,A/J,2026-09-30,RP-2026-397136,,65,Judgment lien; LLC / corp owner; New this week,Harris County Clerk,https://www.cclerk.hctx.netEComm/ViewEdocs.aspx?ID=ihpahpMbvcoWkF5RdbzIVb4p3fWLX5YRNaj6U2nUQexExsGnuqzWlGc1toOQZK8Q841OLCcpG+BxzFekcy4ECl31XN7Fq2LCLp/34NIBnjM29DFjjqWjXVFCr9AVxfL9gEuBJcZ9RtlYC0F1n2oiMQ==
CAVALRY,SPV I LLC,,,TX,,,,TX,,Abstract of Judgment,A/J,2026-09-29,RP-2026-395351,,65,Judgment lien; LLC / corp owner; New this week,Harris County Clerk,https://www.cclerk.hctx.netEComm/ViewEdocs.aspx?ID=ihpahpMbvcoWkF5RdbzIVW8NaiX9B2U8EQFtGVk74n6aBCudqvYvh/ckIr+wJ4Prmw9+5DHLlops1wIUpfg6GgGjkzVK0iHd9PrpCKSlaXseKNh66W/dvWUaz+/9AVrhFunaBSDnA7Qq+6SPiGIhQQ==
CAVALRY,SPV I LLC,,,TX,,,,TX,,Abstract of Judgment,A/J,2026-09-29,RP-2026-395350,,65,Judgment lien; LLC / corp owner; New this week,Harris County Clerk,https://www.cclerk.hctx.netEComm/ViewEdocs.aspx?ID=ihpahpMbvcoWkF5RdbzIVV60h5DS/ggc4R7dasrmDVpdCRssk2E9vstxEXtPKNLkuC+EE7vhHQi5ym2NI4gBpeCbeCqQ607VEfBMlzx0VbLZiIQG6rpgyHmJZriAyBRY5QkkIYA9Z4o1P6NQeR6NEw==
CAVALRY,SPV I LLC,,,TX,,,,TX,,Abstract of Judgment,A/J,2026-09-29,RP-2026-395349,,65,Judgment lien; LLC / corp owner; New this week,Harris County Clerk,https://www.cclerk.hctx.netEComm/ViewEdocs.aspx?ID=ihpahpMbvcoWkF5RdbzIVSUZ089PPQZI3DXpwdhwQVzJi2URRArm2JvTxoy9gSbJ9hVNqhL0O5tGeRBqzPeEJoC/cjcBT6B6BA/sif6jRNJX51kH6KQKKqVVYYySWS9mc+mBpJ4dor/dbKlFqLCBZw==
CAVALRY,SPV I LLC,,,TX,,,,TX,,Abstract of Judgment,A/J,2026-09-29,RP-2026-395348,,65,Judgment lien; LLC / corp owner; New this week,Harris County Clerk,https://www.cclerk.hctx.netEComm/ViewEdocs.aspx?ID=ihpahpMbvcoWkF5RdbzIVan3HVF4SF7RBSl//WKxYl28YP1mSo3ywbum+SPIQ9KZuBykyiikVxzTn2poApUdPuK4x6osAwzMNp3oumim5qmkj8Uw3RvA0Jiy6qpEukY2oYkrubkT+X1YbjeAGMaLHA==
CAVALRY,SPV I LLC,,,TX,,,,TX,,Abstract of Judgment,A/J,2026-09-29,RP-2026-395347,,65,Judgment lien; LLC / corp owner; New this week,Harris County Clerk,https://www.cclerk.hctx.netEComm/ViewEdocs.aspx?ID=ihpahpMbvcoWkF5RdbzIVdorvdTuyLimz5ITyoxotti1CmGpz23BRcmStfJnnHunDpejhLkJz/+xxhBavLUkmgPU6ozw/JJf8cNMXTY2hdgnTG9fzkAip1eI05POFN4VkSSBLF7x6yRXW2AZQreqGg==
SECURITY,CREDIT SERVICES LLC,,,TX,,,,TX,,Abstract of Judgment,A/J,2026-09-29,RP-2026-395344,,65,Judgment lien; LLC / corp owner; New this week,Harris County Clerk,https://www.cclerk.hctx.netEComm/ViewEdocs.aspx?ID=ihpahpMbvcoWkF5RdbzIVZ5VG92BuK7IQSFuSAV2IyeKjcNrwOYZhTZLUg5i3mbjNW6rim8o8en1fpY4NxvwqSY5SbowtbZ3Xi2+GCY95APPG8AjN9RLV3VMixl4HO0n13oTxgYwIvXOYwP5/jQnUg==
SECURITY,CREDIT SERVICES LLC,,,TX,,,,TX,,Abstract of Judgment,A/J,2026-09-29,RP-2026-395343,,65,Judgment lien; LLC / corp owner; New this week,Harris County Clerk,https://www.cclerk.hctx.netEComm/ViewEdocs.aspx?ID=ihpahpMbvcoWkF5RdbzIVY1qmXh+RJAL33BgAOJwdnkFTn1LdBr2zEFZSsoKiQueSwOKQsROSAybeLum9JsALrEU9PpMCN8Hf711mKCC8DmiD3RNpyJbl9qP7Pw7CxWsxxom9eYIQ5cNHkK43rxRzA==
SECURITY,CREDIT SERVICES LLC,,,TX,,,,TX,,Abstract of Judgment,A/J,2026-09-29,RP-2026-395342,,65,Judgment lien; LLC / corp owner; New this week,Harris County Clerk,https://www.cclerk.hctx.netEComm/ViewEdocs.aspx?ID=ihpahpMbvcoWkF5RdbzIVSgo0tOJxyotqPoHR/JR8aIci7eLoVgP5xkb92wlKcALD+1a27oLt5ZnJwIQVacoA/vQZ2bj7tQ8olqWZ7KMWkKhdLWM2buCWIC5N8l+dcF4r+DOsrbOtIekQeom/RUyJA==
SECURITY,CREDIT SERVICES LLC,,,TX,,,,TX,,Abstract of Judgment,A/J,2026-09-29,RP-2026-395341,,65,Judgment lien; LLC / corp owner; New this week,Harris County Clerk,https://www.cclerk.hctx.netEComm/ViewEdocs.aspx?ID=ihpahpMbvcoWkF5RdbzIVWRC/DQJUiHA+/kviJZnZQQn9SYOuWKLMDKZvK/zSKytgTpMlfPwdxmjMODiD+OZAj3QG3mnGMBQ800EZbFoDOdhDrNOyNgPfOblV7Q3BdktnIpLUpjZyN6NtdcPMFAgCA==
SECURITY,CREDIT SERVICES LLC,,,TX,,,,TX,,Abstract of Judgment,A/J,2026-09-29,RP-2026-395340,,65,Judgment lien; LLC / corp owner; New this week,Harris County Clerk,https://www.cclerk.hctx.netEComm/ViewEdocs.aspx?ID=ihpahpMbvcoWkF5RdbzIVUrGqrrW0kplI/jMy08BJx2CEUSSAyOt/dam0OHF7M0XdINCaoEYvGcN352DStOIQP6mxTAht0CCgJUBjx4h4F5d7nd5gYovO4P8jDohj02+HnsCYItTUIFVQY10KzLVHg==
MIDLAND,CREDIT MANAGEMENT INC,,,TX,,,,TX,,Abstract of Judgment,A/J,2026-09-29,RP-2026-395285,,65,Judgment lien; LLC / corp owner; New this week,Harris County Clerk,https://www.cclerk.hctx.netEComm/ViewEdocs.aspx?ID=ihpahpMbvcoWkF5RdbzIVTenn5eN6n8HYp6xXAPJEGeJyULuXieKT65fEDnNWbtFx0Yztsja9qK5lC151QcJdnjbnlQWPBlPqqnxZSysleQbnSGNB1A6GsQeL9mZkcr2wOSvA+fodD1qC/UriQ59xw==
MIDLAND,CREDIT MANAGEMENT INC,,,TX,,,,TX,,Abstract of Judgment,A/J,2026-09-29,RP-2026-395283,,65,Judgment lien; LLC / corp owner; New this week,Harris County Clerk,https://www.cclerk.hctx.netEComm/ViewEdocs.aspx?ID=ihpahpMbvcoWkF5RdbzIVe0tGd9fDvIj9aYk5xpE6e/RZoRwmHpLDObwYaYuoGi00lRFVLznAGXzpNqoGP1YigYP6y61VrUu2HVn2t2prdnWt0/dfUt8qWFVVNivWVt7AyxhrHBM07WsLtmCjJv5ow==
CAVALRY,SPV I LLC,,,TX,,,,TX,,Abstract of Judgment,A/J,2026-09-29,RP-2026-394251,,65,Judgment lien; LLC / corp owner; New this week,Harris County Clerk,https://www.cclerk.hctx.netEComm/ViewEdocs.aspx?ID=ihpahpMbvcoWkF5RdbzIVSNOR7pqb3/wVQElxs8Z88eZzA2AIv0j6Kj9XcaRJGBU9HrgsBytIBLlbbHqN2F9h5s7JwLS9e3uDEK5PKeFYJUwxFvWiQB5E1tvrOnwQKg+pBtDhKPa3KPi/SJmYqeK+Q==
MIDLAND,CREDIT MANAGEMENT INC,,,TX,,,,TX,,Abstract of Judgment,A/J,2026-09-29,RP-2026-394202,,65,Judgment lien; LLC / corp owner; New this week,Harris County Clerk,https://www.cclerk.hctx.netEComm/ViewEdocs.aspx?ID=ihpahpMbvcoWkF5RdbzIVWfilTP29NeDtMOSqEinXuwVzwnJvT3qS5zeYB6RhuDfD88y3jZPjy+6WOzKcxVhYvSo+g6PBVlfjS25Ee2qkx8gUf6AiBbS6v+UsIoWxJps6Hyid8teTWSI4cUQJghIhA==
MIDLAND,CREDIT MANAGEMENT INC,,,TX,,,,TX,,Abstract of Judgment,A/J,2026-09-29,RP-2026-394199,,65,Judgment lien; LLC / corp owner; New this week,Harris County Clerk,https://www.cclerk.hctx.netEComm/ViewEdocs.aspx?ID=ihpahpMbvcoWkF5RdbzIVUZ+QQSM55qfYcVJhxaEtPkKByHswXDPIuWXYKsNNVx+Ntw7cxh86w/no6VKQREzrmmVUe39iNhhmDEzFNZ97ibCttResVCF2iHkdqYgw+RwIo62xRpGWgdi47dcjoqQKg==
MIDLAND,CREDIT MANAGEMENT INC,,,TX,,,,TX,,Abstract of Judgment,A/J,2026-09-29,RP-2026-394198,,65,Judgment lien; LLC / corp owner; New this week,Harris County Clerk,https://www.cclerk.hctx.netEComm/ViewEdocs.aspx?ID=ihpahpMbvcoWkF5RdbzIVY1A57EidZyDkG2mqTz7nTVKaZVGNEhZIIhetN5SqtoD8+dLxFdwP4gKMoApxZ5BgqO9kL0mfYDlcKkBP//x0wosJsGeGYtDBkvy/6SSBLWUnlF+qvlJiPb+N2Tg8T94BA==
MIDLAND,CREDIT MANAGEMENT INC,,,TX,,,,TX,,Abstract of Judgment,A/J,2026-09-29,RP-2026-394195,,65,Judgment lien; LLC / corp owner; New this week,Harris County Clerk,https://www.cclerk.hctx.netEComm/ViewEdocs.aspx?ID=ihpahpMbvcoWkF5RdbzIVT5Lx4KE3vmipB0a4TKnPIOkqRgpWhkJoHNEMXmUsuyzdTrp2aY/9XCONA6CF03bxmdUBjH1UxCkaF8P98Z79xZpQViaqbtqVOAwXoCoDZpz1/cLtWtro5OfulYuP+dzsw==
MIDLAND,CREDIT MANAGEMENT INC,,,TX,,,,TX,,Abstract of Judgment,A/J,2026-09-29,RP-2026-394194,,65,Judgment lien; LLC / corp owner; New this week,Harris County Clerk,https://www.cclerk.hctx.netEComm/ViewEdocs.aspx?ID=ihpahpMbvcoWkF5RdbzIVfVd1MHHJBXE81IiOAhX2f2LZ6aeiIbXSyeFRBXffgRVsH1nS2IrJoJt1cqYDjL+pH2xbEAA5sl7frO0iVToiJTc3YdsKhMkCkOO3unT4KZOpkf7Qjo4TtFOnia0C9+7Dg==
MIDLAND,CREDIT MANAGEMENT INC,,,TX,,,,TX,,Abstract of Judgment,A/J,2026-09-29,RP-2026-394190,,65,Judgment lien; LLC / corp owner; New this week,Harris County Clerk,https://www.cclerk.hctx.netEComm/ViewEdocs.aspx?ID=ihpahpMbvcoWkF5RdbzIVW/Y39zz3YZuiH1l48dgsYwpShadrOCyMdIuj8GqeAAe/Iry5ujUy+6DrocixiLPIdkq1FtwOLSPXgNrWdxJlPw5zo50ky1JQDU89NkDZPB2XcIgnQrWLFVck8NYzVDk6Q==
MIDLAND,CREDIT MANAGEMENT INC,,,TX,,,,TX,,Abstract of Judgment,A/J,2026-09-29,RP-2026-394189,,65,Judgment lien; LLC / corp owner; New this week,Harris County Clerk,https://www.cclerk.hctx.netEComm/ViewEdocs.aspx?ID=ihpahpMbvcoWkF5RdbzIVbCWnuSi0FCYQQcanUQ0CRbX+kn9BqRbQ1drRd+An7aEMOG2oK+ljMHFco7pkyY7QZqfEJOGkceR957lGLKm5EgYXU7VaV3gXmUcr7D6xe2dKGJDGVHSDvuKXcV1yLU5UA==
CITY,OF BAYTOWN,PO BOX 2805,BAYTOWN,TX,77522-2805,0 BAYWAY DR,BAYTOWN,TX,77520,Lien,LIEN,2026-10-02,RP-2026-401049,,60,Mechanic lien; New this week,Harris County Clerk,https://www.cclerk.hctx.net/applications/websearch/RP.aspx
CITY,OF BAYTOWN,PO BOX 2805,BAYTOWN,TX,77522-2805,0 BAYWAY DR,BAYTOWN,TX,77520,Lien,LIEN,2026-10-02,RP-2026-401048,,60,Mechanic lien; New this week,Harris County Clerk,https://www.cclerk.hctx.net/applications/websearch/RP.aspx
CITY,OF BAYTOWN,PO BOX 2805,BAYTOWN,TX,77522-2805,0 BAYWAY DR,BAYTOWN,TX,77520,Lien,LIEN,2026-10-02,RP-2026-401047,,60,Mechanic lien; New this week,Harris County Clerk,https://www.cclerk.hctx.net/applications/websearch/RP.aspx
CITY,OF BAYTOWN,PO BOX 2805,BAYTOWN,TX,77522-2805,0 BAYWAY DR,BAYTOWN,TX,77520,Lien,LIEN,2026-10-02,RP-2026-401046,,60,Mechanic lien; New this week,Harris County Clerk,https://www.cclerk.hctx.net/applications/websearch/RP.aspx
CITY,OF BAYTOWN,PO BOX 2805,BAYTOWN,TX,77522-2805,0 BAYWAY DR,BAYTOWN,TX,77520,Lien,LIEN,2026-10-02,RP-2026-401045,,60,Mechanic lien; New this week,Harris County Clerk,https://www.cclerk.hctx.net/applications/websearch/RP.aspx
CITY,OF BAYTOWN,PO BOX 2805,BAYTOWN,TX,77522-2805,0 BAYWAY DR,BAYTOWN,TX,77520,Lien,LIEN,2026-10-02,RP-2026-401044,,60,Mechanic lien; New this week,Harris County Clerk,https://www.cclerk.hctx.net/applications/websearch/RP.aspx
CITY,OF BAYTOWN,PO BOX 2805,BAYTOWN,TX,77522-2805,0 BAYWAY DR,BAYTOWN,TX,77520,Lien,LIEN,2026-10-02,RP-2026-401043,,60,Mechanic lien; New this week,Harris County Clerk,https://www.cclerk.hctx.net/applications/websearch/RP.aspx
CITY,OF BAYTOWN,PO BOX 2805,BAYTOWN,TX,77522-2805,0 BAYWAY DR,BAYTOWN,TX,77520,Lien,LIEN,2026-10-02,RP-2026-401042,,60,Mechanic lien; New this week,Harris County Clerk,https://www.cclerk.hctx.net/applications/websearch/RP.aspx
CITY,OF BAYTOWN,PO BOX 2805,BAYTOWN,TX,77522-2805,0 BAYWAY DR,BAYTOWN,TX,77520,Lien,LIEN,2026-10-02,RP-2026-401041,,60,Mechanic lien; New this week,Harris County Clerk,https://www.cclerk.hctx.net/applications/websearch/RP.aspx
CITY,OF BAYTOWN,PO BOX 2805,BAYTOWN,TX,77522-2805,0 BAYWAY DR,BAYTOWN,TX,77520,Lien,LIEN,2026-10-02,RP-2026-401040,,60,Mechanic lien; New this week,Harris County Clerk,https://www.cclerk.hctx.net/applications/websearch/RP.aspx
CITY,OF BAYTOWN,PO BOX 2805,BAYTOWN,TX,77522-2805,0 BAYWAY DR,BAYTOWN,TX,77520,Lien,LIEN,2026-10-02,RP-2026-401039,,60,Mechanic lien; New this week,Harris County Clerk,https://www.cclerk.hctx.net/applications/websearch/RP.aspx
CITY,OF BAYTOWN,PO BOX 2805,BAYTOWN,TX,77522-2805,0 BAYWAY DR,BAYTOWN,TX,77520,Lien,LIEN,2026-10-02,RP-2026-401038,,60,Mechanic lien; New this week,Harris County Clerk,https://www.cclerk.hctx.net/applications/websearch/RP.aspx
CITY,OF BAYTOWN,PO BOX 2805,BAYTOWN,TX,77522-2805,0 BAYWAY DR,BAYTOWN,TX,77520,Lien,LIEN,2026-10-02,RP-2026-401037,,60,Mechanic lien; New this week,Harris County Clerk,https://www.cclerk.hctx.net/applications/websearch/RP.aspx
CITY,OF BAYTOWN,PO BOX 2805,BAYTOWN,TX,77522-2805,0 BAYWAY DR,BAYTOWN,TX,77520,Lien,LIEN,2026-10-02,RP-2026-401036,,60,Mechanic lien; New this week,Harris County Clerk,https://www.cclerk.hctx.net/applications/websearch/RP.aspx
CITY,OF BAYTOWN,PO BOX 2805,BAYTOWN,TX,77522-2805,0 BAYWAY DR,BAYTOWN,TX,77520,Lien,LIEN,2026-10-02,RP-2026-401035,,60,Mechanic lien; New this week,Harris County Clerk,https://www.cclerk.hctx.net/applications/websearch/RP.aspx
CITY,OF BAYTOWN,PO BOX 2805,BAYTOWN,TX,77522-2805,0 BAYWAY DR,BAYTOWN,TX,77520,Lien,LIEN,2026-10-02,RP-2026-401034,,60,Mechanic lien; New this week,Harris County Clerk,https://www.cclerk.hctx.net/applications/websearch/RP.aspx
CITY,OF BAYTOWN,PO BOX 2805,BAYTOWN,TX,77522-2805,0 BAYWAY DR,BAYTOWN,TX,77520,Lien,LIEN,2026-10-02,RP-2026-401033,,60,Mechanic lien; New this week,Harris County Clerk,https://www.cclerk.hctx.net/applications/websearch/RP.aspx
CITY,OF BAYTOWN,PO BOX 2805,BAYTOWN,TX,77522-2805,0 BAYWAY DR,BAYTOWN,TX,77520,Lien,LIEN,2026-10-02,RP-2026-401032,,60,Mechanic lien; New this week,Harris County Clerk,https://www.cclerk.hctx.net/applications/websearch/RP.aspx
CITY,OF BAYTOWN,PO BOX 2805,BAYTOWN,TX,77522-2805,0 BAYWAY DR,BAYTOWN,TX,77520,Lien,LIEN,2026-10-02,RP-2026-401031,,60,Mechanic lien; New this week,Harris County Clerk,https://www.cclerk.hctx.net/applications/websearch/RP.aspx
CITY,OF BAYTOWN,PO BOX 2805,BAYTOWN,TX,77522-2805,0 BAYWAY DR,BAYTOWN,TX,77520,Lien,LIEN,2026-10-02,RP-2026-401030,,60,Mechanic lien; New this week,Harris County Clerk,https://www.cclerk.hctx.net/applications/websearch/RP.aspx
CITY,OF BAYTOWN,PO BOX 2805,BAYTOWN,TX,77522-2805,0 BAYWAY DR,BAYTOWN,TX,77520,Lien,LIEN,2026-10-02,RP-2026-401029,,60,Mechanic lien; New this week,Harris County Clerk,https://www.cclerk.hctx.net/applications/websearch/RP.aspx
COLLINS,WILLIE JAMES,323 N 7TH ST,LA PORTE,TX,77571-3209,323 N 7TH ST,LA PORTE,TX,77571,Lien,LIEN,2026-10-02,RP-2026-400258,,60,Mechanic lien; New this week,Harris County Clerk,https://www.cclerk.hctx.net/applications/websearch/RP.aspx
HARRIS,COUNTY DOMESTIC RELATIONS OFFICE,9900 NORTHWEST FWY,HOUSTON,TX,77092-8601,1119 COMMERCE ST,HOUSTON,TX,77002,Lien,LIEN,2026-10-02,RP-2026-400180,,60,Mechanic lien; New this week,Harris County Clerk,https://www.cclerk.hctx.net/applications/websearch/RP.aspx
TOMLINSON,VIVIAN,6521 ROOS RD,HOUSTON,TX,77074-6327,6521 ROOS RD,HOUSTON,TX,77074,Lien,LIEN,2026-10-01,RP-2026-399709,,60,Mechanic lien; New this week,Harris County Clerk,https://www.cclerk.hctx.net/applications/websearch/RP.aspx
VALDES,ALEX S,22203 MALTA BLUFF DR,HOCKLEY,TX,77447-1428,22203 MALTA BLUFF DR,HOCKLEY,TX,77447,Lien,LIEN,2026-10-01,RP-2026-399572,,60,Mechanic lien; New this week,Harris County Clerk,https://www.cclerk.hctx.net/applications/websearch/RP.aspx
PERAZA,GRETEL,21542 OAK PARK TRAILS DR,KATY,TX,77450-5520,21542 OAK PARK TRAILS DR,KATY,TX,77450,Lien,LIEN,2026-10-01,RP-2026-398963,,60,Mechanic lien; New this week,Harris County Clerk,https://www.cclerk.hctx.net/applications/websearch/RP.aspx
PERAZA,ELIAS,PO BOX 1386,HOUSTON,TX,77251-1386,0 COMMERCE ST,HOUSTON,TX,77002,Lien,LIEN,2026-10-01,RP-2026-398962,,60,Mechanic lien; New this week,Harris County Clerk,https://www.cclerk.hctx.net/applications/websearch/RP.aspx
GUERRA,ERICK,PO BOX 1386,HOUSTON,TX,77251-1386,0 COMMERCE ST,HOUSTON,TX,77002,Lien,LIEN,2026-10-01,RP-2026-398959,,60,Mechanic lien; New this week,Harris County Clerk,https://www.cclerk.hctx.net/applications/websearch/RP.aspx
CITY,OF HOUSTON,PO BOX 1562,HOUSTON,TX,77251-1562,0 COMMERCE ST,HOUSTON,TX,77002,Lien,LIEN,2026-10-01,RP-2026-398930,,60,Mechanic lien; New this week,Harris County Clerk,https://www.cclerk.hctx.net/applications/websearch/RP.aspx
CITY,OF HOUSTON,PO BOX 1562,HOUSTON,TX,77251-1562,0 COMMERCE ST,HOUSTON,TX,77002,Lien,LIEN,2026-10-01,RP-2026-398929,,60,Mechanic lien; New this week,Harris County Clerk,https://www.cclerk.hctx.net/applications/websearch/RP.aspx
CITY,OF HOUSTON,PO BOX 1562,HOUSTON,TX,77251-1562,0 COMMERCE ST,HOUSTON,TX,77002,Lien,LIEN,2026-10-01,RP-2026-398928,,60,Mechanic lien; New this week,Harris County Clerk,https://www.cclerk.hctx.net/applications/websearch/RP.aspx
CITY,OF HOUSTON,PO BOX 1562,HOUSTON,TX,77251-1562,0 COMMERCE ST,HOUSTON,TX,77002,Lien,LIEN,2026-10-01,RP-2026-398927,,60,Mechanic lien; New this week,Harris County Clerk,https://www.cclerk.hctx.net/applications/websearch/RP.aspx
CITY,OF HOUSTON,PO BOX 1562,HOUSTON,TX,77251-1562,0 COMMERCE ST,HOUSTON,TX,77002,Lien,LIEN,2026-10-01,RP-2026-398926,,60,Mechanic lien; New this week,Harris County Clerk,https://www.cclerk.hctx.net/applications/websearch/RP.aspx
CITY,OF HOUSTON,PO BOX 1562,HOUSTON,TX,77251-1562,0 COMMERCE ST,HOUSTON,TX,77002,Lien,LIEN,2026-10-01,RP-2026-398925,,60,Mechanic lien; New this week,Harris County Clerk,https://www.cclerk.hctx.net/applications/websearch/RP.aspx
CITY,OF HOUSTON,PO BOX 1562,HOUSTON,TX,77251-1562,0 COMMERCE ST,HOUSTON,TX,77002,Lien,LIEN,2026-10-01,RP-2026-398924,,60,Mechanic lien; New this week,Harris County Clerk,https://www.cclerk.hctx.net/applications/websearch/RP.aspx
CITY,OF HOUSTON,PO BOX 1562,HOUSTON,TX,77251-1562,0 COMMERCE ST,HOUSTON,TX,77002,Lien,LIEN,2026-10-01,RP-2026-398923,,60,Mechanic lien; New this week,Harris County Clerk,https://www.cclerk.hctx.net/applications/websearch/RP.aspx
CITY,OF HOUSTON,PO BOX 1562,HOUSTON,TX,77251-1562,0 COMMERCE ST,HOUSTON,TX,77002,Lien,LIEN,2026-10-01,RP-2026-398922,,60,Mechanic lien; New this week,Harris County Clerk,https://www.cclerk.hctx.net/applications/websearch/RP.aspx
CITY,OF HOUSTON,PO BOX 1562,HOUSTON,TX,77251-1562,0 COMMERCE ST,HOUSTON,TX,77002,Lien,LIEN,2026-10-01,RP-2026-398921,,60,Mechanic lien; New this week,Harris County Clerk,https://www.cclerk.hctx.net/applications/websearch/RP.aspx
CITY,OF HOUSTON,PO BOX 1562,HOUSTON,TX,77251-1562,0 COMMERCE ST,HOUSTON,TX,77002,Lien,LIEN,2026-10-01,RP-2026-398920,,60,Mechanic lien; New this week,Harris County Clerk,https://www.cclerk.hctx.net/applications/websearch/RP.aspx
CITY,OF HOUSTON,PO BOX 1562,HOUSTON,TX,77251-1562,0 COMMERCE ST,HOUSTON,TX,77002,Lien,LIEN,2026-10-01,RP-2026-398919,,60,Mechanic lien; New this week,Harris County Clerk,https://www.cclerk.hctx.net/applications/websearch/RP.aspx
CITY,OF HOUSTON,PO BOX 1562,HOUSTON,TX,77251-1562,0 COMMERCE ST,HOUSTON,TX,77002,Lien,LIEN,2026-10-01,RP-2026-398918,,60,Mechanic lien; New this week,Harris County Clerk,https://www.cclerk.hctx.net/applications/websearch/RP.aspx
CITY,OF PASADENA,PO BOX 1562,HOUSTON,TX,77251-1562,0 COMMERCE ST,HOUSTON,TX,77002,Lien,LIEN,2026-09-30,RP-2026-396791,,60,Mechanic lien; New this week,Harris County Clerk,https://www.cclerk.hctx.net/applications/websearch/RP.aspx
MUSSELMAN,ASHLEIGH,10 MOONLIT RIDGE CT,TOMBALL,TX,77375-4470,42 PRONGHORN PL,SPRING,TX,77389,Lien,LIEN,2026-09-30,RP-2026-396697,,60,Mechanic lien; New this week,Harris County Clerk,https://www.cclerk.hctx.net/applications/websearch/RP.aspx
ALEJOS,ELIZABETH,4502 NOBLE CT,BAYTOWN,TX,77521-1883,4502 NOBLE CT,BAYTOWN,TX,77521,Lien,LIEN,2026-09-30,RP-2026-396634,,60,Mechanic lien; New this week,Harris County Clerk,https://www.cclerk.hctx.net/applications/websearch/RP.aspx
ROBLEDO,ALEJANDRO IBARRA,3705 CAMPBELL RD TRLR 54,HOUSTON,TX,77080-1308,3705 CAMPBELL RD 58,HOUSTON,TX,77080,Lien,LIEN,2026-09-30,RP-2026-396614,,60,Mechanic lien; New this week,Harris County Clerk,https://www.cclerk.hctx.net/applications/websearch/RP.aspx
HALAL,TACO COMPANY,PO BOX 1386,HOUSTON,TX,77251-1386,0 COMMERCE ST,HOUSTON,TX,77002,Lien,LIEN,2026-09-30,RP-2026-396613,,60,Mechanic lien; New this week,Harris County Clerk,https://www.cclerk.hctx.net/applications/websearch/RP.aspx
WALGREEN,CO,PO BOX 1159,DEERFIELD,IL,60015-6002,6360 SAN FELIPE ST,HOUSTON,TX,77057,Lien,LIEN,2026-09-30,RP-2026-396392,,60,Mechanic lien; New this week,Harris County Clerk,https://www.cclerk.hctx.net/applications/websearch/RP.aspx
ALONZO,KRESHONDA,PO BOX 1386,HOUSTON,TX,77251-1386,0 COMMERCE ST,HOUSTON,TX,77002,Lien,LIEN,2026-09-30,RP-2026-396376,,60,Mechanic lien; New this week,Harris County Clerk,https://www.cclerk.hctx.net/applications/websearch/RP.aspx
BARAJAS,LINDSEY ARLETTE,16439 2ND ST,CHANNELVIEW,TX,77530-4447,16439 2ND,CHANNELVIEW,TX,77530,Lien,LIEN,2026-09-30,RP-2026-396373,,60,Mechanic lien; New this week,Harris County Clerk,https://www.cclerk.hctx.net/applications/websearch/RP.aspx
HOFFMAN,CATHERINE,2200 WILLOWICK RD UNIT 3E,HOUSTON,TX,77027-4064,2200 WILLOWICK RD 3E,HOUSTON,TX,77027,Lien,LIEN,2026-09-30,RP-2026-396372,,60,Mechanic lien; New this week,Harris County Clerk,https://www.cclerk.hctx.net/applications/websearch/RP.aspx
ESTES,CALLIE,PO BOX 1386,HOUSTON,TX,77251-1386,0 COMMERCE ST,HOUSTON,TX,77002,Lien,LIEN,2026-09-30,RP-2026-396358,,60,Mechanic lien; New this week,Harris County Clerk,https://www.cclerk.hctx.net/applications/websearch/RP.aspx
BARAHONA,ZOILA C,PO BOX 1386,HOUSTON,TX,77251-1386,0 COMMERCE ST,HOUSTON,TX,77002,Lien,LIEN,2026-09-30,RP-2026-396357,,60,Mechanic lien; New this week,Harris County Clerk,https://www.cclerk.hctx.net/applications/websearch/RP.aspx
TAN,PISITH,PO BOX 1386,HOUSTON,TX,77251-1386,0 COMMERCE ST,HOUSTON,TX,77002,Lien,LIEN,2026-09-30,RP-2026-396353,,60,Mechanic lien; New this week,Harris County Clerk,https://www.cclerk.hctx.net/applications/websearch/RP.aspx
ALVARADO,SERGIO SAUCEDO,8014 ADRIAN ST,HOUSTON,TX,77012-3608,8014 ADRIAN ST,HOUSTON,TX,77012,Lien,LIEN,2026-09-30,RP-2026-396349,,60,Mechanic lien; New this week,Harris County Clerk,https://www.cclerk.hctx.net/applications/websearch/RP.aspx
VU,MICHAEL MINH,5910 HUMMINGBIRD ST,HOUSTON,TX,77096-5828,5910 HUMMINGBIRD ST,HOUSTON,TX,77096,Lien,LIEN,2026-09-30,RP-2026-396347,,60,Mechanic lien; New this week,Harris County Clerk,https://www.cclerk.hctx.net/applications/websearch/RP.aspx
SALLIE,CHEQUETHIA,PO BOX 1386,HOUSTON,TX,77251-1386,0 COMMERCE ST,HOUSTON,TX,77002,Lien,LIEN,2026-09-30,RP-2026-396346,,60,Mechanic lien; New this week,Harris County Clerk,https://www.cclerk.hctx.net/applications/websearch/RP.aspx
HAWKINS,KIMBERLY JEWEL,1908 LEROY DR,PASADENA,TX,77502-2312,419 BROWN DR,PASADENA,TX,77506,Lien,LIEN,2026-09-30,RP-2026-396197,,60,Mechanic lien; New this week,Harris County Clerk,https://www.cclerk.hctx.net/applications/websearch/RP.aspx
MARMOLEJO,DIANA,8406 JAMES FRANKLIN ST,HOUSTON,TX,77088-6045,8406 JAMES FRANKLIN ST,HOUSTON,TX,77088,Lien,LIEN,2026-09-30,RP-2026-396157,,60,Mechanic lien; New this week,Harris County Clerk,https://www.cclerk.hctx.net/applications/websearch/RP.aspx
HERNANDEZ,MARIELY,6814 MOSS ROSE ST,HOUSTON,TX,77087-2604,6814 MOSS ROSE ST,HOUSTON,TX,77087,Lien,LIEN,2026-09-30,RP-2026-396156,,60,Mechanic lien; New this week,Harris County Clerk,https://www.cclerk.hctx.net/applications/websearch/RP.aspx
TEXAS,ANESTHESIA PARTNERS,PO BOX 1386,HOUSTON,TX,77251-1386,0 COMMERCE ST,HOUSTON,TX,77002,Lien,LIEN,2026-09-29,RP-2026-395184,,60,Mechanic lien; New this week,Harris County Clerk,https://www.cclerk.hctx.net/applications/websearch/RP.aspx
OSD,MANAGEMENT L L C,PO BOX 1386,HOUSTON,TX,77251-1386,0 COMMERCE ST,HOUSTON,TX,77002,Lien,LIEN,2026-09-29,RP-2026-395183,,60,Mechanic lien; New this week,Harris County Clerk,https://www.cclerk.hctx.net/applications/websearch/RP.aspx
O'NEAL,MICHAEL R,6134 HESTA LN,HOUSTON,TX,77016-4334,1519 E 32ND 1/2 ST,HOUSTON,TX,77022,Lien,LIEN,2026-09-29,RP-2026-395133,,60,Mechanic lien; New this week,Harris County Clerk,https://www.cclerk.hctx.net/applications/websearch/RP.aspx
CENTURY,PROPERTY CONSULTANTS,10911 ARENDALE ST,HOUSTON,TX,77075-4601,19931 RUBY RED CT,HOUSTON,TX,77073,Lien,LIEN,2026-09-29,RP-2026-394083,,60,Mechanic lien; New this week,Harris County Clerk,https://www.cclerk.hctx.net/applications/websearch/RP.aspx
CENTURY,PROPERTY CONSULTANTS,3907 SAWYER BEND LN,SUGAR LAND,TX,77479-7123,24219 SILVERSMITH LN,KATY,TX,77493,Lien,LIEN,2026-09-29,RP-2026-394082,,60,Mechanic lien; New this week,Harris County Clerk,https://www.cclerk.hctx.net/applications/websearch/RP.aspx
CENTURY,PROPERTY CONSULTANTS,8910 MELISSA LEA LN,HOUSTON,TX,77040-2416,8910 MELISSA LEA LN,HOUSTON,TX,77040,Lien,LIEN,2026-09-29,RP-2026-394081,,60,Mechanic lien; New this week,Harris County Clerk,https://www.cclerk.hctx.net/applications/websearch/RP.aspx
WYATT,BRADY T III,14703 KEYSTONE GREEN DR,CYPRESS,TX,77429-5847,14703 KEYSTONE GREEN DR,CYPRESS,TX,77433,Lien,LIEN,2026-09-29,RP-2026-393931,,60,Mechanic lien; New this week,Harris County Clerk,https://www.cclerk.hctx.net/applications/websearch/RP.aspx
RINGIQAI,,PO BOX 1386,HOUSTON,TX,77251-1386,0 COMMERCE ST,HOUSTON,TX,77002,Lien,LIEN,2026-09-29,RP-2026-393702,,60,Mechanic lien; New this week,Harris County Clerk,https://www.cclerk.hctx.net/applications/websearch/RP.aspx
HOUSTON,SPORTS AUTHORITY,701 AVENUE DE LAS AMERICAS STE 450,HOUSTON,TX,77010-6207,2301 TEXAS ST,HOUSTON,TX,77003,Judgment,JUDGE,2026-10-02,RP-2026-400069,,60,Judgment lien; New this week,Harris County Clerk,https://www.cclerk.hctx.netEComm/ViewEdocs.aspx?ID=ihpahpMbvcoWkF5RdbzIVXm2jiY2RlxUURtyPhwmUNBUmo+z7KQTBKk8COsVqByeUF1jxirYQCfeCdxkV+zIREIby70FmezjJcOyFOWmupB0Df8RnxedGkj8KQRJxhCQ0XExVAkD2urmxgyWmEDRWA==
HOUSTON,SPORTS AUTHORITY,701 AVENUE DE LAS AMERICAS STE 450,HOUSTON,TX,77010-6207,2301 TEXAS ST,HOUSTON,TX,77003,Judgment,JUDGE,2026-09-28,RP-2026-391209,,60,Judgment lien; New this week,Harris County Clerk,https://www.cclerk.hctx.netEComm/ViewEdocs.aspx?ID=ihpahpMbvcoWkF5RdbzIVSy5aioRwjDZWb4o1ttBaX1+nVxJ+5r/bjxEvjF3boM2Vnd7RIJcSNvHEVwgnsDvDS+6JXLb9kL5b2NlCQxK2mxY9u+Otxv5lqhg0LYnYcVPdsJnWKop2TFJehRcC5WtJA==
HOUSTON,SPORTS AUTHORITY,701 AVENUE DE LAS AMERICAS STE 450,HOUSTON,TX,77010-6207,2301 TEXAS ST,HOUSTON,TX,77003,Judgment,JUDGE,2026-09-28,RP-2026-391193,,60,Judgment lien; New this week,Harris County Clerk,https://www.cclerk.hctx.netEComm/ViewEdocs.aspx?ID=ihpahpMbvcoWkF5RdbzIVaLhSN565eImVe4XSRGASkEFtUPAXx+AQf8+2wCyoji8a3nLshNpPbWoXvbTxzOhFH6oou2eVlpvsN7mzZ2RLlVDVcXQWu2qy6TVl1ugpHYqTUXLO18FumSfBtzWyv6E9g==
LONESTAR,ELECTRIC SUPPLY,9300 S IH35 STE A500-522,AUSTIN,TX,78748-1733,4414 HOLLISTER ST,HOUSTON,TX,77040,Abstract of Judgment,A/J,2026-10-02,RP-2026-401340,,60,Judgment lien; New this week,Harris County Clerk,https://www.cclerk.hctx.netEComm/ViewEdocs.aspx?ID=ihpahpMbvcoWkF5RdbzIVT0qtzJ64Lr+oBnhyepK9jZXb3UZr3BSMB2qa7ClcZ295qzi/xKpFDuqFAqLEoJMCpR1OLRjJqZX/H4lVmLiey9tYf7kyDqBmv4BO2Zp3RqOhVyBfOse+ogRvBF5k58+FQ==
MOUGAL,FAHAD,13102 SPRINGMINT CT,CYPRESS,TX,77429-5150,13102 SPRINGMINT CT,CYPRESS,TX,77429,Abstract of Judgment,A/J,2026-10-02,RP-2026-400746,,60,Judgment lien; New this week,Harris County Clerk,https://www.cclerk.hctx.netEComm/ViewEdocs.aspx?ID=ihpahpMbvcoWkF5RdbzIVefZf0b1VBt35VgUx7nKvuSWXEs7jpsM+9r0gHobdJ0RteJXUG9w/5EX/qlQCWJWbWHMcnm/jIwXtE8S7l5FoBwwBNQmqfEfOPguPRXn8w3o4W0KsoZZ+QB2PlIO6kYdFw==
EVEREST,BUSINESS FUNDING,3310 SPACE CENTER BLVD TRLR 302,PASADENA,TX,77505-1624,3310 SPACE CENTER BLVD 302,PASADENA,TX,77505,Abstract of Judgment,A/J,2026-10-02,RP-2026-400220,,60,Judgment lien; New this week,Harris County Clerk,https://www.cclerk.hctx.netEComm/ViewEdocs.aspx?ID=ihpahpMbvcoWkF5RdbzIVSNEK8T8XAdj36eeUq74ECq79HdBaVysTfiiQ1I+jYORD+Di6HaZNh/j3S8cDMoxqdJXtMc6tcd0ToWtjAapzYr1RuHqN7Ta+DTRlaEz0lkP226EXaav8UucJ8HLlN4h9A==
LEE,COLLEGE DISTRICT,PO BOX 818,BAYTOWN,TX,77522-0818,0 W TEXAS AVE,BAYTOWN,TX,77520,Abstract of Judgment,A/J,2026-10-02,RP-2026-400108,,60,Judgment lien; New this week,Harris County Clerk,https://www.cclerk.hctx.netEComm/ViewEdocs.aspx?ID=ihpahpMbvcoWkF5RdbzIVUipglv4dqhOko4JlsG0B1EJYlCZdtXrheb56waloIn/R1Vj859PnA2ou28TNPgEc9tjSzb6+tAWhHU9XEOi6b5lBIlxPf7SFSdGQkwhHJhy0b9lJf7ftC/k8m+vk2jpUw==
LEE,COLLEGE DISTRICT,PO BOX 818,BAYTOWN,TX,77522-0818,0 W TEXAS AVE,BAYTOWN,TX,77520,Abstract of Judgment,A/J,2026-10-02,RP-2026-400101,,60,Judgment lien; New this week,Harris County Clerk,https://www.cclerk.hctx.netEComm/ViewEdocs.aspx?ID=ihpahpMbvcoWkF5RdbzIVTWQmDMEawNeTaMlRkhznDpTNS6KIymoD1hu1pAbVwQWzaGHsqgyNh2m0h6ue3cxbP8LlURywMtFxfLVrvJD6KKRJdvAwbZpG0KS6AzZOIwKOjxnmD6VuqXo8ZBqtNFFkg==
LEE,COLLEGE DISTRICT,PO BOX 818,BAYTOWN,TX,77522-0818,0 W TEXAS AVE,BAYTOWN,TX,77520,Abstract of Judgment,A/J,2026-10-02,RP-2026-400095,,60,Judgment lien; New this week,Harris County Clerk,https://www.cclerk.hctx.netEComm/ViewEdocs.aspx?ID=ihpahpMbvcoWkF5RdbzIVbHKsXwmz9ndCM5T4GGYQ+nWejhtACZ33adkUm+EsxG3gXEsASqClrH40sSxsgHj1waVkGCeGpEHIhZxdJsJevUkEppqLcte7p5A69NTxORdqcJV9qxfgGYNJLWO9G9JDA==
LEE,COLLEGE DISTRICT,PO BOX 818,BAYTOWN,TX,77522-0818,0 W TEXAS AVE,BAYTOWN,TX,77520,Abstract of Judgment,A/J,2026-10-02,RP-2026-400091,,60,Judgment lien; New this week,Harris County Clerk,https://www.cclerk.hctx.netEComm/ViewEdocs.aspx?ID=ihpahpMbvcoWkF5RdbzIVT9/zLmglijdbOZ4ZXzsImfDdimDnqp3yKnrS/tOsPPYL0Dqd9oQKFUV+y6CcELekaNk8RoyICOyG+dqXI94qghYprQVz5/otUKWeCErUECcj9hvFIint7+wkddk9DV6aQ==
LEE,COLLEGE DISTRICT,PO BOX 818,BAYTOWN,TX,77522-0818,0 W TEXAS AVE,BAYTOWN,TX,77520,Abstract of Judgment,A/J,2026-10-02,RP-2026-400075,,60,Judgment lien; New this week,Harris County Clerk,https://www.cclerk.hctx.netEComm/ViewEdocs.aspx?ID=ihpahpMbvcoWkF5RdbzIVRH1R8R+p/GCLAfUNkOoSEbjsehXKxxhp3tjby563LH1gRVZK0KUusBhvzr8nUOlTCIn8BFdWK3NvJS2oz4ILDTkokED3cNjuppEBxHwf7+X+udYgjUzM9piTmoHhsyS5A==
LEE,COLLEGE DISTRICT,PO BOX 818,BAYTOWN,TX,77522-0818,0 W TEXAS AVE,BAYTOWN,TX,77520,Abstract of Judgment,A/J,2026-10-01,RP-2026-399815,,60,Judgment lien; New this week,Harris County Clerk,https://www.cclerk.hctx.netEComm/ViewEdocs.aspx?ID=ihpahpMbvcoWkF5RdbzIVUCHVbDYY59SUkf5S2KyelZ9iTPsCdRjKnVbl2HacXcsFb7lXqecu0GU3NRClkoaVItCe54UzGjzxpWr5YboUz4KF8jUSIYdXUc2RXIVwcKj9a94U09P7N5LZAkYgjqF8Q==
LEE,COLLEGE DISTRICT,PO BOX 818,BAYTOWN,TX,77522-0818,0 W TEXAS AVE,BAYTOWN,TX,77520,Abstract of Judgment,A/J,2026-10-01,RP-2026-399813,,60,Judgment lien; New this week,Harris County Clerk,https://www.cclerk.hctx.netEComm/ViewEdocs.aspx?ID=ihpahpMbvcoWkF5RdbzIVZMWFzxSRFSnmYUWmWSUQdEtxEOpfkAL5+C4ICfYN4/IpL/JRwP88FAoQdIyRkUHENyTFaIFHTKngv3LgDzUOdVKOTvVMiPf1zfw2lZxirLO83n/LrbJb7WI/VJFjqQaUQ==
LEE,COLLEGE DISTRICT,PO BOX 818,BAYTOWN,TX,77522-0818,0 W TEXAS AVE,BAYTOWN,TX,77520,Abstract of Judgment,A/J,2026-10-01,RP-2026-399625,,60,Judgment lien; New this week,Harris County Clerk,https://www.cclerk.hctx.netEComm/ViewEdocs.aspx?ID=ihpahpMbvcoWkF5RdbzIVQLG+P2t0YiHoPE/bVLEjonPEjoGDKN9/sQ4SxjOQ7lEkmyjXvq9LkggC3WEmu/IhiOxBKVrYCdMDuX8NMYSl38dCgjraiGuIpvs4UYHFnZdP6swtAVyhXyn0Yu1qAYtbA==
LEE,COLLEGE DISTRICT,PO BOX 818,BAYTOWN,TX,77522-0818,0 W TEXAS AVE,BAYTOWN,TX,77520,Abstract of Judgment,A/J,2026-10-01,RP-2026-399578,,60,Judgment lien; New this week,Harris County Clerk,https://www.cclerk.hctx.netEComm/ViewEdocs.aspx?ID=ihpahpMbvcoWkF5RdbzIVXs60hxuATXTm3GQbLJEUX38DsdKxKWfRm/X41NtyEs/r24AAwOmWtjmzjK9pXocLeEOnXpP9uxk/gbCx5Nk8i5x/xYwlGhn7HLSwpC3oDpELG3pkK4HrKVYudwuXrSPeQ==
CITY,OF BAYTOWN,PO BOX 2805,BAYTOWN,TX,77522-2805,0 BAYWAY DR,BAYTOWN,TX,77520,Abstract of Judgment,A/J,2026-10-01,RP-2026-399564,,60,Judgment lien; New this week,Harris County Clerk,https://www.cclerk.hctx.netEComm/ViewEdocs.aspx?ID=ihpahpMbvcoWkF5RdbzIVVfn5NvhwMRRD3HS7/1EXTUd+qwHIi8sm9+BNYLU0kr81nz+XzJxLm4vTm69cULc0nNdpKWVV5o0aTlBtz9eLKTPa0IQu8JeZaVjEw02b67v0DyM+VpJr5M6xqnVGAH2AQ==
CITY,OF BLANCO,PO BOX 1562,HOUSTON,TX,77251-1562,0 COMMERCE ST,HOUSTON,TX,77002,Abstract of Judgment,A/J,2026-10-01,RP-2026-399203,,60,Judgment lien; New this week,Harris County Clerk,https://www.cclerk.hctx.netEComm/ViewEdocs.aspx?ID=ihpahpMbvcoWkF5RdbzIVeniWWShVhPW2wORcJVsh+w/GUKbKhfRqxsbkidsTA2t5sF2z3ZrU9nTHHZWALpORmERmhLZzQi3nTsQaUJYRE1rErQRHnzrPwWdAQHzhjuUBjRZ+Kr6VWJehc0Zz3hbEQ==
MCLAUGHLIN,JOHN,2001 BOLSOVER ST,HOUSTON,TX,77005-1615,1402 W 14TH ST,HOUSTON,TX,77008,Abstract of Judgment,A/J,2026-10-01,RP-2026-398913,,60,Judgment lien; New this week,Harris County Clerk,https://www.cclerk.hctx.netEComm/ViewEdocs.aspx?ID=ihpahpMbvcoWkF5RdbzIVREnC/87ekRwUIQ/EstIsIBuLdCRO2KtLJSzWdcowMbYGAGocoh31KtP1J6794H5lhDuuVMoh7rWAfWnzAsmV+gWOUw+zUkx4QRmYkEnJbqWQ3VTnQ0cgycCx41rOP3UCA==
JPMORGAN,CHASE BANK NA,270 PARK AVE,NEW YORK,NY,10017-2014,10850 BELLAIRE BLVD,HOUSTON,TX,77072,Abstract of Judgment,A/J,2026-10-01,RP-2026-398679,,60,Judgment lien; New this week,Harris County Clerk,https://www.cclerk.hctx.netEComm/ViewEdocs.aspx?ID=ihpahpMbvcoWkF5RdbzIVTH3qz7mYZVtKqgA4qrLE6shl1gzxbcMWWp7o1XzMDXIVf3uvoPl3Xvv0YqqdmWDHZjqC3986vUuZA7hRfqw0BsgGW6d3PBCPkd4hF5QfzcFNbY9/QN8g6sbQXOTgSgx8g==
JPMORGAN,CHASE BANK N A,PO BOX 1919,WICHITA FALLS,TX,76307-1919,11560 WESTHEIMER RD,HOUSTON,TX,77077,Abstract of Judgment,A/J,2026-10-01,RP-2026-398678,,60,Judgment lien; New this week,Harris County Clerk,https://www.cclerk.hctx.netEComm/ViewEdocs.aspx?ID=ihpahpMbvcoWkF5RdbzIVf4zd6lzm4ZiTxyyqXMDXy6ddqqBS9umE4zApN5gX+UhJPYl5hhtsriTNOS6JcKwtUcGG9jQ8cqxDI6pz4dFLGTR8PoTYiUwV03hfDdE6NYWlX4oGCSfcSD4172rqLGuIQ==
JPMORGAN,CHASE BANK N A,PO BOX 1919,WICHITA FALLS,TX,76307-1919,11560 WESTHEIMER RD,HOUSTON,TX,77077,Abstract of Judgment,A/J,2026-10-01,RP-2026-398677,,60,Judgment lien; New this week,Harris County Clerk,https://www.cclerk.hctx.netEComm/ViewEdocs.aspx?ID=ihpahpMbvcoWkF5RdbzIVevpEAOdFtwAsQsOH8Z18nwxNdfQ/yQH9yf8rv57WkPt2bBC6vfH8bP6gYE11yz4g+pwD7i8VvWSLnCaKne7YAAMHF9VW2e9IIVYG/3Cds+n0MIHaAkkT4WFSEzYTcAA0Q==
JPMORGAN,CHASE BANK N A,PO BOX 1919,WICHITA FALLS,TX,76307-1919,11560 WESTHEIMER RD,HOUSTON,TX,77077,Abstract of Judgment,A/J,2026-10-01,RP-2026-398676,,60,Judgment lien; New this week,Harris County Clerk,https://www.cclerk.hctx.netEComm/ViewEdocs.aspx?ID=ihpahpMbvcoWkF5RdbzIVRh+26ZqDRCmkytAjfhopDz0XGeC4Xcomw+Q5hwkHe3v+6L++eSpXio8ss4tPHY/nGhk3UPHSV7iJMNgKWRbwFzGV+qxagNmjVjtJ+yGRJRbvfIl07CbRFLiIPFnjV4tsQ==
JPMORGAN,CHASE BANK NA,270 PARK AVE,NEW YORK,NY,10017-2014,10850 BELLAIRE BLVD,HOUSTON,TX,77072,Abstract of Judgment,A/J,2026-10-01,RP-2026-398675,,60,Judgment lien; New this week,Harris County Clerk,https://www.cclerk.hctx.netEComm/ViewEdocs.aspx?ID=ihpahpMbvcoWkF5RdbzIVegZUhQN3NGrJ6UmhqwqJJM9LqUBZUT4Wjg9rxEsHl0z9nVkpIj2jzeeuX0muHYUSnV73QSkt7kfTnYfRcypfYZ6Ayt4oeFFAnoX7By+SM+Mod2e9Ib4Kbuhp7wQ1hxKiw==
JPMORGAN,CHASE BANK N A,PO BOX 1919,WICHITA FALLS,TX,76307-1919,11560 WESTHEIMER RD,HOUSTON,TX,77077,Abstract of Judgment,A/J,2026-10-01,RP-2026-398674,,60,Judgment lien; New this week,Harris County Clerk,https://www.cclerk.hctx.netEComm/ViewEdocs.aspx?ID=ihpahpMbvcoWkF5RdbzIVZHgJYZz3ma64Xbeu1Co2qkcVR/drm7GOhmw0LgvS9EO4/zNb5vB3zRpYq4d+86XFoqlzZT7U21jlo6Y0U33b03sSLN2swEjpYXT2BJL4QZody33YUESnr7//C88uyRn7g==
JPMORGAN,CHASE BANK N A,PO BOX 1919,WICHITA FALLS,TX,76307-1919,11560 WESTHEIMER RD,HOUSTON,TX,77077,Abstract of Judgment,A/J,2026-10-01,RP-2026-398673,,60,Judgment lien; New this week,Harris County Clerk,https://www.cclerk.hctx.netEComm/ViewEdocs.aspx?ID=ihpahpMbvcoWkF5RdbzIVVCWweA94XekS3KrceH5OudlsQu4W1rPxPaW3Vi464VbdvHSqCfKxF05YR1zd4CUkH4rVJF/6A53AmiVWbGBbRS7l4G2ETKbEk4ezpWbBsq/Nqvxn7hett3blaQOar26bg==
JPMORGAN,CHASE BANK N A,PO BOX 1919,WICHITA FALLS,TX,76307-1919,11560 WESTHEIMER RD,HOUSTON,TX,77077,Abstract of Judgment,A/J,2026-10-01,RP-2026-398672,,60,Judgment lien; New this week,Harris County Clerk,https://www.cclerk.hctx.netEComm/ViewEdocs.aspx?ID=ihpahpMbvcoWkF5RdbzIVd2LfjCLPIJ+ZW4Siiqglc+hrae71FjF4BNybakMlzp0+Zfhw1IC4COquC+dS8B5qvBc26DPMDwaMVzzgdgMGS+N7XAPb9JsS9W5JgnEeGd9gIDHqWKQabThX6xzWvyaaA==
JPMORGAN,CHASE BANK NA,270 PARK AVE,NEW YORK,NY,10017-2014,10850 BELLAIRE BLVD,HOUSTON,TX,77072,Abstract of Judgment,A/J,2026-10-01,RP-2026-398671,,60,Judgment lien; New this week,Harris County Clerk,https://www.cclerk.hctx.netEComm/ViewEdocs.aspx?ID=ihpahpMbvcoWkF5RdbzIVYx53Ni52OVrcPiQOXUADK9i7j+2Z0RVhMuVH+F4LOSoU1P2Tqt0STFEweZgASkUuBN8hFMdIZQhYjMGmt4tjCXK1/ngQsbhdIdQGkKlGONyz1KbFjtP5ZXPECORE7LGMw==
JPMORGAN,CHASE BANK N A,PO BOX 1919,WICHITA FALLS,TX,76307-1919,11560 WESTHEIMER RD,HOUSTON,TX,77077,Abstract of Judgment,A/J,2026-10-01,RP-2026-398670,,60,Judgment lien; New this week,Harris County Clerk,https://www.cclerk.hctx.netEComm/ViewEdocs.aspx?ID=ihpahpMbvcoWkF5RdbzIVaeiFq6ocYxs4jQlj70c5c5VRESNEcpMn9W/edGjXIhsyEADkgCZYoZjOlTi73RPOH0zGWDQwLAfCT6JWdckHmHmWgsv5K1CEHO46mqXJsSJNl82ZRSIOlWSsJgu8dVSyQ==
JPMORGAN,CHASE BANK N A,PO BOX 1919,WICHITA FALLS,TX,76307-1919,11560 WESTHEIMER RD,HOUSTON,TX,77077,Abstract of Judgment,A/J,2026-10-01,RP-2026-398669,,60,Judgment lien; New this week,Harris County Clerk,https://www.cclerk.hctx.netEComm/ViewEdocs.aspx?ID=ihpahpMbvcoWkF5RdbzIVS0QzrufR1frAZCjRxxVTKYI/RyoAVq6TZxXUEcuZU9tyPzFTgYGFyBOx52o6iktSIQ8qYXkcyhVhZ6Qup+9qeTHzrC2FVFKYPZDUahHPpK+zlzFtJYxt4fCAC4mhtm3Qg==
JPMORGAN,CHASE BANK N A,PO BOX 1919,WICHITA FALLS,TX,76307-1919,11560 WESTHEIMER RD,HOUSTON,TX,77077,Abstract of Judgment,A/J,2026-10-01,RP-2026-398668,,60,Judgment lien; New this week,Harris County Clerk,https://www.cclerk.hctx.netEComm/ViewEdocs.aspx?ID=ihpahpMbvcoWkF5RdbzIVQpJsR4jSOxSgAgra1vKFnhfrHjzAKhVPcOpxvktHssapypHHXzdK0FRIAgl0cdkcdkqPflHfdpKOZan1RJ2j7rVTA0Bn5YMgyEsbL64iRhHzPFZHqO3YjhixhW8B5NC0A==
JPMORGAN,CHASE BANK N A,PO BOX 1919,WICHITA FALLS,TX,76307-1919,11560 WESTHEIMER RD,HOUSTON,TX,77077,Abstract of Judgment,A/J,2026-10-01,RP-2026-398667,,60,Judgment lien; New this week,Harris County Clerk,https://www.cclerk.hctx.netEComm/ViewEdocs.aspx?ID=ihpahpMbvcoWkF5RdbzIVZ9ReMI+o6Uz/9MRynhFf/kqcM/4Kj0sE+j4iyU0TGh4hwbF/bqSAHZnOZj+2kQG8c63jT4bAUYp6QOk7sC1nt3L+nIq/im7g2ZJwaoLUWR9tcs3Ik1W/v+Nfa34Ki6ZYg==
JPMORGAN,CHASE BANK N A,PO BOX 1919,WICHITA FALLS,TX,76307-1919,11560 WESTHEIMER RD,HOUSTON,TX,77077,Abstract of Judgment,A/J,2026-10-01,RP-2026-398666,,60,Judgment lien; New this week,Harris County Clerk,https://www.cclerk.hctx.netEComm/ViewEdocs.aspx?ID=ihpahpMbvcoWkF5RdbzIVYuKPCI3JsO/qED92QbbOKlOtfXUlUJstsj84q8zB3JEkjTKv51JPQc6UJCEaDIry78ord6I01gioa18cO1DHMPLXLP/O64/hvtep88a9SzdDwZWjQmAxXOvSCf3sxQLJQ==
JPMORGAN,CHASE BANK NA,270 PARK AVE,NEW YORK,NY,10017-2014,10850 BELLAIRE BLVD,HOUSTON,TX,77072,Abstract of Judgment,A/J,2026-10-01,RP-2026-398665,,60,Judgment lien; New this week,Harris County Clerk,https://www.cclerk.hctx.netEComm/ViewEdocs.aspx?ID=ihpahpMbvcoWkF5RdbzIVbGTLnNyhcQoOLP6ksfizDXDfbFPgMOdVr+FftiTGdLr0tRkDeiHeeVIlRTYUOujRDO9j4df+vXjAYSRL/WHFEPl5yHis69BY6HgpDgYQivmSoNtyvwr6YvS0OITZoa9Yw==
JPMORGAN,CHASE BANK N A,PO BOX 1919,WICHITA FALLS,TX,76307-1919,11560 WESTHEIMER RD,HOUSTON,TX,77077,Abstract of Judgment,A/J,2026-10-01,RP-2026-398664,,60,Judgment lien; New this week,Harris County Clerk,https://www.cclerk.hctx.netEComm/ViewEdocs.aspx?ID=ihpahpMbvcoWkF5RdbzIVWb+TtUKTn7Ze5R53fSsXsrHR2Sjj0c8qSxeiOIzNE8cTV7qqjVSkhYgz3N/rBLWPNso9q8lrm7XOGUufpHuEO2d4uP1T6mno1neJGZO/1cTT3m0Fc4JX7l+eKE3AboaNg==
JPMORGAN,CHASE BANK NA,270 PARK AVE,NEW YORK,NY,10017-2014,10850 BELLAIRE BLVD,HOUSTON,TX,77072,Abstract of Judgment,A/J,2026-10-01,RP-2026-398663,,60,Judgment lien; New this week,Harris County Clerk,https://www.cclerk.hctx.netEComm/ViewEdocs.aspx?ID=ihpahpMbvcoWkF5RdbzIVf8pbZX7aRIXJycK7G425MQGkj2ReW81pM4TFDnR9vc93UwWawB9NfWpz+t8f2+JOp0195ZJDTrU+Zf28bFkLNpL3St+BsND7snAyshjHVW1M536QftHRVXTBmyePcWBpw==
JPMORGAN,CHASE BANK N A,PO BOX 1919,WICHITA FALLS,TX,76307-1919,11560 WESTHEIMER RD,HOUSTON,TX,77077,Abstract of Judgment,A/J,2026-10-01,RP-2026-398662,,60,Judgment lien; New this week,Harris County Clerk,https://www.cclerk.hctx.netEComm/ViewEdocs.aspx?ID=ihpahpMbvcoWkF5RdbzIVSLUofmICMktWIX1maLBnPYy3g26wJ/tvFolxHlm/HZH8X/1NfuD5idCfqiomFaB0iBgOZjeEXIU9WnMwiOfPUq4+cq94kJU8GPXrYZPzfLyethfWGQeBnyYs9dFib8wVw==
JPMORGAN,CHASE BANK N A,PO BOX 1919,WICHITA FALLS,TX,76307-1919,11560 WESTHEIMER RD,HOUSTON,TX,77077,Abstract of Judgment,A/J,2026-10-01,RP-2026-398661,,60,Judgment lien; New this week,Harris County Clerk,https://www.cclerk.hctx.netEComm/ViewEdocs.aspx?ID=ihpahpMbvcoWkF5RdbzIVT8f7tq8ebOc3o1mqVxE/HUp42EUVeczoDOV/HIzEHHugXiob/C3k72cL5TFXnrigdsZZ0ukGqoUnFWmhJotmUlIxsMP1I3JlsfKEGKTmMDH6XwIxtdfGhUMsiTwBs1xiQ==
FIVEPOINT,CREDIT UNION,3915 SALINA LN,HUMBLE,TX,77396-2386,3915 SALINA LN,HUMBLE,TX,77396,Abstract of Judgment,A/J,2026-09-30,RP-2026-397494,,60,Judgment lien; New this week,Harris County Clerk,https://www.cclerk.hctx.netEComm/ViewEdocs.aspx?ID=ihpahpMbvcoWkF5RdbzIVX3Z97XG0nR+akIJmK6nQeT89oX1GtADGJLXF1KPrgCHYI43vITgzpzK5/weHtBVmw/Jd7RmqNKt6emvrKkFr3ErTxcwd2VlH9DP6bJjWqrk/CKktsjhqRm2C6ccv39RUg==
BURNS,THOMAS,702 PAMPA ST,PASADENA,TX,77504-1533,702 PAMPA ST,PASADENA,TX,77504,Abstract of Judgment,A/J,2026-09-30,RP-2026-396767,,60,Judgment lien; New this week,Harris County Clerk,https://www.cclerk.hctx.netEComm/ViewEdocs.aspx?ID=ihpahpMbvcoWkF5RdbzIVTvTdeRRE+dA/tssjNcNHmk+v0odI/0TgES6N+zh/2oBCEUXtuhYf1+axNRe6fL4KylsZD7zRQIlXqaLtRxpPNuOOhOFesd3hZNOqZfEcg4pcUTtWtxugE7P/MafXERt9g==
CITIBANK,N A,11501 OUTLOOK ST STE 300,LEAWOOD,KS,66211-1807,6500 W 43RD ST 292,HOUSTON,TX,77092,Abstract of Judgment,A/J,2026-09-30,RP-2026-396738,,60,Judgment lien; New this week,Harris County Clerk,https://www.cclerk.hctx.netEComm/ViewEdocs.aspx?ID=ihpahpMbvcoWkF5RdbzIVQPC4/B38FOiYjqK5jN6CMx66mtHnr0n4vjXmVLvp4f9iy8rHpu85+VZTFGS5ihvXbnjHaYmvY7p17GK5glr8jLV3J1Xz9uhfHa5WRsaWxZShNHwswE/b0h7LFSKqWPshg==
CITIBANK,N A,11501 OUTLOOK ST STE 300,LEAWOOD,KS,66211-1807,6500 W 43RD ST 292,HOUSTON,TX,77092,Abstract of Judgment,A/J,2026-09-30,RP-2026-396597,,60,Judgment lien; New this week,Harris County Clerk,https://www.cclerk.hctx.netEComm/ViewEdocs.aspx?ID=ihpahpMbvcoWkF5RdbzIVeL262RLU/qJQ5Eumerv40aZWgI4iWIvAv6FaKMv962FnHT5hOPdZ/EvwWqliw6R61eCnh3fnL76xY564vWgSErv2GQGNRBkIj8X2k96SS06Nv6Z2mYomuCFfVPtyt9vtA==
DISCOVER,BANK,24526 PHEASANT RANCH CT,HOCKLEY,TX,77447-8811,24526 PHEASANT RANCH CT,HOCKLEY,TX,77447,Abstract of Judgment,A/J,2026-09-30,RP-2026-395959,,60,Judgment lien; New this week,Harris County Clerk,https://www.cclerk.hctx.netEComm/ViewEdocs.aspx?ID=ihpahpMbvcoWkF5RdbzIVakZ/1aD4HH535ezgD9R4F0RWWcsU52hO0kdAVuipZn1QIaYpKuYdlqNb+de/++yRHVSARLmrCPBhC8qMqMVqHAVonnuWHN9uJPfFYnuEQ78GIfuk+k1N0SOz2HmUG0u3w==
DISCOVER,BANK,127 BENBROOK,HOUSTON,TX,77076-1001,127 BENBROOK DR,HOUSTON,TX,77076,Abstract of Judgment,A/J,2026-09-30,RP-2026-395953,,60,Judgment lien; New this week,Harris County Clerk,https://www.cclerk.hctx.netEComm/ViewEdocs.aspx?ID=ihpahpMbvcoWkF5RdbzIVVr8oxzqHamlhMoApIoYhKAgEI5p7f7WN8NL7a1CzQCs+SzolbZpaNlab72+5llDv1Ky4G4+VPzMnrhwpjIjn8+jNewLvx8YIPzFkoUgZ6dOs5wvSHVvIluZUgaYvGF72A==
DISCOVER,BANK,3627 ROLLING FOREST DR,SPRING,TX,77388-5083,3627 ROLLING FOREST DR,SPRING,TX,77388,Abstract of Judgment,A/J,2026-09-30,RP-2026-395942,,60,Judgment lien; New this week,Harris County Clerk,https://www.cclerk.hctx.netEComm/ViewEdocs.aspx?ID=ihpahpMbvcoWkF5RdbzIVUrBaPijnZtGFqz7Hs6PYraq961DmWCyeF85cHI1iDCeHDbsAuueFd6j672ZOv3yppppJADrQYYfk2Z6YUTZrorgK1DqhRBOHL7qKiVAxXWMiHwMN7WdxnA0THxZUBWEoQ==
CITIBANK,N A,11501 OUTLOOK ST STE 300,LEAWOOD,KS,66211-1807,6500 W 43RD ST 292,HOUSTON,TX,77092,Abstract of Judgment,A/J,2026-09-29,RP-2026-395346,,60,Judgment lien; New this week,Harris County Clerk,https://www.cclerk.hctx.netEComm/ViewEdocs.aspx?ID=ihpahpMbvcoWkF5RdbzIVUkT0tBWNNi7Hn3RBPt3k6WrbCWpaU73FoD18WPja2MY0Ws+Ev5W/55H9LWnXV47mKl22JRTyXxLcig28FKTLL99MVA63VQFm+fZLO0PApvq8VcFQZNGjvC+dB+x8H+1LQ==
PNC,BANK,3232 NEWMARK DR,MIAMISBURG,OH,45342-5421,402 HUNT ST,HOUSTON,TX,77003,Abstract of Judgment,A/J,2026-09-29,RP-2026-395305,,60,Judgment lien; New this week,Harris County Clerk,https://www.cclerk.hctx.netEComm/ViewEdocs.aspx?ID=ihpahpMbvcoWkF5RdbzIVV8A+qd84FPaxqLEYNitcApAWQe7isobm2c95LLc6rPDmbVV80Rl+csH5HRTg9gbq9TUB7ge/6WdSaCcBKU1yi5HB4p31aBRaC3rkJ7bCcEXFD/Zh2rRUS12uTiP5zZtrw==
DISCOVER,BANK,1204 PARK LN,PASADENA,TX,77506-2646,1204 PARK LN,PASADENA,TX,77506,Abstract of Judgment,A/J,2026-09-29,RP-2026-395303,,60,Judgment lien; New this week,Harris County Clerk,https://www.cclerk.hctx.netEComm/ViewEdocs.aspx?ID=ihpahpMbvcoWkF5RdbzIVaC/Zxriyy9qHoFvSciowjEO4YYEpuxm0Oy0zbtCB8lLZKi4xNJhuU1KBMsg4NTkTZW75qwu0SWqpJypnqsrC+wH7sHOOa+Mazjmmh6v/ftV0HKBT1ZWB1DeecwrgBC4Zw==
DISCOVER,BANK,7510 SHADYVILLA LN APT 4,HOUSTON,TX,77055-5034,1706 STORY ST,HOUSTON,TX,77055,Abstract of Judgment,A/J,2026-09-29,RP-2026-395301,,60,Judgment lien; New this week,Harris County Clerk,https://www.cclerk.hctx.netEComm/ViewEdocs.aspx?ID=ihpahpMbvcoWkF5RdbzIVTAb/3ebQllYaLO5fAR4lbqQC38ZIT8oM4ggeh0YoS3M7ly8SWp9VsdC9v7z4gX3Qs/x1sKmVfexN9r/PIaemusktB5J/GSzWrcLMX+eXxxnAa2lIQb4Emn/aZknWfOvXQ==
DISCOVER,BANK,16318 TYLER REACH DR,HOCKLEY,TX,77447-4538,16318 TYLER REACH DR,HOCKLEY,TX,77447,Abstract of Judgment,A/J,2026-09-29,RP-2026-395300,,60,Judgment lien; New this week,Harris County Clerk,https://www.cclerk.hctx.netEComm/ViewEdocs.aspx?ID=ihpahpMbvcoWkF5RdbzIVdaQXOWi/BBPITfWT8bXZtRga3I1aIUTeXNoTapqBPojHz8PZA1BVuAeKhm6OQLUf9k6K2bcPtV5RtVh9K6YCtiS9RfxNSHu1YokfPXJTKizUmiwaUFbtQXwR8BxzO2o5g==
DISCOVER,BANK,5127 SUNWAY DR,KATY,TX,77493,5127 SUNWAY DR,KATY,TX,77493,Abstract of Judgment,A/J,2026-09-29,RP-2026-395299,,60,Judgment lien; New this week,Harris County Clerk,https://www.cclerk.hctx.netEComm/ViewEdocs.aspx?ID=ihpahpMbvcoWkF5RdbzIVZHdcKm3zEvPl+0utCF4ZNIggX3ZiY+Gc/9qvCs10IRDYUej02cOpWJ/RwMeEMVKIGgdEVhZYd7/hLLEAM3EViq0LD6tr0hR3HuaIiAGZaB4sPS8tSac9d3ti3kRR7eyqw==
CAPITAL,ONE N A,PO BOX 24337,HOUSTON,TX,77229-4337,3500 EAST BLVD,DEER PARK,TX,77536,Abstract of Judgment,A/J,2026-09-29,RP-2026-395243,,60,Judgment lien; New this week,Harris County Clerk,https://www.cclerk.hctx.netEComm/ViewEdocs.aspx?ID=ihpahpMbvcoWkF5RdbzIVYFCXV/KfFfkNpjdHf/wVa+fcYeAk2UsVztgqppaTeCIRfMs5wNYG20NRrm1YXxLQJXboZfqpLQPcxagiUu/IU6BVSvrcP0uQ+cbw/1Qd/2vfA0Wl50cXGNcEBpDbvUdtw==
DISCOVER,BANK,6423 SINGING CREEK LN,SPRING,TX,77379-6460,6423 SINGING CREEK LN,SPRING,TX,77379,Abstract of Judgment,A/J,2026-09-29,RP-2026-395241,,60,Judgment lien; New this week,Harris County Clerk,https://www.cclerk.hctx.netEComm/ViewEdocs.aspx?ID=ihpahpMbvcoWkF5RdbzIVRcHLeg8AnV+wApvrVIBPbNDdB7RmP5RM+om/1R09K3yf+jN7zEgzydnX5HZ/biX07gMu+3Pw4C0utOmG9an8d5XColcuhFI/0LDcOsoKFRldjp0z943IovXufh7yyruYg==
CAPITAL,ONE N A,PO BOX 24337,HOUSTON,TX,77229-4337,3500 EAST BLVD,DEER PARK,TX,77536,Abstract of Judgment,A/J,2026-09-29,RP-2026-395239,,60,Judgment lien; New this week,Harris County Clerk,https://www.cclerk.hctx.netEComm/ViewEdocs.aspx?ID=ihpahpMbvcoWkF5RdbzIVaRYWK+1Ok9Xiekc+MbZdbSBCzM7/UtmFtqohJWGO2JZpB/P9yqvt+GryU7d+L0zfTp8XmkvmTXe+VuqVA9JBuDYzMBM5nUY9/4MEqIoKxkncYIRBAbhfmRCaa/pDuanYw==
DISCOVER,BANK,5731 CEDAR FIELD WAY,HOUSTON,TX,77084-1977,5731 CEDAR FIELD WAY,HOUSTON,TX,77084,Abstract of Judgment,A/J,2026-09-29,RP-2026-395238,,60,Judgment lien; New this week,Harris County Clerk,https://www.cclerk.hctx.netEComm/ViewEdocs.aspx?ID=ihpahpMbvcoWkF5RdbzIVUrg7YyqpZt/Zc5TqzZ8G3Qt4BRfzWO+6kOUVdY395bOuq1+xHBfrBBpaqs3B8WxiSHJc7IpgWvPeYXZK/EkNxz7VO2yzDcdnDcKXCIS2BAIx0zOPVzWnrQV/BPDx5hrzA==
DISCOVER,BANK,18311 AUTUM PARK DR,HOUSTON,TX,77084-5648,18311 AUTUMN PARK DR,HOUSTON,TX,77084,Abstract of Judgment,A/J,2026-09-29,RP-2026-395237,,60,Judgment lien; New this week,Harris County Clerk,https://www.cclerk.hctx.netEComm/ViewEdocs.aspx?ID=ihpahpMbvcoWkF5RdbzIVYG1udFQhSPOQIqkAKGSWfjl7hdreW0ITXUUNYqo4Pxq+HkGakffxKH07F9ZTbA3kjRMzWKizfPYeHiVzUdZWooB8WabPxXa+tBFMtukZfj9Pb8tN4n5ZroI5qiECvXpYg==
DISCOVER,BANK,13013 JOLIET ST,HOUSTON,TX,77015-3624,13013 JOLIET ST,HOUSTON,TX,77015,Abstract of Judgment,A/J,2026-09-29,RP-2026-395235,,60,Judgment lien; New this week,Harris County Clerk,https://www.cclerk.hctx.netEComm/ViewEdocs.aspx?ID=ihpahpMbvcoWkF5RdbzIVXP7RuON6KgrPM1CBI48swzefe3jB49Uz5HaNBhcTezGeU3dexhQe+QHS1b1Pw5cUFIqJS39uUexZSMV5Mn24byCIgfHkKZD74wlD9GrweAlfCnolvP1v22zjJCTzjhYMQ==
DISCOVER,BANK,7410 AQUA LN,HOUSTON,TX,77072-2321,7410 AQUA LN,HOUSTON,TX,77072,Abstract of Judgment,A/J,2026-09-29,RP-2026-395224,,60,Judgment lien; New this week,Harris County Clerk,https://www.cclerk.hctx.netEComm/ViewEdocs.aspx?ID=ihpahpMbvcoWkF5RdbzIVQ8MStedP4W1BylzDRWFZyQrS1Z3aI0k0oXquzvQGO7/c476iN4CpL2jHvjXOYdm9qvrzTDyIksB3XtWSlendOFvjTIrjxizLhFt3rhKszj49XyOB5N7L4M+tYCx+f59/A==
AMERICAN,EXPRESS NATIONAL BANK,5700 BROOKGLEN DR APT 500,HOUSTON,TX,77017-5805,5700 BROOKGLEN DR 42,HOUSTON,TX,77017,Abstract of Judgment,A/J,2026-09-29,RP-2026-395223,,60,Judgment lien; New this week,Harris County Clerk,https://www.cclerk.hctx.netEComm/ViewEdocs.aspx?ID=ihpahpMbvcoWkF5RdbzIVTewmfVkZ69Z2Kf3v/8Gdl47DJUKM9wrePHhE3hdJgwoNR2d6TuSj1A630OLfKK8Arlo/RONQpkjcxwDR27A/btaMonjZzLFmCWc2qsbIeXBX4hhWRrAIxoH8YzeKJEoAA==
DISCOVER,BANK,25322 TWISTER TRL,SPRING,TX,77373-7655,25322 TWISTER TRL,SPRING,TX,77373,Abstract of Judgment,A/J,2026-09-29,RP-2026-395221,,60,Judgment lien; New this week,Harris County Clerk,https://www.cclerk.hctx.netEComm/ViewEdocs.aspx?ID=ihpahpMbvcoWkF5RdbzIVZySOiy7KtXhcYT9vzwDw0bI0glyVeVjb6t83ok8ekxxltkUPrIWIeZYn0DF1sKj4wODpTm30vuHtSoDyT3jvh5Wma5/XC1aSbHINHUQ34OSRc0KmAzIjmzcnPC9KqKtKA==
DISCOVER,BANK,PO BOX 24337,HOUSTON,TX,77229-4337,3500 EAST BLVD,DEER PARK,TX,77536,Abstract of Judgment,A/J,2026-09-29,RP-2026-395219,,60,Judgment lien; New this week,Harris County Clerk,https://www.cclerk.hctx.netEComm/ViewEdocs.aspx?ID=ihpahpMbvcoWkF5RdbzIVSawQw/Kcsl1kv29iYpacJIjhhWV2t3pIf+SOY3YUSxILSrwbV8ToaKIgw7N5b7lTAsIbRLvDhzjtuva3u+R04IQ+FENSITsBd0RRiPOmP3Wz8BwcXtwdDiOPVcC37PVJw==
PNC,BANK,3232 NEWMARK DR,MIAMISBURG,OH,45342-5421,402 HUNT ST,HOUSTON,TX,77003,Abstract of Judgment,A/J,2026-09-29,RP-2026-395218,,60,Judgment lien; New this week,Harris County Clerk,https://www.cclerk.hctx.netEComm/ViewEdocs.aspx?ID=ihpahpMbvcoWkF5RdbzIVROTPhmIDLY77zbfRVg3X9sQ4elVKyepvLGezlqJZU3UaSGpOzOq6Z0OXMcfYOMKiH7jq1Xn7NMgpYIlRgoEA5+OI2SYa5qOxpZWcHEUX8trD/S/+wSj3BE1GxkEIBpSkw==
CAPITAL,ONE N A,PO BOX 24337,HOUSTON,TX,77229-4337,3500 EAST BLVD,DEER PARK,TX,77536,Abstract of Judgment,A/J,2026-09-29,RP-2026-395216,,60,Judgment lien; New this week,Harris County Clerk,https://www.cclerk.hctx.netEComm/ViewEdocs.aspx?ID=ihpahpMbvcoWkF5RdbzIVRUVYeb68AT3b09x89AbbgcXGJ6Gr6y0qtHfkfSkguMhR7G1TpsslDUZgmnYL+9v2eEsJ1HvIZPFduTRP6Pbgb4+aKCjsINYMMnd1u5IdQkwnSVdPOrYj0NV2L63UINVpw==
PHAN-CLIFFORD,NATHALIE,4800 WALNUT ST,MCALLEN,TX,78501-5449,3510 ADAIR ST,HOUSTON,TX,77004,Abstract of Judgment,A/J,2026-09-29,RP-2026-395193,,60,Judgment lien; New this week,Harris County Clerk,https://www.cclerk.hctx.netEComm/ViewEdocs.aspx?ID=ihpahpMbvcoWkF5RdbzIVaRTu/sJ8uUnk/TvUFrbkACXMo+sZd3EPwX06ZoVtCHUfMMVVD7Cln0Vapugu5yB9vCmog23JXzKQhcyJAZtxNpqYaxMDGhtJRsumPZpLxaHsHKBKn47hlslJPYPBwxBvA==
DISCOVER,BANK,18576 HUCKLEBERRY LN,PORTER,TX,77365-3964,2227 LADIN DR,HOUSTON,TX,77039,Abstract of Judgment,A/J,2026-09-29,RP-2026-395153,,60,Judgment lien; New this week,Harris County Clerk,https://www.cclerk.hctx.netEComm/ViewEdocs.aspx?ID=ihpahpMbvcoWkF5RdbzIVdEnw9dA1pV9C8nSD3DCOfzYn7/5VAAWTLGuHYy/PJU0iOBWou6bptI0Gk5VT64yJTCUfLyc+wGAlpEv07FMIV1EF0Enzy4zE8JOz0ru0AyUQcwkbWtLprydgqikV/T89g==
PNC,BANK,3232 NEWMARK DR,MIAMISBURG,OH,45342-5421,402 HUNT ST,HOUSTON,TX,77003,Abstract of Judgment,A/J,2026-09-29,RP-2026-395151,,60,Judgment lien; New this week,Harris County Clerk,https://www.cclerk.hctx.netEComm/ViewEdocs.aspx?ID=ihpahpMbvcoWkF5RdbzIVS7lMWOOsk0rUx3OOJvvmjsUSnRwsA8YABoNdtdNL0/B7uqIiYLTl6cocbIKbr6xA7TlxOMaHLUuXbnHVnt9f4wXjc4HvKzKHqPiDRS2qB3rbieEpJHPZ2zsv7XjqQLmQg==
DISCOVER,BANK,3517 EUROPA ST,HOUSTON,TX,77022-5145,3517 EUROPA ST,HOUSTON,TX,77022,Abstract of Judgment,A/J,2026-09-29,RP-2026-395149,,60,Judgment lien; New this week,Harris County Clerk,https://www.cclerk.hctx.netEComm/ViewEdocs.aspx?ID=ihpahpMbvcoWkF5RdbzIVQlbUyPvYSNipoyRO97772+i8wHcWvNEjfTejOmKrs3mLV2gtb7VbaPlbeuduOhnr2aJBWXE0vSeiAFuGuPmjKHmrJiu+siKtaVOTUHXr9NfquCUG8nG42/dtKca5r2POQ==
DISCOVER,BANK,2926 KENROSS ST,HOUSTON,TX,77043-1325,2926 KENROSS ST,HOUSTON,TX,77043,Abstract of Judgment,A/J,2026-09-29,RP-2026-395147,,60,Judgment lien; New this week,Harris County Clerk,https://www.cclerk.hctx.netEComm/ViewEdocs.aspx?ID=ihpahpMbvcoWkF5RdbzIVVxC6+QMtT+93gY/MMP7NQXlI6j3bmIaH9uXub/NPzm4nO/Q2TpDfab3lsN9W4qvra6YB0dx6OT87ttNh1JOTPQefQa4YAQs89x84JEHoSHyK1Rvsl44qMbH4vkxHu3cBw==
DISCOVER,BANK,6510 NIELAN ST,HOUSTON,TX,77028-4046,6510 NIELAN ST,HOUSTON,TX,77028,Abstract of Judgment,A/J,2026-09-29,RP-2026-395145,,60,Judgment lien; New this week,Harris County Clerk,https://www.cclerk.hctx.netEComm/ViewEdocs.aspx?ID=ihpahpMbvcoWkF5RdbzIVZeDUjJH+zlOP9+Hk3OUBrcMtx6qTBYb3P+8GGRv5tIocZYw1AAcKEExuJ1ozEzSd6OTq6/iCEVYUdLmLChBCo4LlvloXMtlv2bam0LZvOWm49ORzXS9146kKLUpvKWPLg==
DISCOVER,BANK,3517 EUROPA ST,HOUSTON,TX,77022-5145,3517 EUROPA ST,HOUSTON,TX,77022,Abstract of Judgment,A/J,2026-09-29,RP-2026-395144,,60,Judgment lien; New this week,Harris County Clerk,https://www.cclerk.hctx.netEComm/ViewEdocs.aspx?ID=ihpahpMbvcoWkF5RdbzIVX4bLr7a2fNIluRsskR4qvcRIPWseprxkXXo0/xJFYXAMH/24Q63IYG9q4HU1XQiQw2brvG0emwJLTT7+FUWUnLkY6Rpwhjl5MSRWnqOSFX1bgWCSQEqwxGq1KFrGXNbbQ==
DISCOVER,BANK,1908 EASY WIND LN,HOUSTON,TX,77043-1427,1908 EASY WIND LN,HOUSTON,TX,77043,Abstract of Judgment,A/J,2026-09-29,RP-2026-395023,,60,Judgment lien; New this week,Harris County Clerk,https://www.cclerk.hctx.netEComm/ViewEdocs.aspx?ID=ihpahpMbvcoWkF5RdbzIVaiYk4+2XFdac3GKPdIOYcRm6CSEcv3pT3BEvB1JJBGzbFzAMkJ9i1jQJWsaY3Xaasb53AErcUkmaaawwxF7nChOgjGzXPxdIeqN977PC7aYgpUWSWem7nO/kWwsQ71dmA==
DISCOVER,BANK,9018 AURORA PARK LN,HUMBLE,TX,77338-2849,9018 AURORA PARK LN,HUMBLE,TX,77338,Abstract of Judgment,A/J,2026-09-29,RP-2026-395022,,60,Judgment lien; New this week,Harris County Clerk,https://www.cclerk.hctx.netEComm/ViewEdocs.aspx?ID=ihpahpMbvcoWkF5RdbzIVYqpA54s5na1lfT/BF7kMkYLSz57zzjfPp2z6lWZIHRAsZPL/uiCsVdW/OJAaPDyvhsgQIe2DGUwMv1ptpUCBCjlKAusqICqw2xD1ZClCOKNYzBgTZhe0B0GbjNTl/mknA==
DISCOVER,BANK,12830 MUIR WOODS TRL,HUMBLE,TX,77346-4072,12830 MUIR WOODS TRL,HUMBLE,TX,77346,Abstract of Judgment,A/J,2026-09-29,RP-2026-395021,,60,Judgment lien; New this week,Harris County Clerk,https://www.cclerk.hctx.netEComm/ViewEdocs.aspx?ID=ihpahpMbvcoWkF5RdbzIVTxVOGWnt24OWRW0OEcEDQnLWlJG4OKAoTc+D1c2KWMIsMevokd/YD2rZSAZllBmSwq2DViwQYnyjPp9HaOeiitPKE8a6Uyu3+AT/T1a1VQyIr8RtFd4Kv4LWAB86ztcIg==
DISCOVER,BANK,7067 GREENWAY CHASE ST,HOUSTON,TX,77072-2146,7067 GREENWAY CHASE ST,HOUSTON,TX,77072,Abstract of Judgment,A/J,2026-09-29,RP-2026-395019,,60,Judgment lien; New this week,Harris County Clerk,https://www.cclerk.hctx.netEComm/ViewEdocs.aspx?ID=ihpahpMbvcoWkF5RdbzIVYl+8xEj8ClZ6reE8Ywo9DXGZHdQb5/+BG8AphQiv1ehfRy8S3joDmNh+0LcYQ+OCtuRmjrydAmGM1BlVtgnsMs1PB2rwNhyQ60WxhNyGIlN8oR1JTi7kmrxLWglt4a4Lw==
DISCOVER,BANK,24638 COLONIAL ELM DR,KATY,TX,77493-2376,24638 COLONIAL ELM DR,KATY,TX,77493,Abstract of Judgment,A/J,2026-09-29,RP-2026-395018,,60,Judgment lien; New this week,Harris County Clerk,https://www.cclerk.hctx.netEComm/ViewEdocs.aspx?ID=ihpahpMbvcoWkF5RdbzIVUz8V8lCff6cMNbXra/fFnR3Dlz9F2aC1LYc/MLoI4YJRoFfuDcnMb18PrBlWYSPtS3C+eDcw95ep5IFJqaZRS3jLx4dYtteWaZXuDwrzTv6YSkfEseY9f2oxwq88R10eg==
DISCOVER,BANK,24226 SPRING SUNSET DR,SPRING,TX,77373-6379,24226 SPRING SUNSET DR,SPRING,TX,77373,Abstract of Judgment,A/J,2026-09-29,RP-2026-395017,,60,Judgment lien; New this week,Harris County Clerk,https://www.cclerk.hctx.netEComm/ViewEdocs.aspx?ID=ihpahpMbvcoWkF5RdbzIVYnoZ+JlYKo3L2sxYNSNXp24bkoWMCuAjIHHvNresaCgifuClRvXJFUI+DMLf7R6x6rB31Q6Bku8J7/E6BHq+uV03oZyGuAlJg/1Zep4zVRh1Cy/j3PxRI5mAnH7QfWm4A==
DISCOVER,BANK,18502 GLEN BRIAR LN,HOUSTON,TX,77084-3848,3543 EL SUENO ST,HOUSTON,TX,77084,Abstract of Judgment,A/J,2026-09-29,RP-2026-395016,,60,Judgment lien; New this week,Harris County Clerk,https://www.cclerk.hctx.netEComm/ViewEdocs.aspx?ID=ihpahpMbvcoWkF5RdbzIVfWEPzTHF53s4Ae4x/z64IIXFgVDne6A1HH4mUEkandqa5J5qRyS3RuSLZZePHf4NpeA9++ynS28JaB97UJnQeh0+2gtS2VrBc+XZ6DgpxQgzRpzGtBYkb8nPfEYUMH/eQ==
JPMORGAN,CHASE BANK N A,PO BOX 1919,WICHITA FALLS,TX,76307-1919,11560 WESTHEIMER RD,HOUSTON,TX,77077,Abstract of Judgment,A/J,2026-09-29,RP-2026-394865,,60,Judgment lien; New this week,Harris County Clerk,https://www.cclerk.hctx.netEComm/ViewEdocs.aspx?ID=ihpahpMbvcoWkF5RdbzIVRnen6l1axlqtvPrmFtUMEJXbu/vrtVuYLBmBNrTmLIAcraXH7wxg9ZT/vEYFTK31mykPnAC+oc5y5Op65/pqHY+XKbW//datKy3Asc3nSywg9/Gp/UkBmxoSVQSPFzKOA==
JPMORGAN,CHASE BANK N A,PO BOX 1919,WICHITA FALLS,TX,76307-1919,11560 WESTHEIMER RD,HOUSTON,TX,77077,Abstract of Judgment,A/J,2026-09-29,RP-2026-394864,,60,Judgment lien; New this week,Harris County Clerk,https://www.cclerk.hctx.netEComm/ViewEdocs.aspx?ID=ihpahpMbvcoWkF5RdbzIVV9RiH/rx9x+JoVsVP7REgonXD1Rh6eRHDzVbweCJTyaBbx5BtN3a3QdQeWzSicLpCAWR77UPXyWkVzWxAUMH0Yv4BC37n+tL8mCO05+uRhCWEAunn34UZmsrJye4nJgTA==
JPMORGAN,CHASE BANK N A,PO BOX 1919,WICHITA FALLS,TX,76307-1919,11560 WESTHEIMER RD,HOUSTON,TX,77077,Abstract of Judgment,A/J,2026-09-29,RP-2026-394863,,60,Judgment lien; New this week,Harris County Clerk,https://www.cclerk.hctx.netEComm/ViewEdocs.aspx?ID=ihpahpMbvcoWkF5RdbzIVRULJaIaYkTrwbzzoXcmn6JRsQu3BsOCrYF6gx+NBRs49BZSz6U43oxp63bfiov4QMXThwqB3tcpoIg3VDkCSbouQAKZnnkWsE1KjSLasi7D1p16vD4SNXrqrk1ODgVZvA==
JPMORGAN,CHASE BANK N A,PO BOX 1919,WICHITA FALLS,TX,76307-1919,11560 WESTHEIMER RD,HOUSTON,TX,77077,Abstract of Judgment,A/J,2026-09-29,RP-2026-394862,,60,Judgment lien; New this week,Harris County Clerk,https://www.cclerk.hctx.netEComm/ViewEdocs.aspx?ID=ihpahpMbvcoWkF5RdbzIVepr5gC4ZFr9P3kY5fgNjlwyPOdMUfKVKpIZFYCIsdqrHVQOZ18bprVpbMWBWAe6L5QWh42wJZ7EgnkfliYh0L0M5nlQ+H+Z/NHUgzJqBXVKZqoKAuiGD6HKLaEw6BOwHA==
JPMORGAN,CHASE BANK N A,PO BOX 1919,WICHITA FALLS,TX,76307-1919,11560 WESTHEIMER RD,HOUSTON,TX,77077,Abstract of Judgment,A/J,2026-09-29,RP-2026-394861,,60,Judgment lien; New this week,Harris County Clerk,https://www.cclerk.hctx.netEComm/ViewEdocs.aspx?ID=ihpahpMbvcoWkF5RdbzIVYjGwBOCzyFBnm1uzG66DBdvNxdjhY0HmIaTfKhm3SBI2ncX9mKSws4s0jBqFNDMUauwiJUozKOiSpF84KfuBqiVpq7/9ZgzLsiVk02zm50FV4Q+rvLMMT+NLSmTt1D9pw==
JPMORGAN,CHASE BANK N A,PO BOX 1919,WICHITA FALLS,TX,76307-1919,11560 WESTHEIMER RD,HOUSTON,TX,77077,Abstract of Judgment,A/J,2026-09-29,RP-2026-394860,,60,Judgment lien; New this week,Harris County Clerk,https://www.cclerk.hctx.netEComm/ViewEdocs.aspx?ID=ihpahpMbvcoWkF5RdbzIVUploe4VsnzmHKewJdUsBFGtVF6tPLtf1x8S9EVjON9QlqH/OHB7Aqkib8+HUBFYUVoWEpnId7HTLdCHJ4r84+ZZjYmDSrCc4ya389/l4+EqOedwj59inC75sI2WT7K61w==
JPMORGAN,CHASE BANK N A,PO BOX 1919,WICHITA FALLS,TX,76307-1919,11560 WESTHEIMER RD,HOUSTON,TX,77077,Abstract of Judgment,A/J,2026-09-29,RP-2026-394859,,60,Judgment lien; New this week,Harris County Clerk,https://www.cclerk.hctx.netEComm/ViewEdocs.aspx?ID=ihpahpMbvcoWkF5RdbzIVbMgvpTdLU2RRMWahqRO+syZ3O33CPzAC+wcEiWiN5mpvrna/zGRfmHpjbkUJU4HZc3MUG1grNaMot/o3ED9zWuDVwoS5NYOeH+f6aFUmfK4HsDwrJACarFlY/shSbOfVA==
JPMORGAN,CHASE BANK N A,PO BOX 1919,WICHITA FALLS,TX,76307-1919,11560 WESTHEIMER RD,HOUSTON,TX,77077,Abstract of Judgment,A/J,2026-09-29,RP-2026-394858,,60,Judgment lien; New this week,Harris County Clerk,https://www.cclerk.hctx.netEComm/ViewEdocs.aspx?ID=ihpahpMbvcoWkF5RdbzIVUKTRgq+W+BnE5VgBncf5PpybuWRbENVgf9E4Jp+s6j2BOLOH9kQ3hcXzYfnBNk4jV6/TvDwhCgc+Bw1qAdxe+RwreIl8pdiVnfv3MMOM1RUm0nHO38cGRWvzD5byBWCBw==
JPMORGAN,CHASE BANK N A,PO BOX 1919,WICHITA FALLS,TX,76307-1919,11560 WESTHEIMER RD,HOUSTON,TX,77077,Abstract of Judgment,A/J,2026-09-29,RP-2026-394857,,60,Judgment lien; New this week,Harris County Clerk,https://www.cclerk.hctx.netEComm/ViewEdocs.aspx?ID=ihpahpMbvcoWkF5RdbzIVdsW+oQi0bgeyNP2XP5htz8U2K3CzekCApX/buu9DBdxbiFzwCgtvylz4pftSuRvODmLTj4mSRFxNv98rHg6GzLaIb/faIDLJ3OCE0Zqk6r2J/ivO70ujP90lA4aFsD2hQ==
JPMORGAN,CHASE BANK N A,PO BOX 1919,WICHITA FALLS,TX,76307-1919,11560 WESTHEIMER RD,HOUSTON,TX,77077,Abstract of Judgment,A/J,2026-09-29,RP-2026-394856,,60,Judgment lien; New this week,Harris County Clerk,https://www.cclerk.hctx.netEComm/ViewEdocs.aspx?ID=ihpahpMbvcoWkF5RdbzIVcyAAaRHcL2FZbnNksdoAYqST+LtkksPuPs7MfKlqnr2e8vWW6oyWGe+LeNf8SwFVtVPAch1D5YMnNOzxjFFtLbqechokge1ocWa0MTFxSTc7qBIBIBqaRCk91q9+vRF7g==
CABRERA,ALEJANDRO ESQUIVEL,18606 VAN RD,HOUSTON,TX,77049-1326,6517 BROWNSVILLE ST,HOUSTON,TX,77020,Abstract of Judgment,A/J,2026-09-29,RP-2026-394740,,60,Judgment lien; New this week,Harris County Clerk,https://www.cclerk.hctx.netEComm/ViewEdocs.aspx?ID=ihpahpMbvcoWkF5RdbzIVaEi7NlkeEg3OJVGs1J1XlXO1aQBCbmlcqWWEjQ1RzeXkLBJClmOb01knXm8yglneOd6m5CM0xQ/uU7oF5cDspNknrSIHGx9v/4ARTcDEMgzbkTn34jPdA6MZyD3Sa2c8Q==
FLORES,FRANKLYN,8040 FALLBROOK DR,HOUSTON,TX,77064-3419,0 SWISHER ST,HOUSTON,TX,77064,Abstract of Judgment,A/J,2026-09-29,RP-2026-394305,,60,Judgment lien; New this week,Harris County Clerk,https://www.cclerk.hctx.netEComm/ViewEdocs.aspx?ID=ihpahpMbvcoWkF5RdbzIVXaRwPTZtjTbllocMIxqNOtaZH5DbnhObp4a9OfnijwUA+pBTtTWQdGBaHBBagWme0N1QuGsB1KeXjcUusdBPN6vMnoqkbTddlvklSBoYYUCrRYQ08MK+oiOhv4l/yB1xw==
MORENO,MARIA DE JESUS,10110 LAFFERTY OAKS ST,HOUSTON,TX,77013-5210,10110 LAFFERTY OAKS ST,HOUSTON,TX,77013,Abstract of Judgment,A/J,2026-09-29,RP-2026-394271,,60,Judgment lien; New this week,Harris County Clerk,https://www.cclerk.hctx.netEComm/ViewEdocs.aspx?ID=ihpahpMbvcoWkF5RdbzIVcNMHY4M7vb0HAtlx/LAHNZAHgtNag3pKdsrwcKUgBN/IesQ+NDByM2WbriyReBV08vNRGae+d0hX8nWn2JRrlcw43u/EGvUGauvHLULRyjj4PKXb+2ZPJPxw5O7cMKqSA==
COMENITY,BANK,2614 CONNORVALE RD,HOUSTON,TX,77039-3256,2614 CONNORVALE RD,HOUSTON,TX,77039,Abstract of Judgment,A/J,2026-09-29,RP-2026-394256,,60,Judgment lien; New this week,Harris County Clerk,https://www.cclerk.hctx.netEComm/ViewEdocs.aspx?ID=ihpahpMbvcoWkF5RdbzIVdutDroETRIW4Jzg7FE5Mt3sP6hMFFAz+RYatDUdJ6BQ1YpOMmCrPmoXRwEhZ69pV3FKi03cwefIj8Ys2PR9Q/e4rt9z5bq5akWlIcUDjdPe8Bhwjf8BcAc3Quab1nrnUw==
FIRST,SERVICE CREDIT UNION,PO BOX 941914,HOUSTON,TX,77094-8914,16430 PARK TEN PL 1,HOUSTON,TX,77084,Abstract of Judgment,A/J,2026-09-29,RP-2026-394210,,60,Judgment lien; New this week,Harris County Clerk,https://www.cclerk.hctx.netEComm/ViewEdocs.aspx?ID=ihpahpMbvcoWkF5RdbzIVfLvUy4zWrkHIrWmORxoE6HcQEYZdO5Hfpt0/YeZudRUgd+jjpm+7ClvTdxYZcokI7dtVq75FLtPalhlQPAAjo1HlX2tkRH9iE6w5Cbv0gQ4ir3ZfNR/F/08NROJouBYFw==
JPMORGAN,CHASE BANK N A,PO BOX 1919,WICHITA FALLS,TX,76307-1919,11560 WESTHEIMER RD,HOUSTON,TX,77077,Abstract of Judgment,A/J,2026-09-29,RP-2026-394142,,60,Judgment lien; New this week,Harris County Clerk,https://www.cclerk.hctx.netEComm/ViewEdocs.aspx?ID=ihpahpMbvcoWkF5RdbzIVb4E5u5lcl+AELrfbermhz04CHECfhmmLYMawYuvU5tfmgjGgHqNRBdZw1FZVboSWSGTnjJvHxBSjONDFcLsCyXN4xEZGwm5NlJpwk7Fuq5xW1GBaND83SUulNY4W7K45w==
JPMORGAN,CHASE BANK N A,PO BOX 1919,WICHITA FALLS,TX,76307-1919,11560 WESTHEIMER RD,HOUSTON,TX,77077,Abstract of Judgment,A/J,2026-09-29,RP-2026-394141,,60,Judgment lien; New this week,Harris County Clerk,https://www.cclerk.hctx.netEComm/ViewEdocs.aspx?ID=ihpahpMbvcoWkF5RdbzIVeWEbv/VDkbSMbzetK72tp9pK6jZskuHDHLa56HQAGWaYovvqNSCeunhStN50yOIGNHfs6IPAjaX5ZLg8JTimP9bSFmVcqjvKQLgidjMPHnJSD//1EVywo1fLsb31Pv+tQ==
FANO,ARTURO J EST,13615 NEILS BRANCH DR,HOUSTON,TX,77077-3413,13615 NEILS BRANCH DR,HOUSTON,TX,77077,Probate,PROB,2026-10-01,RP-2026-399907,,60,Probate / estate; New this week,Harris County Clerk,https://www.cclerk.hctx.netEComm/ViewEdocs.aspx?ID=ihpahpMbvcoWkF5RdbzIVchnqwj9Lt2Gx/rv/J4pxYa0LhmY08sKRUkZnwjXgMHZCFuhJq1qzhoA88Jy38tMkQDj4SYnIxZqXKuPWx7TuOjUK+pzfIGKFZkDQIaqtDR9KzXDaHdacdkpG74xXRnzaw==
ANDERSON,MARY RUTH EST,311 ASBURY ST,HOUSTON,TX,77007-7136,311 ASBURY ST,HOUSTON,TX,77007,Probate,PROB,2026-09-30,RP-2026-397426,,60,Probate / estate; New this week,Harris County Clerk,https://www.cclerk.hctx.netEComm/ViewEdocs.aspx?ID=ihpahpMbvcoWkF5RdbzIVRDr3jcNQDi9/yKXw4g1QzTFXPek5/H57eWFrYjEcjCqwP6FtTzJBf/NU75yTxgFx6zd9gsOSvsluqd0izoYfhXtxDex6idKlVPHa+zIfiD91Nt2KZbpbjgrChfKFL1TWQ==
LEWIS,GERALDINE EST,PO BOX 38568,HOUSTON,TX,77238-8568,3115 DE SOTO ST,HOUSTON,TX,77091,Probate,PROB,2026-09-29,RP-2026-394916,,60,Probate / estate; New this week,Harris County Clerk,https://www.cclerk.hctx.netEComm/ViewEdocs.aspx?ID=ihpahpMbvcoWkF5RdbzIVdDDoFTFBjV5TZnW5AuACM61ImaKeKRXS5DVTtGmbFUNEBsTfc0gZ573AgEtmPD92e8O2P5HXr9W5DjJ/8e4O3INOb8NIF8+053VOCiYeOb0c0x/4XmcqNfOwVH28SOaew==
GRAY,IDA LU PARKER EST,6203 GREAT OAKS DR,HOUSTON,TX,77050-3613,6203 GREAT OAKS DR,HOUSTON,TX,77050,Probate,PROB,2026-09-28,RP-2026-393351,,60,Probate / estate; New this week,Harris County Clerk,https://www.cclerk.hctx.netEComm/ViewEdocs.aspx?ID=ihpahpMbvcoWkF5RdbzIVc72tsEDBdTLKWdTcLdaCLRKKWdnzgjXr56aUBDBRcComiRK0BULm+O1T3RKCzLE57tMwABq5qTy2ipV8D4U5bdl+Lt569Zyk+7wICuWopdaJlBQKDZcciE7XvUqtisANw==
MARTINEZ,FELIPE,421 S BROWNELL ST,LA PORTE,TX,77571-5543,421 S BROWNELL ST,LA PORTE,TX,77571,Probate,PROB,2026-09-28,RP-2026-393047,,60,Probate / estate; New this week,Harris County Clerk,https://www.cclerk.hctx.netEComm/ViewEdocs.aspx?ID=ihpahpMbvcoWkF5RdbzIVcAuDmtDgQsRAEMshivhIhY918XI2BR4UjQiWB/+Z2OgKbInrRy3FXhVDJM/1qCoI+UaRlGw1al5nl3B4tfpS6wcCxEUVB2ibx8A5ClcE9XPEaGg2nTbKJU0uOA4Kft5oA==
STEVENS,DAVID H EST,22719 LAIN RD,SPRING,TX,77379-1801,22719 LAIN RD,SPRING,TX,77379,Probate,PROB,2026-09-28,RP-2026-392648,,60,Probate / estate; New this week,Harris County Clerk,https://www.cclerk.hctx.netEComm/ViewEdocs.aspx?ID=ihpahpMbvcoWkF5RdbzIVSfu8haU6LkLEfcmAdme8OoMiNBnmxYRsiExSgWX/QN0IGk94JRQJEkwYfRdygX4DSoHqUskGQaftRYFxwSPnUnxb/mWrS1OJdRhR9NqwhnCM+0wV5e7km/BLpwnTqbK0w==
RINCON,JOSE ANTONIO,210 DELANO ST,HOUSTON,TX,77003-2319,210 DELANO ST,HOUSTON,TX,77003,Deed (Sheriff/Trustee/Tax),DEED,2026-10-02,RP-2026-401546,,60,LLC / corp owner; New this week,Harris County Clerk,https://www.cclerk.hctx.netEComm/ViewEdocs.aspx?ID=ihpahpMbvcoWkF5RdbzIVdFPbD2abUhu3pkcCWBTRm2pHMZWG5jOaJk3/HuvEJRJeGzZ6wo+2Z9rI1NQrKO7HQHDs1uabC26TlAU/2SPr5BhcttE0BlDsg0mSbTqjmAjUhQLuQs+HY15ZZm6ullQOA==
FROST,PROPERTIES LTD,2930 REVERE ST STE 300,HOUSTON,TX,77098-5607,0 IN HARRIS COUNTY,HOUSTON,TX,,Deed (Sheriff/Trustee/Tax),DEED,2026-10-02,RP-2026-400975,,60,LLC / corp owner; New this week,Harris County Clerk,https://www.cclerk.hctx.netEComm/ViewEdocs.aspx?ID=ihpahpMbvcoWkF5RdbzIVfVe9b+AYP+PDH+g5Q2ls+Nv9mLNX+hZ/qto8e1l5IDJAoezjTZXPsuGwChVB+/+JXXKwtxo6wA1JYlCT3/QM8J14G1DhPGLFG/ruIxdY89XdtxeVEB020xVA92e43F4+A==
MARVIDA,POD A LLC,2450 FONDREN STE 210,HOUSTON,TX,77063-2323,0 VENTURA BAY DR DR,KATY,TX,77433,Deed (Sheriff/Trustee/Tax),DEED,2026-10-01,RP-2026-399308,,60,LLC / corp owner; New this week,Harris County Clerk,https://www.cclerk.hctx.netEComm/ViewEdocs.aspx?ID=ihpahpMbvcoWkF5RdbzIVReJ6tmUbT2bg6R+YhO7bDV7u9pSFB31geZAqaJqsdda5FuWVlqbjj7iSh2runkbyksb1C+ADVM/DFY1DyGY+F86JegKYv4nZNPFxApSTYW7VV3BGFSVsup61cyI0HBR+g==
TRIDEV,INVESTMENTS LLC,8202 KINGSBRIDGE MDWS,HOUSTON,TX,77083-7341,19522 WANN PARK DR,HOUSTON,TX,77073,Deed (Sheriff/Trustee/Tax),DEED,2026-09-30,RP-2026-397133,,60,LLC / corp owner; New this week,Harris County Clerk,https://www.cclerk.hctx.netEComm/ViewEdocs.aspx?ID=ihpahpMbvcoWkF5RdbzIVbHeRjdNwiHLY0DSM8YOYamv+XJdkPmmKyxDWSmyIB+H20OxD9FnMCe5RG3yUeuNyFx5VHxHzyVA6zVLKFM2vbCKLBMN1oKGuIcHmoQd8ZuKA8wWWxQ58nRccAvwWnLTKA==
EXPEDIA,TOWING INC,23020 ALDINE WESTFIELD RD,SPRING,TX,77373-6561,0 ALDINE WESTFIELD RD,SPRING,TX,77373,Deed (Sheriff/Trustee/Tax),DEED,2026-09-30,RP-2026-395721,,60,LLC / corp owner; New this week,Harris County Clerk,https://www.cclerk.hctx.netEComm/ViewEdocs.aspx?ID=ihpahpMbvcoWkF5RdbzIVZJUlN8CFijm/Xdg6xhOh3R+hicMdgcI+iyv+wGCXqQ1qakpm1yggxc9zRR1a9ZNfzZImWekDigEzv6NoQVt4/9jr8y/Acxf1BPyFJ1XcRs9BbRP1w830Dc9VhedeFO80Q==
TEJAS,CORPORATE SERVICES LLC,951 YAMATO RD STE 175,BOCA RATON,FL,33431-4444,1343 ALPHA LN,CROSBY,TX,77532,Deed (Sheriff/Trustee/Tax),DEED,2026-09-30,RP-2026-395658,,60,LLC / corp owner; New this week,Harris County Clerk,https://www.cclerk.hctx.netEComm/ViewEdocs.aspx?ID=ihpahpMbvcoWkF5RdbzIVf7vmkYHU6vpevLHcYo8obfCfL22Co3HiU0Zsc6AxhGECvBa8emn7TltpTP8thqiyIoFZY93344MtZ5GAvS1ZNMEX2WtMwtTEN9JsTWJAaYRCvFPbxbiJ0pHqCtJ+h2yrg==
SCOTT,ROMERO CONSTRUCTION REMODELING LLC,4903 GAZELLE LEAP LN,RICHMOND,TX,77406-3149,1202 EUBANKS ST,HOUSTON,TX,77022,Deed (Sheriff/Trustee/Tax),DEED,2026-09-29,RP-2026-395436,,60,LLC / corp owner; New this week,Harris County Clerk,https://www.cclerk.hctx.netEComm/ViewEdocs.aspx?ID=ihpahpMbvcoWkF5RdbzIVciFsxe5K0JaocciVHGOY4bryHpevziukWC0QBUyWJbuoXRYpfkgWURMgvLDmNsBR1PFnlZ9cVYx2bVL33grJBwurWuiOO47Gr8OP66Y33b4imcydMDU+Ac+raWybGtYjg==
TEJAS,CORPORATE SERVICES LLC,3043 TOWNSGATE RD STE 200,WESTLAKE VILLAGE,CA,91361-3027,9210 WOOD BEACH WAY,HOUSTON,TX,77034,Deed (Sheriff/Trustee/Tax),DEED,2026-09-29,RP-2026-395289,,60,LLC / corp owner; New this week,Harris County Clerk,https://www.cclerk.hctx.netEComm/ViewEdocs.aspx?ID=ihpahpMbvcoWkF5RdbzIVQwAmyQ6Ks/ssODNSGTjEU6NX9lvG7kC9k5urTOUWTNB54d/AOgFOnQVN2Hssaim6/lpFTcmUt5bu4EP1QuFas1txFBwtGLwhsjF6M4QlCulAgebhGnsBCTLCxJbUBDhfg==
TEJAS,CORPORATE SERVICES LLC,9990 RICHMOND AVE UNIT 400 S,HOUSTON,TX,77042-8500,5243 MOUNTAIN FOREST DR,KATY,TX,77449,Deed (Sheriff/Trustee/Tax),DEED,2026-09-29,RP-2026-395244,,60,LLC / corp owner; New this week,Harris County Clerk,https://www.cclerk.hctx.netEComm/ViewEdocs.aspx?ID=ihpahpMbvcoWkF5RdbzIVV+OZaqpPeYhD/6AKfwoUbin05MVgp2RS+eleW7CCmsj+Xx2lJW4KsVsqy/zCVEHWd0lavn3DWMGxDimVapNhL4brAsdy+Pm4ivDRWrLw/KaVENwT11g1toiq+ySohHUlQ==
MUSSELMAN,ASHLEIGH,,,TX,,,,TX,,Lien,LIEN,2026-09-30,RP-2026-396730,,55,Mechanic lien; New this week,Harris County Clerk,https://www.cclerk.hctx.net/applications/websearch/RP.aspx
HAYS,CLINT,,,TX,,,,TX,,Lien,LIEN,2026-09-30,RP-2026-396306,,55,Mechanic lien; New this week,Harris County Clerk,https://www.cclerk.hctx.net/applications/websearch/RP.aspx
CENTURY,PROPERTY CONSULTANTS,,,TX,,,,TX,,Lien,LIEN,2026-09-29,RP-2026-394084,,55,Mechanic lien; New this week,Harris County Clerk,https://www.cclerk.hctx.net/applications/websearch/RP.aspx
ADVANCIAL,FEDERAL CREDIT UNION,,,TX,,,,TX,,Judgment,JUDGE,2026-10-02,RP-2026-401014,,55,Judgment lien; New this week,Harris County Clerk,https://www.cclerk.hctx.netEComm/ViewEdocs.aspx?ID=ihpahpMbvcoWkF5RdbzIVSkfNkX7vCYw4A2ByextRvRotoFBQsZ9m6A2IwtOCAycHgspI6pxgU2ureMB8lDruxfIU9QggUv46qNnNCmrG3aRA2Lgqgn/jw3Pd61YOI9KC8GHgUVYC5zZDOQ631NbFQ==
MCREYNOLDS,JAMIE,,,TX,,,,TX,,Abstract of Judgment,A/J,2026-10-02,RP-2026-402034,,55,Judgment lien; New this week,Harris County Clerk,https://www.cclerk.hctx.netEComm/ViewEdocs.aspx?ID=ihpahpMbvcoWkF5RdbzIVdZpLROrg67O0s+LQs3QuMbDHvPl/InRActI4qjI6SK8NoQbrnV44Mkn0IiRLjPVI/LfFUazqBIPsYwQDlbYjXJA7FmyQ4VZ2rPHuAzRjbfuOyr13dNfJz6zb96qGu6d2g==
SUPERIOR,DISTRIBUTION,,,TX,,,,TX,,Abstract of Judgment,A/J,2026-10-02,RP-2026-401051,,55,Judgment lien; New this week,Harris County Clerk,https://www.cclerk.hctx.netEComm/ViewEdocs.aspx?ID=ihpahpMbvcoWkF5RdbzIVTLZdK10Jl1/ZzLbL9wjNAEKZAzAV9mAjGa0n8CsXve6OdRXSN0xv8us8rYKxYDGZT90hb8PJAl23HM1TDzdbBTiml2NDhpI3GusrJ86tv9ESMQfj/7iWTRBw5tgGqirpg==
GERMANIA,INSURANCE COMPANY,,,TX,,,,TX,,Abstract of Judgment,A/J,2026-10-02,RP-2026-400530,,55,Judgment lien; New this week,Harris County Clerk,https://www.cclerk.hctx.netEComm/ViewEdocs.aspx?ID=ihpahpMbvcoWkF5RdbzIVXn9ZTHFZsALZBjDSc0m34aoa8VzpDcKF42A0pBbpuQ4EGxLooW1pAj4C2xpwa49neJNXfBLhSHJTPMP2+RBhVODadtBRRcRfidgz+8bmtFKdOdQnNg1E7gFbd/ghnHL4g==
WESTBROOK,VICKI DIAN,,,TX,,,,TX,,Abstract of Judgment,A/J,2026-10-01,RP-2026-399174,,55,Judgment lien; New this week,Harris County Clerk,https://www.cclerk.hctx.netEComm/ViewEdocs.aspx?ID=ihpahpMbvcoWkF5RdbzIVWo4q+Bm2fDNuj0s+TZiK7a4V0DQw+Dvw6mia1NlShOeyFz0cRUJmu9yBatdggJokZuEuc6GgH7U6UhrLEnQDszWDbfKfrzWsXzVBZmYUfXhe36XxxQR/DGSknJuQwDZjA==
PHARIA,L L C,,,TX,,,,TX,,Abstract of Judgment,A/J,2026-09-30,RP-2026-397125,,55,Judgment lien; New this week,Harris County Clerk,https://www.cclerk.hctx.netEComm/ViewEdocs.aspx?ID=ihpahpMbvcoWkF5RdbzIVSnOI5Ggj41iSqpbbXpO6k/PjiAfwg20b2Rr9ec8SXFRPo+/5drUpiQLwmWyGzWS7OJEfucNlKiQ0IMZc8i7VCXtddGNlJzguQw8KiHHG8i+dA0CTtlbBTTmMms3E9nZ5Q==
TEXAS,MUTUAL INSURANCE COMPANY,,,TX,,,,TX,,Abstract of Judgment,A/J,2026-09-30,RP-2026-396217,,55,Judgment lien; New this week,Harris County Clerk,https://www.cclerk.hctx.netEComm/ViewEdocs.aspx?ID=ihpahpMbvcoWkF5RdbzIVW71rj732x+rpyvd9wKHAzJ/kfhlLcWGbvN15dbCmvBakqhSCMZln/fjRyuG+TUR6YjHsaOmixj9viCnLVFSvSzqzWoAbz5Vx/HPh8VFxdftqIzl2WDs8N1AgJwRPJ2fzw==
AMERICAN,EXPRESS,,,TX,,,,TX,,Abstract of Judgment,A/J,2026-09-30,RP-2026-395996,,55,Judgment lien; New this week,Harris County Clerk,https://www.cclerk.hctx.netEComm/ViewEdocs.aspx?ID=ihpahpMbvcoWkF5RdbzIVbYRfK+wcl6dKigkyZMqLjOrb40r1Hw/7Yg9rfzmDN/IoKyj+LIuENqKY1SeBQnu96xDdLGeJBawvmRQVsL6nqg2+DphqPdRjXGCEOYhekwBstHHR/b1Q9SQlONB1Vn/+Q==
DISCOVER,BANK,,,TX,,,,TX,,Abstract of Judgment,A/J,2026-09-30,RP-2026-395961,,55,Judgment lien; New this week,Harris County Clerk,https://www.cclerk.hctx.netEComm/ViewEdocs.aspx?ID=ihpahpMbvcoWkF5RdbzIVXjqDdmAGCkHPHnh21e6erczv7VdLCOzAZxRTEsz32NcaD2qfqwRhaITJT/fh0iRaDCcQACgEYEDLrCdXPHlwjDJs/hPaXKHzM57CFJ/2Owc97FV319jrU/SdClKXUXbkw==
DISCOVER,BANK,,,TX,,,,TX,,Abstract of Judgment,A/J,2026-09-30,RP-2026-395957,,55,Judgment lien; New this week,Harris County Clerk,https://www.cclerk.hctx.netEComm/ViewEdocs.aspx?ID=ihpahpMbvcoWkF5RdbzIVbcL6Czp/h5XNYfGuQIJKL10bku9h2/7Gnvx8IYqfY8JO2PmOBG4ryZ6O20pSOO+lShChkPD4vRTHLuBSm/v3WAuhDMnvBkOIynGN96HL1ioJ06sJ5z82/t2T6py+eoB2w==
DISCOVER,BANK,,,TX,,,,TX,,Abstract of Judgment,A/J,2026-09-29,RP-2026-395304,,55,Judgment lien; New this week,Harris County Clerk,https://www.cclerk.hctx.netEComm/ViewEdocs.aspx?ID=ihpahpMbvcoWkF5RdbzIVeAnp/gWIqqxvNPUYp0d/sOzftiMG+4YfqxlAQyIbcMDLlWuXyP9vaaecMuo3aFbCaOTCvNR4m4LGy/H9WC28EYBX/Z3B0XsjnJ9fZIVowuRFCd1QEURuRrVWZfkqU48Mw==
DISCOVER,BANK,,,TX,,,,TX,,Abstract of Judgment,A/J,2026-09-29,RP-2026-395302,,55,Judgment lien; New this week,Harris County Clerk,https://www.cclerk.hctx.netEComm/ViewEdocs.aspx?ID=ihpahpMbvcoWkF5RdbzIVdRRgS2eNGiMZCn7ZTP6X8pgoiN2idfrMu1ZNP9rX1k7xA4w4Ghey61Z6DQqihzSsJP6dIzAergGdHoJUhgULQ5mfRePUyssQmY/0wrfxlHmfEcOhrP10oGIywPshWyAng==
DISCOVER,BANK,,,TX,,,,TX,,Abstract of Judgment,A/J,2026-09-29,RP-2026-395298,,55,Judgment lien; New this week,Harris County Clerk,https://www.cclerk.hctx.netEComm/ViewEdocs.aspx?ID=ihpahpMbvcoWkF5RdbzIVXr4DjoeEDiN8UwdU0Qv2cYCEkDEBZyFldh5SRNU2p81RIiBWwDEb0zaSr1SyBd1iwKwc0+/Hbhrb53a/dt3LCZBf+3EE7z5F1qU1oY0YWVD45JpNztxRc5Lnlx/xKKyFg==
DISCOVER,BANK,,,TX,,,,TX,,Abstract of Judgment,A/J,2026-09-29,RP-2026-395242,,55,Judgment lien; New this week,Harris County Clerk,https://www.cclerk.hctx.netEComm/ViewEdocs.aspx?ID=ihpahpMbvcoWkF5RdbzIVYNmHTgsaFRnZ4613q5rDH4MJ57VzMRjQ57U1KS5L9nN7zvv+8cX4UxtCvG0ioox5cNRGTauCWS/z/MdojGQjwBqgQVo7VtUbOGbIkDrJiCBpwrDvdsRNJPqAcZmVsSMPg==
DISCOVER,BANK,,,TX,,,,TX,,Abstract of Judgment,A/J,2026-09-29,RP-2026-395240,,55,Judgment lien; New this week,Harris County Clerk,https://www.cclerk.hctx.netEComm/ViewEdocs.aspx?ID=ihpahpMbvcoWkF5RdbzIVc8j+DYqPHwyaWSeLo7fXwttGkb942MiuVi8HOjrU26ofuijkKFZSgZYV8X8DNgHayTx2mEIt1cXTLCcZqUsigoeiucruXp1xXTDJFmDAl/Hr70T6DaU94UmQS4miH7gYw==
DISCOVER,BANK,,,TX,,,,TX,,Abstract of Judgment,A/J,2026-09-29,RP-2026-395236,,55,Judgment lien; New this week,Harris County Clerk,https://www.cclerk.hctx.netEComm/ViewEdocs.aspx?ID=ihpahpMbvcoWkF5RdbzIVVO+wj+FAiwNoBhrNDp8wRLAje8DnvA6KENMnWMzZveqvjACuURFkCN5kmmKURY9PuR8yPvvEhEBA//HJ0d1f/VmjTBiC+Q7ZtWRIuDjQqC/R6O8sKCVzWCwxWgSAo5ggw==
DISCOVER,BANK,,,TX,,,,TX,,Abstract of Judgment,A/J,2026-09-29,RP-2026-395225,,55,Judgment lien; New this week,Harris County Clerk,https://www.cclerk.hctx.netEComm/ViewEdocs.aspx?ID=ihpahpMbvcoWkF5RdbzIVcC3F1XG94lxvlPqci94oruEGWcnYrhuBkRZojhNZRfnewFxVbvTuPlnAI8rGcP9GTiQJA9uod1u4hyPdIkrAEu1ka9IzbldJcuOAb/BCjymcSIdL5slKS3BWHs/ilZvAA==
DISCOVER,BANK,,,TX,,,,TX,,Abstract of Judgment,A/J,2026-09-29,RP-2026-395222,,55,Judgment lien; New this week,Harris County Clerk,https://www.cclerk.hctx.netEComm/ViewEdocs.aspx?ID=ihpahpMbvcoWkF5RdbzIVQZmfQVoPPgm2QIadGBrUpVbpEr1x/Z6sAGaZxJkDkdrAbnjSBoZs05khnDjpIrweCJ58iNeDPsrLN7k1LEssXCXVpmHiVzoI5PykY2YSirrW3HoJ0tQntyK/c1MAWjPgw==
DISCOVER,BANK,,,TX,,,,TX,,Abstract of Judgment,A/J,2026-09-29,RP-2026-395220,,55,Judgment lien; New this week,Harris County Clerk,https://www.cclerk.hctx.netEComm/ViewEdocs.aspx?ID=ihpahpMbvcoWkF5RdbzIVdQ76gRcBx3ncJKrC1CPc5AdlzjVagQ5HufOQ5kCuh6iHLy99dNBTLTL4w+NMHy0wAjcxOkaSIYRdPWiUrtMk7AlrqpuT2DwKqDOgtYl+XNAoK2f7QJ8v6Q4FMLvOCTDFg==
AMERICAN,EXPRESS NATIONAL BANK,,,TX,,,,TX,,Abstract of Judgment,A/J,2026-09-29,RP-2026-395217,,55,Judgment lien; New this week,Harris County Clerk,https://www.cclerk.hctx.netEComm/ViewEdocs.aspx?ID=ihpahpMbvcoWkF5RdbzIVdG0B9kpw1cCNanMfOx/IFC2nOPhcSR22l7j/4V9kU8OlOSA3buHIo/H0RjsIfvOFo6fs8zMRryqjSUhHGkqsT5w50UEZBGUK3R3CBpUyksY5bf7Z0x5q9/OUt9C99BX5w==
DISCOVER,BANK,,,TX,,,,TX,,Abstract of Judgment,A/J,2026-09-29,RP-2026-395152,,55,Judgment lien; New this week,Harris County Clerk,https://www.cclerk.hctx.netEComm/ViewEdocs.aspx?ID=ihpahpMbvcoWkF5RdbzIVf2kAz4p5nZyWUHGazXfKDffTA9uT7qSiyvpTBf4Q5ZQdeT/ipqezWYNGOUBE/UjCo9FWJJWKRdUbb2lljEoUbER2JWwxcGfWAcECgcukvuWFz+XyJw04axTc5a1YtNoXg==
DISCOVER,BANK,,,TX,,,,TX,,Abstract of Judgment,A/J,2026-09-29,RP-2026-395150,,55,Judgment lien; New this week,Harris County Clerk,https://www.cclerk.hctx.netEComm/ViewEdocs.aspx?ID=ihpahpMbvcoWkF5RdbzIVY8gm62PqLGaAqCCOIf2BNbXgKhYA7B+9bhb/tVMSV9Yy10s0ljlF6rdsW617Twxsslnjng3q9yV1V4P0JRQ3ygyY4zisxWSWvrfLy85xgarQIB9nGnFlvUKdlu/vwrrMw==
DISCOVER,BANK,,,TX,,,,TX,,Abstract of Judgment,A/J,2026-09-29,RP-2026-395148,,55,Judgment lien; New this week,Harris County Clerk,https://www.cclerk.hctx.netEComm/ViewEdocs.aspx?ID=ihpahpMbvcoWkF5RdbzIVXZYlJ+4/VbBKQiR4ytnjhQApY5SUkwXcso2lhoD0MSpLb0oxPFLh8YpE6aObtYSH6d/wpIGHAIH8aAfCasfgLENjS1p6QMVpa4LMO7gj58XTM3vvF5iI6D+I/qOYDvcGw==
AMERICAN,EXPRESS NATIONAL BANK,,,TX,,,,TX,,Abstract of Judgment,A/J,2026-09-29,RP-2026-395146,,55,Judgment lien; New this week,Harris County Clerk,https://www.cclerk.hctx.netEComm/ViewEdocs.aspx?ID=ihpahpMbvcoWkF5RdbzIVRwrDDjJdKPXdVS+LGZU1rGb6CV4gxQIBZtMlDogkVaLk8kGJe9Sn+WKgdXnGN7mpBGv8SaWfSo9lJ4Yp37gCHicpvaBl+gMFK3lY4f7lhj+ERhD1a1/rMXFhH/yK8WZ1w==
DISCOVER,BANK,,,TX,,,,TX,,Abstract of Judgment,A/J,2026-09-29,RP-2026-395143,,55,Judgment lien; New this week,Harris County Clerk,https://www.cclerk.hctx.netEComm/ViewEdocs.aspx?ID=ihpahpMbvcoWkF5RdbzIVbA9/P9MngyqgN494QFzj//BHv5CjAmL6fcyHAM02KSE1u/EI6pdk6yGO61eaB5yLxaqg+vB/WJ8qv9nNVCeVKzNXTmmu4CZeUq4gU3F2zXbN8ojRRqkcuI0uAmqxG1pyA==
DISCOVER,BANK,,,TX,,,,TX,,Abstract of Judgment,A/J,2026-09-29,RP-2026-395025,,55,Judgment lien; New this week,Harris County Clerk,https://www.cclerk.hctx.netEComm/ViewEdocs.aspx?ID=ihpahpMbvcoWkF5RdbzIVcPrs9fpcU17pN8iOwkZu93YlQKA0oCeo9iw2IEBEUGsMtkY77LYcg99LkFD66P90wOgq75lPsouTccL9Kg38jfUTajCpqe/B6nXbp48BWBTv7iAIF6Prv7nTIJQYMvuxQ==
DISCOVER,BANK,,,TX,,,,TX,,Abstract of Judgment,A/J,2026-09-29,RP-2026-395024,,55,Judgment lien; New this week,Harris County Clerk,https://www.cclerk.hctx.netEComm/ViewEdocs.aspx?ID=ihpahpMbvcoWkF5RdbzIVYrsYA8lCPlXyALAZZRxZ6UIfw1j1yBrtSjB4WI2Sotj4Tg7X85exoobX/1zUNK4nLG7UIMfBMtdwgqtPKWfTsYfsNLCXCW89YTWx+PM3nLpmi9Xy36Hubl1kfd0teSt5w==
DISCOVER,BANK,,,TX,,,,TX,,Abstract of Judgment,A/J,2026-09-29,RP-2026-395020,,55,Judgment lien; New this week,Harris County Clerk,https://www.cclerk.hctx.netEComm/ViewEdocs.aspx?ID=ihpahpMbvcoWkF5RdbzIVakdMOncmUZo1AgAkKx4wmR491GvtdeJtbnKF/JkCu3OO2f1IJu2//GGNi3999ivZAIVw7hE58B9UcaLkpLgJyhwDQtIJpIdvhoWfe236ZbxC7EP2XpnvPMgBE9h6thEng==
ABRAHAM,SCOTT,,,TX,,,,TX,,Abstract of Judgment,A/J,2026-09-29,RP-2026-394784,,55,Judgment lien; New this week,Harris County Clerk,https://www.cclerk.hctx.netEComm/ViewEdocs.aspx?ID=ihpahpMbvcoWkF5RdbzIVcwdjx00Pftrmw0NsDOsnTR3N8K7PsCgt5O8nBzpJ3XwfpreOyhByQkSJSlgswUV92fvaduqZ513d+Nj8cp8+1BRlL5Mc8huefRxXvr6WjEAeP7GukwN/Xky+o0rqI4Xsw==
PECHANEC,CHARLES EST,,,TX,,,,TX,,Probate,PROB,2026-10-01,RP-2026-399783,,55,Probate / estate; New this week,Harris County Clerk,https://www.cclerk.hctx.netEComm/ViewEdocs.aspx?ID=ihpahpMbvcoWkF5RdbzIVZwPLh4X7Q+jJV/aOX0ktiWcOAmPsKWKl/yn6HBVaJFFA/3gCN7g3PgzWN6AwdFIEjvgCunB7xLaw8AaEhFg76SnXICxrO00DB7qw9N6Xvuo17GybG6bl0F75T1PdD4pOw==
ALLEY,WILLIE ERNEST EST,,,TX,,,,TX,,Probate,PROB,2026-10-01,RP-2026-399782,,55,Probate / estate; New this week,Harris County Clerk,https://www.cclerk.hctx.netEComm/ViewEdocs.aspx?ID=ihpahpMbvcoWkF5RdbzIVeA4diRFMKBs8ec9B0lIvQSH5LER95memioajPGdh5HMuH2xgMkTiJx4z1PDI2+nooUVclC4mmqYi0d41Q8fKpljiMRYY2AGxniFqgAGgmKgxK+eH9dUZnx4xhiShcUx1w==
LEWIS,GEARLDENE EST,,,TX,,,,TX,,Probate,PROB,2026-09-29,RP-2026-394917,,55,Probate / estate; New this week,Harris County Clerk,https://www.cclerk.hctx.netEComm/ViewEdocs.aspx?ID=ihpahpMbvcoWkF5RdbzIVZ/zEn6FohEpAdWTckThXFoGqsISlZBoHVCe9nOgbGl1GaYZ6tzae0gUmXkSME6wEOr62pagRAeeq+8s4x0UIdU+5BYKJfRPUyQsEPLrjVX3zT0nDHmcA2qSsPqerwSCig==
PECHANEC,BLANCHE EST,,,TX,,,,TX,,Probate,PROB,2026-09-28,RP-2026-391644,,55,Probate / estate; New this week,Harris County Clerk,https://www.cclerk.hctx.netEComm/ViewEdocs.aspx?ID=ihpahpMbvcoWkF5RdbzIVagoxO5AcLcJH/ft/ucxPgRtwDYLLvn0suHSJAulO4ZQOVLuSUt4A40S15qomyuUifEOhatdZrcL4P0C1dz73jEtByVJBQXBhvzTRMCEWHV+zuyBAnhzSot3ttNT6UcKFA==
TEJAS,CORPORATE SERVICES LLC,,,TX,,,,TX,,Deed (Sheriff/Trustee/Tax),DEED,2026-10-02,RP-2026-400470,,55,LLC / corp owner; New this week,Harris County Clerk,https://www.cclerk.hctx.netEComm/ViewEdocs.aspx?ID=ihpahpMbvcoWkF5RdbzIVU5F1Vv8HUP0YEEcfHMt0VAuZRFSy/a+08kEBZnzpQQl5XcjRUiaxt46xSd+O7NfVkM9UMaKBO1XsXjjb8EMCGfXrRXyUOs8yqm7P7wishc1B6kU9b/Y0KtVxLpNnJXIIg==
TEJAS,CORPORATE SERVICES LLC,,,TX,,,,TX,,Deed (Sheriff/Trustee/Tax),DEED,2026-09-29,RP-2026-395226,,55,LLC / corp owner; New this week,Harris County Clerk,https://www.cclerk.hctx.netEComm/ViewEdocs.aspx?ID=ihpahpMbvcoWkF5RdbzIVYt09wHJFu9JlXJqYUz1WdzrZyH+4vu5mMg+W5ylgcm6AaROYKBak8XXZUv2olTxIThBvO9ZB1InzUA3qDZAWznvSwb4nKQW/YVeNSb0QZbtUd+UpWuRfMlcTtMQvuMafQ==
GREER,CARL THOMAS,1603 BETHLEHEM ST,HOUSTON,TX,77018-1227,1603 BETHLEHEM ST,HOUSTON,TX,77018,Deed (Sheriff/Trustee/Tax),DEED,2026-10-02,RP-2026-401621,,50,New this week,Harris County Clerk,https://www.cclerk.hctx.netEComm/ViewEdocs.aspx?ID=ihpahpMbvcoWkF5RdbzIVWsseqxiNNITfrKg5h88TpGZJfFDDYRs9gTlP+d6OrysdV+GNsLS98J4agDgB5KvY1X1rDICscD4ejKHf8kpccXLWj5pzmGFNbWmOujVtUmRVZ9a3CEFq9Kt9L/x+NUu2g==
PELTIER,JOHN E,30801 WILLIAM JERGENS DR,TOMBALL,TX,77375-2963,30801 WILLIAM JUERGENS DR,TOMBALL,TX,77375,Deed (Sheriff/Trustee/Tax),DEED,2026-10-02,RP-2026-401608,,50,New this week,Harris County Clerk,https://www.cclerk.hctx.netEComm/ViewEdocs.aspx?ID=ihpahpMbvcoWkF5RdbzIVe8ZL0ymo1sI6AaPhnRkw6HtNyqBaoW7RQmU0x3AgVs6vDtL1WEQfSc6/TkqybczDT/cn4Ex72HHpN2xDufjKTwR5lwluwqMZJv0K+iiHN0P7pXe8pccDHsb+EdqjjdqUg==
MENDEZ,DOLORES PINTO,20218 CHARLISA SPRING DR,KATY,TX,77449-6307,20218 CHARLISA SPRINGS DR,KATY,TX,77449,Deed (Sheriff/Trustee/Tax),DEED,2026-10-02,RP-2026-401606,,50,New this week,Harris County Clerk,https://www.cclerk.hctx.netEComm/ViewEdocs.aspx?ID=ihpahpMbvcoWkF5RdbzIVTSNCBSb/vhQr13eiDy/XqQhjUp9YABk32l8uQCKicr+FdL48/yM4mlXtM/i+WLbiFkpT+dr8dS7RYMkL9kOtg/9gV6jfYE8c6TmCTva7eMNdUepNMndttwOVOWhPEM+Jw==
JOHNSON,HARRY K III,20626 HANNINGTON LN,KATY,TX,77450-5034,0 IN HARRIS COUNTY,HOUSTON,TX,,Deed (Sheriff/Trustee/Tax),DEED,2026-10-02,RP-2026-401370,,50,New this week,Harris County Clerk,https://www.cclerk.hctx.netEComm/ViewEdocs.aspx?ID=ihpahpMbvcoWkF5RdbzIVSKqIjwACGJJy81mSMu/iXhbBBILmVWCI+7BSfABhMnez8djn0oPjdmlRX2g/Cx9InAmqj6OaXeibHVZy9iEAhfL+AqTnV6CwKDMBZHSrTN5gJY/ZWt+SwGOaBpxVkS3yw==
CHRISTMANN,GLORIA CATHERINE,1752 DOLPHIN DR,SEABROOK,TX,77586-2956,1752 DOLPHIN DR,SEABROOK,TX,77586,Deed (Sheriff/Trustee/Tax),DEED,2026-10-02,RP-2026-401309,,50,New this week,Harris County Clerk,https://www.cclerk.hctx.netEComm/ViewEdocs.aspx?ID=ihpahpMbvcoWkF5RdbzIVZGpoqQET4o4leIEW2wiIuLPAsGITK+NGrmq0fHA/FyfYWl3qAjcHhc8H2Hr23He77FOi2VmEoK+RuoaCGz9X1F+GMQDKt9bPK7IsT9lvyiOi7DJ+kiLw0yQ4n2odaH3hQ==
BALMANNO,STANLEY,20006 WINFORD CT,SPRING,TX,77379-2437,20006 WINFORD CT,SPRING,TX,77379,Deed (Sheriff/Trustee/Tax),DEED,2026-10-02,RP-2026-401016,,50,New this week,Harris County Clerk,https://www.cclerk.hctx.netEComm/ViewEdocs.aspx?ID=ihpahpMbvcoWkF5RdbzIVb+kgQY7kSSpkH/Z5ZyFo7n4op5GQkLP8kmwh8gECrVegMhKnP+vnTy1OvuQRpcpqutxkbLZF/2jSws8/B6xBHrJpWUVObxyf1mQFjj/z3CHFEh0CRNdEqoM772OJq/l8Q==
FROST,J M III EST,2930 REVERE ST STE 300,HOUSTON,TX,77098-5607,0 IN HARRIS COUNTY,HOUSTON,TX,,Deed (Sheriff/Trustee/Tax),DEED,2026-10-02,RP-2026-400974,,50,New this week,Harris County Clerk,https://www.cclerk.hctx.netEComm/ViewEdocs.aspx?ID=ihpahpMbvcoWkF5RdbzIVfp9S2Ew6vfra4HhSkOAhKYjEDV5ymFQ8UD6ZnzdR75YxQD0b/JIwIuKQdpXDyGhCzkoXyAYaS52uQNeZWwGmFb+Ia1m+T0+5CP7sQe/fT6yVmnhTpncRQG+BUsGnBMoGg==
RUSSARES,STEPHANIE J,810 KINGSMARK DR,HOUSTON,TX,77094-1201,810 KINGSMARK DR,HOUSTON,TX,77094,Deed (Sheriff/Trustee/Tax),DEED,2026-10-02,RP-2026-400543,,50,New this week,Harris County Clerk,https://www.cclerk.hctx.netEComm/ViewEdocs.aspx?ID=ihpahpMbvcoWkF5RdbzIVVo5nVzWzbGlK6CC4hy+PhAqHg+7XtOR/Ei1GKomvjxjK5tds+HND4lhDuZoy502WTHGSDXP8p7RLaTuciEMBWV2Kv7x4x7SU3EAyjiXLTr915tUdvd+esDq/Y0F1r0mmg==
EILERS,JOHNELLE C,20902 PETERS RD,CROSBY,TX,77532-4301,20902 PETERS RD,CROSBY,TX,77532,Deed (Sheriff/Trustee/Tax),DEED,2026-10-02,RP-2026-400402,,50,New this week,Harris County Clerk,https://www.cclerk.hctx.netEComm/ViewEdocs.aspx?ID=ihpahpMbvcoWkF5RdbzIVasS9N1F0/ZKb+nTmgONFD296AX05qlWMvrd9CiP41ggLtAx5czRkosDRuT32Gt/zUZMtfMdeaLPb/hgAnz/MYTQngIlp0Kyy5RpU4bQqvZSSXkK7JZQxik/PU16RtH9ng==
PULLEN,LINDA GAIL,3703 MAPLE PASS CT,KATY,TX,77449-7530,3703 MAPLE PASS CT,KATY,TX,77449,Deed (Sheriff/Trustee/Tax),DEED,2026-10-02,RP-2026-400350,,50,New this week,Harris County Clerk,https://www.cclerk.hctx.netEComm/ViewEdocs.aspx?ID=ihpahpMbvcoWkF5RdbzIVah2k9T+DegfLXmMZBQyz1xMAbRVe3gySc9fBoBT6PqKSb0qEg0YZIcuPCDcW0Kbe2i/zy518HSTDCupwfd4GzcgFAie6tvwf9Rpq6ArzoHPfNNN3lApgBaPeg/sL0duoA==
BARNES,RHONDA EST,10151 PROSPECT HILL DR,HOUSTON,TX,77064-5439,10151 PROSPECT HILL DR,HOUSTON,TX,77064,Deed (Sheriff/Trustee/Tax),DEED,2026-10-02,RP-2026-400260,,50,New this week,Harris County Clerk,https://www.cclerk.hctx.netEComm/ViewEdocs.aspx?ID=ihpahpMbvcoWkF5RdbzIVYqa//jVOvSIYn4j3jsAmmDQoX+AGiQmx6B8zmR6uFRi0SEA4nZbUaHWg54Qfgzm2lafEJaJ8FfzZNv4lq/ODUs6CdUoC3TzYq2B+rj90RT56YlGpKbSAIEde7tGJNpT2w==
SMITH,VENITA DARLENE,PO BOX 119,HUFFMAN,TX,77336-0119,24305 FM 2100 RD,HUFFMAN,TX,77336,Deed (Sheriff/Trustee/Tax),DEED,2026-10-02,RP-2026-400232,,50,New this week,Harris County Clerk,https://www.cclerk.hctx.netEComm/ViewEdocs.aspx?ID=ihpahpMbvcoWkF5RdbzIVfbXvCIAeR+xExsqTAop3JcmTrInVI5+b0L+yqDQdMNSllDpzsQGfsr3Ilv3EsSG9Kb3CarH0F79wA3N5hIXuvGNaFMdvtNaO3UWoQ+sJclVKbYLDUGff/d+qm2CW7BuBA==
WASHINGTON,SHIRLEY J,3502 RIDGELAND AVE,HOUSTON,TX,77039-3339,3502 RIDGELAND ST,HOUSTON,TX,77039,Deed (Sheriff/Trustee/Tax),DEED,2026-10-02,RP-2026-400179,,50,New this week,Harris County Clerk,https://www.cclerk.hctx.netEComm/ViewEdocs.aspx?ID=ihpahpMbvcoWkF5RdbzIVbLFVXl5RdGJfN+tth+vxhHiVa1Sz9JXXOQot2DF7gyPHwghHae1VLgptviL9r/HcbL06wsja1BA2B5tXz1v0tDGzawIVVTwiloikamEJzt/1cjhC8ri0LracWLLtWDHag==
SHAIK,SUGRA BAANO,24806 BASTIANI CANVAS LN,KATY,TX,77493-4245,24806 BASTIANI CANVAS LN,KATY,TX,77493,Deed (Sheriff/Trustee/Tax),DEED,2026-10-02,RP-2026-400176,,50,New this week,Harris County Clerk,https://www.cclerk.hctx.netEComm/ViewEdocs.aspx?ID=ihpahpMbvcoWkF5RdbzIVUh2jdisxi83V9fs2BO82+Mm9aXBYDpHc/fI33w5E5RaEuvho3M2QAGaCU74HWedyoFlBd9XeNtx9UQmtagUfPYRIkK/Oq0O4nuPrdIjgrmkzEYb/UF0swf4BDspqMJSqw==
MORENO,GEORGE HENRY,1400 E OLYMPIC BLVD STE #212,LOS ANGELES,CA,90021-1937,21734 DOVINGTON CT,SPRING,TX,77388,Deed (Sheriff/Trustee/Tax),DEED,2026-10-02,RP-2026-400113,,50,New this week,Harris County Clerk,https://www.cclerk.hctx.netEComm/ViewEdocs.aspx?ID=ihpahpMbvcoWkF5RdbzIVSE5FPxel2Yn8Ox6qqle57NvEYniZYHM0Ud1sit9ekIfxzv6SPpx+n4btPkgnnuiIcnl49Q+zSBH/jjNitFdf1qeFdaPOYi9Xp15SC+yx/1jA2Nzu2CH8xdUCeQVdsi1Eg==
ROBERTS,SANDRA CLARK,12611 OAKFIELD DR,CYPRESS,TX,77429-3629,12611 OAKFIELD DR,CYPRESS,TX,77429,Deed (Sheriff/Trustee/Tax),DEED,2026-10-02,RP-2026-400071,,50,New this week,Harris County Clerk,https://www.cclerk.hctx.netEComm/ViewEdocs.aspx?ID=ihpahpMbvcoWkF5RdbzIVWCK/iMwwfHCBV6XlW90KWqy0KUlte29wvDXkarjcUq7Mh8eukgZx7VP3c4YRnh9JRLP+1tRj3Gm7YosQwqZJsMDzmhjKoadp4aXOADUhBIzvPlOp8EtAcy1oT0QfOY49w==
COLEMAN,MARILYN,6122 LYNBROOK DR,HOUSTON,TX,77057-1139,6122 LYNBROOK DR,HOUSTON,TX,77057,Deed (Sheriff/Trustee/Tax),DEED,2026-10-01,RP-2026-399921,,50,New this week,Harris County Clerk,https://www.cclerk.hctx.netEComm/ViewEdocs.aspx?ID=ihpahpMbvcoWkF5RdbzIVVLkIzIUn/vhmwDD39OWlIe65YwvbBYyf/K2qItgGlpBBeJ4shOvO5vDcZKvu26QZ3mxrC7D4+TjOpc/9Z3dyULLC+sDah62gjnL9bllYM6zHoNTYg4Stfn7LbJf1u3k7A==
CECIL,JO-ANNE M,21922 WHISPERING DAISY CT,CYPRESS,TX,77433-6572,21922 WHISPERING DAISY CT,CYPRESS,TX,77433,Deed (Sheriff/Trustee/Tax),DEED,2026-10-01,RP-2026-399906,,50,New this week,Harris County Clerk,https://www.cclerk.hctx.netEComm/ViewEdocs.aspx?ID=ihpahpMbvcoWkF5RdbzIVeN3XRmdceNlw1Jdk9aHcyp7yNdJR7w5M6Am8rSsqWDd5KBPEJBiYGMrBk6YceYm1dMYX8QHu4osCFww7WfglVp3yRvYqktpfH7gNnaNPw2I81FpYgwkfBbrDD7SPXNpNA==
MALTBY,JACOBA JOHANNA,23051 LANHAM DR,KATY,TX,77450-1424,23051 LANHAM DR,KATY,TX,77450,Deed (Sheriff/Trustee/Tax),DEED,2026-10-01,RP-2026-399879,,50,New this week,Harris County Clerk,https://www.cclerk.hctx.netEComm/ViewEdocs.aspx?ID=ihpahpMbvcoWkF5RdbzIVW0GZKzQXa5xQyW0XLN3Z1kxcd8q3yW55L4qPrRnRTAKhQ9Fv3Q8/L2c1/sXdwmbe3vMH3J4ny0Gt2CgvmS/uYht+nmBI33dUxIxFACY8RHbnYgm4jmSVAU+exavwttj8Q==
GOINS,TONIA L,661 BERING DR UNIT 208,HOUSTON,TX,77057-2137,661 BERING DR 208,HOUSTON,TX,77057,Deed (Sheriff/Trustee/Tax),DEED,2026-10-01,RP-2026-399752,,50,New this week,Harris County Clerk,https://www.cclerk.hctx.netEComm/ViewEdocs.aspx?ID=ihpahpMbvcoWkF5RdbzIVcbS+7mQ9IGOph6HyGiKpFXF99NPXpeKflb4Tq2SjV/qmaEP6XWKqcyO/3UJktnk5bWCcRbahiizao5BYdkb/15bRtZ10XcwOnDLkyP7dVeg3aQKxk5wIlNMlDQE5d3MdA==
FROEHLICH,CHANTAL V,8342 LEAFY LN,HOUSTON,TX,77055-4831,8342 LEAFY LN,HOUSTON,TX,77055,Deed (Sheriff/Trustee/Tax),DEED,2026-10-01,RP-2026-399736,,50,New this week,Harris County Clerk,https://www.cclerk.hctx.netEComm/ViewEdocs.aspx?ID=ihpahpMbvcoWkF5RdbzIVanbj2ajZJfeFkJ+3gElAgquRuUaTynMY7e2ea7cosXfSxsyh5CGlsqgAG0uLfdqeqJRC7NiJ9vjsNe16kYPIY2VpJWw3U2lpd9miZfOZ7b68p25wACfV98mvzXYjm8R8Q==
KESSELER,ERIC,6230 BILLINSGATE DR,KATY,TX,77449-8448,6230 BILLINSGATE DR,KATY,TX,77449,Deed (Sheriff/Trustee/Tax),DEED,2026-10-01,RP-2026-399727,,50,New this week,Harris County Clerk,https://www.cclerk.hctx.netEComm/ViewEdocs.aspx?ID=ihpahpMbvcoWkF5RdbzIVUnJUA9mEs6XBSejF4y3H5SjOnX3wW8hEfPC8UyHV6I2hsj7EosB1ySXT4ZW2ZdScXoXID4G+1eZcwJ06+HgrTyxAEanXO9wrLCAjJoMeTPRxRiARN3Vq2bZh+Nb/v9Org==
BUMPUS,THERESE MARIE,12243 CYPRESS SHORES DR,TOMBALL,TX,77375-7686,12243 CYPRESS SHORES DR,TOMBALL,TX,77375,Deed (Sheriff/Trustee/Tax),DEED,2026-10-01,RP-2026-399711,,50,New this week,Harris County Clerk,https://www.cclerk.hctx.netEComm/ViewEdocs.aspx?ID=ihpahpMbvcoWkF5RdbzIVQqSVYO+qSAI/ol9tdz8gpSbIGpdyyBm9BXmfdbUjX0UPB29JCnnlOjkwvird3iwRjalxlRBD0fOiJf9eriKEwH4kX+KoDs/JUHLe4zfFL4jMX9jx8qNlcNkf5xZ9PQIag==
ESPINO,VICTOR,8222 SPRINGTIME LN,HOUSTON,TX,77075-4740,8222 SPRINGTIME LN,HOUSTON,TX,77075,Deed (Sheriff/Trustee/Tax),DEED,2026-10-01,RP-2026-399683,,50,New this week,Harris County Clerk,https://www.cclerk.hctx.netEComm/ViewEdocs.aspx?ID=ihpahpMbvcoWkF5RdbzIVW6m+iglwNZFXrZH0sHnpUqonF7wqv6ZXddLmlfaDjoFq2BUUP/o5i+CWnp0UVl6XkavBmN7Yeay+IhXl6sq2K0mxPknmicFhKjxKQmrCRUR22grK5ieP4Yf7C5LPMtF/w==
SANCHEZ,MERCEDES MIRANDA,102 RED OAK AVE,CROSBY,TX,77532-8641,102 RED OAK AVE,CROSBY,TX,77532,Deed (Sheriff/Trustee/Tax),DEED,2026-10-01,RP-2026-399677,,50,New this week,Harris County Clerk,https://www.cclerk.hctx.netEComm/ViewEdocs.aspx?ID=ihpahpMbvcoWkF5RdbzIVeA8Qe30wIF+JHkxlHsyfPuwDw9nUryjtP7mFx5adDsKypqrnGEq/btksbIjLUSQspNAIWciL8kaCHaBq07SwEkxcPJrhRXsFGjxbQyAsyQwL+5zT/uSFjmzlAhZmPGXWg==
VERONIE,LEATHA,1704 STANFORD ST,HOUSTON,TX,77006-1345,1704 STANFORD ST,HOUSTON,TX,77006,Deed (Sheriff/Trustee/Tax),DEED,2026-10-01,RP-2026-399670,,50,New this week,Harris County Clerk,https://www.cclerk.hctx.netEComm/ViewEdocs.aspx?ID=ihpahpMbvcoWkF5RdbzIVaZNWpOvb3BebotpMzjMQxEPIF9vlLKhBIYmManmrrIhA/WlHgB5lC30EtXpUDU6KzjpP2CzV3U1O983aqVyee61s7KItaQ9sCVdcWDtPB3S6wWlQdG9JJgKBpHSKxfbWg==
TAYLOR,JANIS,16207 WILLOWPARK DR,TOMBALL,TX,77377-9012,16207 WILLOWPARK DR,TOMBALL,TX,77377,Deed (Sheriff/Trustee/Tax),DEED,2026-10-01,RP-2026-399657,,50,New this week,Harris County Clerk,https://www.cclerk.hctx.netEComm/ViewEdocs.aspx?ID=ihpahpMbvcoWkF5RdbzIVVNSbiIQQQ2V7gldjIGKhQaT7IlUsHcgMJ+xw7dJK/84DsaLxGB0vcswJ+1F5cnh4iMur3dWXBoS8nFHQ5COIzfnSziOvZa3qIj7nROQxgIPj7zUMq2AyZXg4VF4xh3m9w==
WINGARDH,BARBARA B,7011 STONEY RIVER DR,SPRING,TX,77379-4728,7011 STONEY RIVER DR,SPRING,TX,77379,Deed (Sheriff/Trustee/Tax),DEED,2026-10-01,RP-2026-399629,,50,New this week,Harris County Clerk,https://www.cclerk.hctx.netEComm/ViewEdocs.aspx?ID=ihpahpMbvcoWkF5RdbzIVbftopNpXvck6/+9oMqS+ZZI7SqdVX2mfqL6LAL7wHvPD0hcPMAOCFwBrhZEnTt0otiz/OrfYSp2IEYNCknj+PkdlVn1jbmV74Cbji77mkcrWKxCdBsYcu7ZSEKuAzXBHQ==
LI,JESSIE Z,12335 SHADOW GREEN DR,HOUSTON,TX,77082-5642,12335 SHADOW GREEN DR,HOUSTON,TX,77082,Deed (Sheriff/Trustee/Tax),DEED,2026-10-01,RP-2026-399621,,50,New this week,Harris County Clerk,https://www.cclerk.hctx.netEComm/ViewEdocs.aspx?ID=ihpahpMbvcoWkF5RdbzIVR12SsjjW4IYrr8ayqAFOCD36D/M8kJWT1VahEagrQ+8FOPYk0qW4/LJZ4e69lVgiXX3fHGYVl/gs4aX76dYvu+7fPOJ8I5W04rLW+dApstJ84X/OjcDxgfEXkrXquhM6Q==
FRAILEY,PAM LEVETT,3419 RAINSHORE DR,KATY,TX,77449-7022,3419 RAINSHORE DR,KATY,TX,77449,Deed (Sheriff/Trustee/Tax),DEED,2026-10-01,RP-2026-399598,,50,New this week,Harris County Clerk,https://www.cclerk.hctx.netEComm/ViewEdocs.aspx?ID=ihpahpMbvcoWkF5RdbzIVQJ4gRcjqJxB72qSUuM5DJZz4rA7HaLsdY1q9z00KByThmzVaE+zfLCWWApEbMHJIDiPRrHtyHvKW/AKFHrMxPD6xaqX2FW4+HGVdfoQRpv5NvSaCQ0amPsZT4yHbNebgA==
MEDELLIN,JOSE A,1046 HOFFMAN ST,HOUSTON,TX,77020-6712,1046 HOFFMAN ST,HOUSTON,TX,77020,Deed (Sheriff/Trustee/Tax),DEED,2026-10-01,RP-2026-399548,,50,New this week,Harris County Clerk,https://www.cclerk.hctx.netEComm/ViewEdocs.aspx?ID=ihpahpMbvcoWkF5RdbzIVR5mfcLZmAfF+JGZWNagigJrXjRApCbwVUMaz2poT3s7AxYSL+CEoTfhAxtcQa5J0IwSpclCeJeFO5fdMV6Eh4rV4qUtCm83Fl0J4YXWNotGBLY5xL/18+iUwzshh+G6LA==
VAUGHT,ROGER,11207 IVYRIDGE RD,HOUSTON,TX,77043-3415,11207 IVYRIDGE RD,HOUSTON,TX,77043,Deed (Sheriff/Trustee/Tax),DEED,2026-10-01,RP-2026-399515,,50,New this week,Harris County Clerk,https://www.cclerk.hctx.netEComm/ViewEdocs.aspx?ID=ihpahpMbvcoWkF5RdbzIVQTMtF/4mYQ87GkTU5YGanBq+XXnexGkABP9UeBTq52KFKPlSZ8a6+4saRkfXXW9m2+c6s2gM3fKYAV13IYIY0bE/4qrmQeWkYurn7wisa5A7imhU7nGzpFTrR9UvmFyFQ==
ROBINSON,CRAIG M,518 MAJESTIC RIDGE DR,HOUSTON,TX,77049-1778,518 MAJESTIC RIDGE DR,HOUSTON,TX,77049,Deed (Sheriff/Trustee/Tax),DEED,2026-10-01,RP-2026-399497,,50,New this week,Harris County Clerk,https://www.cclerk.hctx.netEComm/ViewEdocs.aspx?ID=ihpahpMbvcoWkF5RdbzIVdaJdx5/HfIFw6moqMWIV0l2OiIr5Yb1wjWr/czB1zK0dXY6keSsUPxcUyIl260SdC0ABO4VUfrUH15DCrdEPs3xkNhlWNj1w//NQbnUxNIZUL6DIANlZ8cmuWERGRmNPQ==
JACKSON,MARY JEAN,6700 BELMONT ST APT 5,HOUSTON,TX,77005-3859,6700 BELMONT ST 5,HOUSTON,TX,77005,Deed (Sheriff/Trustee/Tax),DEED,2026-10-01,RP-2026-399478,,50,New this week,Harris County Clerk,https://www.cclerk.hctx.netEComm/ViewEdocs.aspx?ID=ihpahpMbvcoWkF5RdbzIVfZstZW5n1LBUUCL8AjG81t9JslysuhCoa9l8BsIQYiQSeOwOEn9IcnzsWu0/k8tLWkjFm+xwe77z8VxgGMmYdrOIJ2Qqo3CtqatGOEZs4aZNkr/m43ZVY4wat9tCF5OBg==
LEON,ADRIANA MARIELA ARGUELLES,2906 SOLITUDE PINE LN,KATY,TX,77493-5681,2906 SOLITUDE PINE LN,KATY,TX,77493,Deed (Sheriff/Trustee/Tax),DEED,2026-10-01,RP-2026-399423,,50,New this week,Harris County Clerk,https://www.cclerk.hctx.netEComm/ViewEdocs.aspx?ID=ihpahpMbvcoWkF5RdbzIVbxQrCRJ/BgLXd4Y8foiBN/ySSu4FmztGdE/pbNrTR3+aBQt8Mt9zH22f+wz3P1iYKTaylDthOWytHWHHvuesH80PL8u8qHww5bUGWpU0sCAdAxdXzhMOqaX3rRM+KsFCQ==
GUAJARDO,FRANCISCO JAVIER,7323 KARNES ST,HOUSTON,TX,77020-7627,7323 KARNES ST,HOUSTON,TX,77020,Deed (Sheriff/Trustee/Tax),DEED,2026-10-01,RP-2026-399338,,50,New this week,Harris County Clerk,https://www.cclerk.hctx.netEComm/ViewEdocs.aspx?ID=ihpahpMbvcoWkF5RdbzIVZnr2En7E32eyPGOSixO86rXUAAg8VT+EmI/DwI3vkhLVzdbARgxi3+YZmljiotiSnklS3yO9tx3amiMaURyiHblIGYB9pukD4OdY4AArqZNQlqycv1Q9DM8cZ6FzWqQwg==
MULLIN,STEPHEN G,10018 PECOS RIVER BEND DR,CYPRESS,TX,77433-3447,10018 PECOS RIVER BEND,CYPRESS,TX,77433,Deed (Sheriff/Trustee/Tax),DEED,2026-10-01,RP-2026-399305,,50,New this week,Harris County Clerk,https://www.cclerk.hctx.netEComm/ViewEdocs.aspx?ID=ihpahpMbvcoWkF5RdbzIVWogEycUt4lY0UTZLhxkPMdIyt+2WaBYsEI2NkAauJb6HwneU6NZoQO95NKmYS7kB1yY21NltJyUoLb5vscTMwSg7lMXSxwrYMOWe2X+0M5+Uez1d5bNsVWTbwsr6CVx4w==
MARKS,NANCY ANN,3737 ALBANS RD,HOUSTON,TX,77005-2001,3737 ALBANS RD,HOUSTON,TX,77005,Deed (Sheriff/Trustee/Tax),DEED,2026-10-01,RP-2026-399296,,50,New this week,Harris County Clerk,https://www.cclerk.hctx.netEComm/ViewEdocs.aspx?ID=ihpahpMbvcoWkF5RdbzIVd3c5mjIWRlf72LMA6jdbRBsXrQsaCd9OlhImV3yMF4U5e51xs2W9dcEy7vZa3rYZWdjc/dEglvv6wUzgu4KsSnmN8o3FyMaWcshDYU5LpM7KfHHf6YScwd1BjatpzZvUA==
HERRERA,FRANCISCO SR,15123 LINDSTROM RD,CROSBY,TX,77532-6214,15123 LINDSTROM RD,CROSBY,TX,77532,Deed (Sheriff/Trustee/Tax),DEED,2026-10-01,RP-2026-399269,,50,New this week,Harris County Clerk,https://www.cclerk.hctx.netEComm/ViewEdocs.aspx?ID=ihpahpMbvcoWkF5RdbzIVRbLImI5h12mStC20NYfUvoCs5J9pqbYVBfWdXkMemYzrKQogiFX5dTmauFhzQ0Z6vyyMxfU+ouMSYJHJJHsaBI3wsAAShyV8u4rYw5+gIktMwSu9OLTphBmMI9A00DiyQ==
MAREK,JENNIFER F,14723 BARRYKNOLL LN APT 95,HOUSTON,TX,77079-2811,14723 BARRYKNOLL LN 95,HOUSTON,TX,77079,Deed (Sheriff/Trustee/Tax),DEED,2026-10-01,RP-2026-399253,,50,New this week,Harris County Clerk,https://www.cclerk.hctx.netEComm/ViewEdocs.aspx?ID=ihpahpMbvcoWkF5RdbzIVRGwyFp+JnHeXQmlYUwLKpRgYywbDLGS/zMAcI1WfU3+0X5+YJu1ccvWESDy8Cce7IoEkOKwZuTZ0hgLQ4eYewg/mYdTZHRwahdsQmvvEgbOGEvr9MA8QBiYYe/okjLH+g==
IRVIN,ANNICE CONWAY,18034 ROLLING CREEK DR,HOUSTON,TX,77090-1126,18038 ROLLING CREEK DR,HOUSTON,TX,77090,Deed (Sheriff/Trustee/Tax),DEED,2026-10-01,RP-2026-399211,,50,New this week,Harris County Clerk,https://www.cclerk.hctx.netEComm/ViewEdocs.aspx?ID=ihpahpMbvcoWkF5RdbzIVdiJOvb0asCgteWknQxTMZDwzISLE0BywrZZ/JTruQ2P7n4CaI2DePw3wGPci2WP3JMUJEHOBCXLsbNxoeP7DQl9+TUQcGQCkmRWUBHUlzav5jVn9w3RnQ1eMB03XIg+HA==
IRVIN,ANNICE CONWAY,18034 ROLLING CREEK DR,HOUSTON,TX,77090-1126,18038 ROLLING CREEK DR,HOUSTON,TX,77090,Deed (Sheriff/Trustee/Tax),DEED,2026-10-01,RP-2026-399210,,50,New this week,Harris County Clerk,https://www.cclerk.hctx.netEComm/ViewEdocs.aspx?ID=ihpahpMbvcoWkF5RdbzIVRUvvetLkHK1+tIh63p1nYyYZNeBtRGAJ1J/pxbCgqnKOiiTEx7yqe9R6ga4bX1i1ZmVwUO05JnkdFgFqmuAweyTyuZkGUvjLMteAVyzkjcfFL15o2o8NzAiQlDbRiaTAw==
SULLIVAN,JENNIFER M,16122 GOLDEN SANDS DR,HOUSTON,TX,77095-3640,16122 GOLDEN SANDS DR,HOUSTON,TX,77095,Deed (Sheriff/Trustee/Tax),DEED,2026-10-01,RP-2026-399202,,50,New this week,Harris County Clerk,https://www.cclerk.hctx.netEComm/ViewEdocs.aspx?ID=ihpahpMbvcoWkF5RdbzIVTtom1rPPsiLET9QsSAaPSwMscv9m/LB7io7hC4ZDUVOwoA95cEsIXdE9h8NopG10HwrvSgNMcUD4NZyR16QuwSqtC1WIpebR3dbEt6vhC71UQrho4VWGzKGucy1DCrELw==
GARCIA,CATHY LYNN,102 W HARTWICK LN,HOUSTON,TX,77037-2904,4110 BEGGS ST,HOUSTON,TX,77009,Deed (Sheriff/Trustee/Tax),DEED,2026-10-01,RP-2026-399196,,50,New this week,Harris County Clerk,https://www.cclerk.hctx.netEComm/ViewEdocs.aspx?ID=ihpahpMbvcoWkF5RdbzIVSx6sewwMHT6LiQ/vZKIxPrPO7Hotp8od3tbsk5c9bA+3L4keexIID+5okKQb2PwlpWb2d7Pmee2F61cSz0RcHMxH3L+vA7IVXy8jazjAaM+3gcIQrSlYgW4V1ttzdNb6Q==
ORTIZ,RUDY L,5430 WINDING WAY DR,HOUSTON,TX,77091-1308,5430 WINDING WAY DR,HOUSTON,TX,77091,Deed (Sheriff/Trustee/Tax),DEED,2026-10-01,RP-2026-399141,,50,New this week,Harris County Clerk,https://www.cclerk.hctx.netEComm/ViewEdocs.aspx?ID=ihpahpMbvcoWkF5RdbzIVVZrB6+k6o+1VpVsNMud2j+N6zCHf0fL7zhCHirVoX0bQwY8RyfGdPYNifzqxP6wR8zQ1Zfaf+Es9p16fqYBiwekMqX4T+t30Oa50cDO7bfkqo+HxUA3jHMcyv6fcJGl9Q==
WAKEFIELD,SARAH MARIE,2003 SEVEN OAKS DR,KINGWOOD,TX,77339-3308,2003 SEVEN OAKS DR,HUMBLE,TX,77339,Deed (Sheriff/Trustee/Tax),DEED,2026-10-01,RP-2026-399130,,50,New this week,Harris County Clerk,https://www.cclerk.hctx.netEComm/ViewEdocs.aspx?ID=ihpahpMbvcoWkF5RdbzIVavozHNgMUsIbqVqiD6FLzY+hv3lOqiA6mCJV1GhK3mlIgRpk5kbvRwt+7ItRYkn6J546r09uEhzNEvRd262FgyXyLNtajq+2R1bCk6AvLmvPlDE9wH0R9whtVWoqRmkIA==
NUNEZ,DOMINGA ESPINOZA,7226 GRACIA ST,HOUSTON,TX,77076-1525,7226 GRACIA ST,HOUSTON,TX,77076,Deed (Sheriff/Trustee/Tax),DEED,2026-10-01,RP-2026-399032,,50,New this week,Harris County Clerk,https://www.cclerk.hctx.netEComm/ViewEdocs.aspx?ID=ihpahpMbvcoWkF5RdbzIVf4JsFyKBDDi6fbET8xKuOIDsuQcJxcpnlupUIuJuSCSkmFzRmiHvKHJxT0eXrUmRN17OLCGnLKPgClFZTAO8vZVDfTJmsgF1CG+EDe7FpYj0qxopFh0Ao6K+BZYnbXoKA==
KATZ,BENNY,219 E COWAN DR,HOUSTON,TX,77007-5023,4202 ROVING MEADOWS LN,CROSBY,TX,77532,Deed (Sheriff/Trustee/Tax),DEED,2026-10-01,RP-2026-399027,,50,New this week,Harris County Clerk,https://www.cclerk.hctx.netEComm/ViewEdocs.aspx?ID=ihpahpMbvcoWkF5RdbzIVRlBxEBdVK1y8kiP/asF/g1Ry/TwqFI4EVB1I0G5y/r5ytXOMwtt/nylIZsU3aQfRpZZQ46wZEgbJ7yp8aBYkq8MA8xL6pfLjU9iCa6gfO06fUqvCayc78/Mjj4imOHnaQ==
PEREZ,JENNIFER R,20058 CRAZY HORSE CIRCLE DR,KATY,TX,77449-3328,20058 CRAZY HORSE CIRCLE DR,KATY,TX,77449,Deed (Sheriff/Trustee/Tax),DEED,2026-10-01,RP-2026-398999,,50,New this week,Harris County Clerk,https://www.cclerk.hctx.netEComm/ViewEdocs.aspx?ID=ihpahpMbvcoWkF5RdbzIVbHVIvJ7iomz9fxmdK22U3e5JxeiLa8Kv08izazc9zjxQRU4XKFQj8x3IcflZGdUdboG38yqv8CszJ3Pxhwxex754jKq4e7OuRGu7b2d1FBo1FvQ1vYBfwOndwG70rN68Q==
SMITH,ROY JR,3410 ANN ARBOR DR,HOUSTON,TX,77063-6104,3410 ANN ARBOR DR,HOUSTON,TX,77063,Deed (Sheriff/Trustee/Tax),DEED,2026-10-01,RP-2026-398983,,50,New this week,Harris County Clerk,https://www.cclerk.hctx.netEComm/ViewEdocs.aspx?ID=ihpahpMbvcoWkF5RdbzIVePJjOetLRNlvv8K1PWaIa6FblPh08drNLPQYy3ufaFrZoyVaDtO4G2GktIlWFvUwiDj+2XpDmm+nHOPnJkYJG6fJSQpyuCxJalKWRCIwpLjIi+OUMHAcJoI5IimpOXH2Q==
LABASTIDA,LUIS V,5407 EMERALD BRK,HOUSTON,TX,77041-6681,12707 BOHEME DR,HOUSTON,TX,77024,Deed (Sheriff/Trustee/Tax),DEED,2026-10-01,RP-2026-398947,,50,New this week,Harris County Clerk,https://www.cclerk.hctx.netEComm/ViewEdocs.aspx?ID=ihpahpMbvcoWkF5RdbzIVftrgCvVwmnhPuvU2GFIQ2AhXG4trBUx0w6IdIoEX1b8zQxPDc8otvTNpk0THAe310gDRi4nMs+QL3FPSXt/o4Ik59ronjpelT10loEguasV2F86R92Q7lbUIQvlyWh7zw==
ROSEN,ALAN CONST,533 CHELSEA ST,BELLAIRE,TX,77401-5007,533 CHELSEA ST,BELLAIRE,TX,77401,Deed (Sheriff/Trustee/Tax),DEED,2026-10-01,RP-2026-398934,,50,New this week,Harris County Clerk,https://www.cclerk.hctx.netEComm/ViewEdocs.aspx?ID=ihpahpMbvcoWkF5RdbzIVSLo/u3bGaWIRozglBU0ol6TsCjXnu8iArbxP7D+8HRIKD7ksq4+qZ1GRncbhTJVETOOjK6IJlQB6HnHn8W8JmQh3M+/RmcOYV2KJmjnkYmvywRgXcm/t8M75DDn0UH30w==
LABASTIDA,LUIS,5407 EMERALD BRK,HOUSTON,TX,77041-6681,5407 EMERALD BRK,HOUSTON,TX,77041,Deed (Sheriff/Trustee/Tax),DEED,2026-10-01,RP-2026-398931,,50,New this week,Harris County Clerk,https://www.cclerk.hctx.netEComm/ViewEdocs.aspx?ID=ihpahpMbvcoWkF5RdbzIVeA5NSjCGFRj/sPbXD5ZOiyN++MMAb0HLlNlc6ToHnJOQL3Uu/jFvn+U7utvd87HQk64BiMk7tlGfpY8BJg31d5+m1eRCmwYTSmO8iaUs+5R6B6ZXGOmwM7sIkOgrXESIA==
GONZALES,GUADALUPE O,22634 PARK RD,TOMBALL,TX,77377-3945,22636 PARK RD,TOMBALL,TX,77377,Deed (Sheriff/Trustee/Tax),DEED,2026-10-01,RP-2026-398897,,50,New this week,Harris County Clerk,https://www.cclerk.hctx.netEComm/ViewEdocs.aspx?ID=ihpahpMbvcoWkF5RdbzIVXN+l5T9fCuxRaIV6ysKnYJmNr+8LJ1KAURoTYcG4r0c/FrMbdSCkpk4h5La2DayDgvaVzCODbbN1NIfZjZc6KHWVBrMLKUjsEuuIdjJhR7Lgz9FKbUwZ/3vpPYv4XwQ/Q==
PHILLIPS,KELLY,20631 LAUREL LOCK DR,KATY,TX,77450-4915,20631 LAUREL LOCK DR,KATY,TX,77450,Deed (Sheriff/Trustee/Tax),DEED,2026-10-01,RP-2026-398896,,50,New this week,Harris County Clerk,https://www.cclerk.hctx.netEComm/ViewEdocs.aspx?ID=ihpahpMbvcoWkF5RdbzIVVDMGpQjhUxMV/ZGqpwXET4q7BaxWBP4Ei+70/OzrsHHvyYCdmRcwMBrxU7X1uF1JDpODbmf3oCKhLXdoyc0HnhGE44J/GlDTqy8WqxA4lipYFxuO4wlYdOz3UWN0sWauQ==
ZUSPAN,JEFFREY JAY,4336 JIM WEST ST,BELLAIRE,TX,77401-5202,4336 JIM WEST ST,BELLAIRE,TX,77401,Deed (Sheriff/Trustee/Tax),DEED,2026-10-01,RP-2026-398875,,50,New this week,Harris County Clerk,https://www.cclerk.hctx.netEComm/ViewEdocs.aspx?ID=ihpahpMbvcoWkF5RdbzIVQsGjjt1GjZvmRDBFWFdj5Nd9CyRpBG/pB4yL4cNV/SfirnVCdCCa8+zaxtBNlGP2+9dxrcJF6Ce93wq4YZx276rv3PKSK2vHZ1P071zh30QZUcJzi/Pbx3PhL+2MwEYHw==
HERMAN,MARK CONST,3130 ALBANS RD,HOUSTON,TX,77005-2148,3130 ALBANS RD,HOUSTON,TX,77005,Deed (Sheriff/Trustee/Tax),DEED,2026-10-01,RP-2026-398785,,50,New this week,Harris County Clerk,https://www.cclerk.hctx.netEComm/ViewEdocs.aspx?ID=ihpahpMbvcoWkF5RdbzIVWLv02ii0V7al1QMFvNnH99poPHS7XUFf4XpsH055KDTxSfzasIgFc6GpcX1ORKXvbhzTn1Yfl2xr4L76CNoFSjc7egOpfZVcpujNZkQtMBkFC/0eD8bDx0sUuuORV8rXQ==
ZYCHA,RAYMOND,9126 MEREDITH DR,HIGHLANDS,TX,77562-3351,9126 MEREDITH DR,HIGHLANDS,TX,77562,Deed (Sheriff/Trustee/Tax),DEED,2026-10-01,RP-2026-398728,,50,New this week,Harris County Clerk,https://www.cclerk.hctx.netEComm/ViewEdocs.aspx?ID=ihpahpMbvcoWkF5RdbzIVd3U0iaj8C9J/llgCtoZpkmPQE2JxE1utBOohuDiKe4boaAUyhYzkllo+jg2Vmkdwpv2C0RdfUK560spOzKSoNFsPxX7eP+mPSp8D2DIeLnIVj2AUA4VOx0VWlEwvAg2dw==
NGUYEN,YVONE,19118 MOCKINGBIRD VALLEY DR,KATY,TX,77449-5210,19118 MOCKINGBIRD VALLEY DR,KATY,TX,77449,Deed (Sheriff/Trustee/Tax),DEED,2026-10-01,RP-2026-398700,,50,New this week,Harris County Clerk,https://www.cclerk.hctx.netEComm/ViewEdocs.aspx?ID=ihpahpMbvcoWkF5RdbzIVfeCOgmBEuvVgGMmFGTXuZd4LVgbut4bAQkPQtfucFrA7kZivgkO3/go3ntdg4ddzNu7mm8XXtgzdpjICkZA/5DWw8WReGgJGvNiTPn1U1iOKPIJ9gqOeBcmH0Q1SgYOZQ==
ONYEMELUKWE,JOSEPHINE E,5937 KENVILLE GREEN CIR,KERNERSVILLE,NC,27284-7128,15807 MISTY LOCH LN,HOUSTON,TX,77084,Deed (Sheriff/Trustee/Tax),DEED,2026-10-01,RP-2026-398655,,50,New this week,Harris County Clerk,https://www.cclerk.hctx.netEComm/ViewEdocs.aspx?ID=ihpahpMbvcoWkF5RdbzIVfEH/nFJHlknDy51tgF7Ngai1GDKG7tjhdWkIFsJ0V8y9GbQcZseHU8bSrnUMdr6Pmml+2/f1U1JjsapD7errwGf0nbetC/aOHFrI9fAo0kMBzGEOcBcUCeMzK2kTAeoEQ==
ARZYMANOW,CHRISTINE ANN,2215 W FALL RUN PARK DR,HOUSTON,TX,77055-1280,2215 W FALL RUN PARK DR,HOUSTON,TX,77055,Deed (Sheriff/Trustee/Tax),DEED,2026-10-01,RP-2026-398651,,50,New this week,Harris County Clerk,https://www.cclerk.hctx.netEComm/ViewEdocs.aspx?ID=ihpahpMbvcoWkF5RdbzIVet26d5zGf54iKXcaxjKw5gXuNIyVzZJ6jn6sxx+C7M0BOLTxPMSM78XUWrbVseNO8UTQQ9cajTFFOSZn79U3CUZxGkwp7ozw5KNCyMFjbgB9VUCjLirZIYmr0hGHuUydg==
ASTRO,MARVIDA L P,6310 CAPITAL DR STE 130,BRADENTON,FL,34202-5013,0 FM 529 RD,CYPRESS,TX,77433,Deed (Sheriff/Trustee/Tax),DEED,2026-10-01,RP-2026-398633,,50,New this week,Harris County Clerk,https://www.cclerk.hctx.netEComm/ViewEdocs.aspx?ID=ihpahpMbvcoWkF5RdbzIVU9z8QBgu4JYM1mKeVxrI+gtH/+SvIwryweHUCgNIH7+mXtsPw9r12tOd/Yy9dsaDndx9aQIRuR10hiYxigB10veYQUAZQaJRV38XfMqAX9KRIGcMWheOCCwq8flePmbPQ==
ASTRO,MARVIDA L P,6310 CAPITAL DR STE 130,BRADENTON,FL,34202-5013,0 FM 529 RD,CYPRESS,TX,77433,Deed (Sheriff/Trustee/Tax),DEED,2026-10-01,RP-2026-398632,,50,New this week,Harris County Clerk,https://www.cclerk.hctx.netEComm/ViewEdocs.aspx?ID=ihpahpMbvcoWkF5RdbzIVSCLAqrO26sukLysKj6A/QMVYx46rrLeaPnyZnk6OqnIXvUyGc5oBmIheXkFLYyUG358xHJTIlojdNF3wlph5rRUKdk21mgh3aVnhW5VXhLkQ3kOdpCKMPHrCvTfQ7IaHw==
ASTRO,MARVIDA L P,6310 CAPITAL DR STE 130,BRADENTON,FL,34202-5013,0 FM 529 RD,CYPRESS,TX,77433,Deed (Sheriff/Trustee/Tax),DEED,2026-10-01,RP-2026-398631,,50,New this week,Harris County Clerk,https://www.cclerk.hctx.netEComm/ViewEdocs.aspx?ID=ihpahpMbvcoWkF5RdbzIVQH3Rv0V7w+sPqlFa6k67d9ezwIzD0Q8otpb408pVIQYDp21Xto7ZVrCK+xoks5QIszPemMt/00k4TIXY7Tz0UPm9f1yqDCh8EsPZO2UEz5qUH7YICYGn2WaWp4z2KJjcQ==
JACKSON,BARBARA YVETTE,10338 MISTY RIVER DR,HOUSTON,TX,77086-2036,10338 MISTY RIVER DR,HOUSTON,TX,77086,Deed (Sheriff/Trustee/Tax),DEED,2026-10-01,RP-2026-398538,,50,New this week,Harris County Clerk,https://www.cclerk.hctx.netEComm/ViewEdocs.aspx?ID=ihpahpMbvcoWkF5RdbzIVQgT7sT8Wa1kOIaebuLaZcJlpPGq1CMIlzws4tRMdS8HA96rd678cQ7AM0WyobWLw9pgb18qqzwQflLrtkz7FgpyswR28HDib8N66H4mXUzyxdxyqj4mDVYAVuGJoR1M2A==
MARNEY,SUZANN,7A W SHADY LN,HOUSTON,TX,77063-1303,7 W SHADY LN,HOUSTON,TX,77063,Deed (Sheriff/Trustee/Tax),DEED,2026-10-01,RP-2026-398204,,50,New this week,Harris County Clerk,https://www.cclerk.hctx.netEComm/ViewEdocs.aspx?ID=ihpahpMbvcoWkF5RdbzIVY0bBaU1QEWYmIvlw7hjxEvBmr40049/rHowhpbOh44dCubRHknphgtQApAFQ1Of4wi8gPbpnW/PvEvg7lRM8WPe1fXYHdDLHSPMgR7FYAprMQusg5RWsa/MT7q1i4F7OQ==
NGUYEN,HIEN DUC,6915 DARTFORD CT,SPRING,TX,77379-7403,3915 ALICE ST,HOUSTON,TX,77021,Deed (Sheriff/Trustee/Tax),DEED,2026-10-01,RP-2026-398148,,50,New this week,Harris County Clerk,https://www.cclerk.hctx.netEComm/ViewEdocs.aspx?ID=ihpahpMbvcoWkF5RdbzIVX4dzuoNzcHdGDc6RB24DxTGF9NmKYzl0qOclYOw2RIiqbzKbQnwnZ3zK8hDd1gRWiMB4ruQ2Tl/kUzPOrfp/nHTBoqm6NAZe8297iH1ZZ4t/YGFKibHbNbAaOykF0teWw==
CHASTAIN,TERRY D,2463 FORESTER ST UNIT A,HOUSTON,TX,77009-7334,2463 FORESTER ST A,HOUSTON,TX,77009,Deed (Sheriff/Trustee/Tax),DEED,2026-10-01,RP-2026-398110,,50,New this week,Harris County Clerk,https://www.cclerk.hctx.netEComm/ViewEdocs.aspx?ID=ihpahpMbvcoWkF5RdbzIVR9kkyd1kUsFNB/exl370Ht946OEfrveq2KrKomA6xp0FKB64K4XDLAVqWjenSibwHtmXVSuU6Dlg8Pz4JLWngF9VvUE/pMq72COsKVWZnEeJ8AjQzA142UGuMRQSbkPtA==
MCREYNOLDS,VEON,2305 WHEELER ST,HOUSTON,TX,77004-5233,2305 WHEELER ST 2,HOUSTON,TX,77004,Deed (Sheriff/Trustee/Tax),DEED,2026-10-01,RP-2026-398017,,50,New this week,Harris County Clerk,https://www.cclerk.hctx.netEComm/ViewEdocs.aspx?ID=ihpahpMbvcoWkF5RdbzIVf+r52fvS37qqBx4hPPDDsZEkGFxtNen0VyR/USrdzIaBVxZix4VpMj7I6gB5dl4ZwutRRtPy0KZm4Rc3OBnhWxCYT3Z36KwceWIs9H42kFRAexC9kEryPRjV8m5C3gvVA==
SMITH,JAMES EDWARD JR,1903 BANKS ST,HOUSTON,TX,77098-5405,1123 RUTLAND ST,HOUSTON,TX,77008,Deed (Sheriff/Trustee/Tax),DEED,2026-10-01,RP-2026-397942,,50,New this week,Harris County Clerk,https://www.cclerk.hctx.netEComm/ViewEdocs.aspx?ID=ihpahpMbvcoWkF5RdbzIVd+ZaoN1yawAwRrzvaGIGyLcEUpQXOqfk0mGtqcqq4c0elbeN1YGwOxOFUnk6rnXBdJwoKNz/ZE9+mQ2JxXWLVv+J7qh4sK5QLri9iHwG/TP3LinWbh14yq9E26G2hWKLw==
KIEFFABER,JOHN WILLIAM,6235 LAWFORD LN,HOUSTON,TX,77040-5003,6235 LAWFORD LN,HOUSTON,TX,77040,Deed (Sheriff/Trustee/Tax),DEED,2026-10-01,RP-2026-397911,,50,New this week,Harris County Clerk,https://www.cclerk.hctx.netEComm/ViewEdocs.aspx?ID=ihpahpMbvcoWkF5RdbzIVbb+LqvokzI/Awzp73fGQd6RdXsQEVNsmgDWU2EsOgEmReKcfqsgtKmvMjWWIQ6YgBmNdzwtCvvm+ctFNip+JciqpJvehtVq2NZl4rHic8APsbUF7Ee2ieQMXD6pz9SodA==
VAZQUEZ,DONNA KATHERINE,12802 BLUE CROMIS LN,HOUSTON,TX,77045-1706,12802 BLUE CROMIS LN,HOUSTON,TX,77045,Deed (Sheriff/Trustee/Tax),DEED,2026-10-01,RP-2026-397870,,50,New this week,Harris County Clerk,https://www.cclerk.hctx.netEComm/ViewEdocs.aspx?ID=ihpahpMbvcoWkF5RdbzIVdAXdeAUxY76oOTIQ2KAJDa6uTuaRuPjWQotZ9DvWgq6A31O1BwQODN+CSAU/MlItzrzNjClhxTyCujDZzpBu2N4sr2IHS3caEkXg6Nk9uuiaB2hgFfjXzC/I4ds/zWEoQ==
GARFINKEL,JOYCE L,2600 BELLEFONTAINE ST APT B9,HOUSTON,TX,77025-1692,2600 BELLEFONTAINE ST,HOUSTON,TX,77025,Deed (Sheriff/Trustee/Tax),DEED,2026-10-01,RP-2026-397834,,50,New this week,Harris County Clerk,https://www.cclerk.hctx.netEComm/ViewEdocs.aspx?ID=ihpahpMbvcoWkF5RdbzIVZseFyjE2j3hktcQVl/l5MQBEMl8IqkU/7A0PdAktOBPE1KOEr9r6a18SSdTPLm3Pzu9xhM6EGqN7Ipe5tZq/zrtQ8tniqd8lkl3Buxhq0mFgbUdiRMYH3pnmcHjAUex1g==
MCKINNEY,TERRE L,1307 ROYAL SANDS LN,KINGWOOD,TX,77345-3330,1307 ROYAL SANDS LN,KINGWOOD,TX,77345,Deed (Sheriff/Trustee/Tax),DEED,2026-09-30,RP-2026-397688,,50,New this week,Harris County Clerk,https://www.cclerk.hctx.netEComm/ViewEdocs.aspx?ID=ihpahpMbvcoWkF5RdbzIVecTU4Xv48xYUsOMvSi/+6Sr5K353f2AdNJf25G7obb9jqvSQulkRoiBHI/MowBh2vEApys1I6aUunlTsjBHSQm1uBsAy8/f1lrh6QdGCUodrfO+k16/6G/8h9/08B9WAQ==
TAPIA,EDUARDO,9215 ROUGE CIR,HOUSTON,TX,77063-4057,9215 ROUGE CIR,HOUSTON,TX,77063,Deed (Sheriff/Trustee/Tax),DEED,2026-09-30,RP-2026-397679,,50,New this week,Harris County Clerk,https://www.cclerk.hctx.netEComm/ViewEdocs.aspx?ID=ihpahpMbvcoWkF5RdbzIVTcGz8lDOWxFv17/mjXzGYcf9F4+8PUKUo0g4yZAAfBN31gU2tX8eBmLeceS9eCu3eH4wYnHM9+zcZn4MEA//GYsoNm6csnSScQ151xwjeO1WAjkR5WG9iGjC1Cm388aYg==
ANDERSON,NIKITA,PO BOX 24606,OAKLAND,CA,94623-1606,2118 DAN ST,HOUSTON,TX,77020,Deed (Sheriff/Trustee/Tax),DEED,2026-09-30,RP-2026-397628,,50,New this week,Harris County Clerk,https://www.cclerk.hctx.netEComm/ViewEdocs.aspx?ID=ihpahpMbvcoWkF5RdbzIVTKleZF178cR8nLkaWm73Eq0UnXX23ERnyYS2WvyBq0vSijbB7H5xpAs9V/50BFZgPlaKLBflvp541SKzLZ84czEKBVDoRq2ktHGeoBAU41Runnsx9fiu50m1swdISBKbQ==
THOMPSON,ROBERT L JR,23127 WILLOW CANYON DR,KATY,TX,77494-3528,23127 WILLOW CANYON DR,KATY,TX,77494,Deed (Sheriff/Trustee/Tax),DEED,2026-09-30,RP-2026-397480,,50,New this week,Harris County Clerk,https://www.cclerk.hctx.netEComm/ViewEdocs.aspx?ID=ihpahpMbvcoWkF5RdbzIVYPVcCjIFyyDj9VAdYOfYFWZQi5UjxfzfQ7n1MuNoZ170ZNTrL7e2abHPwtU34wLYxU4f/XyXKJwk/Dk7X59zI68J82Rv8gqkgn6Y6uAE/BWgoTmPsGbhiWBlgpPMDByHA==
GREER,JEFFREY,4422 SAFFRON LN,FRIENDSWOOD,TX,77546-4241,4422 SAFFRON LN,FRIENDSWOOD,TX,77546,Deed (Sheriff/Trustee/Tax),DEED,2026-09-30,RP-2026-397471,,50,New this week,Harris County Clerk,https://www.cclerk.hctx.netEComm/ViewEdocs.aspx?ID=ihpahpMbvcoWkF5RdbzIVXMi8usPgOEeZB50wPWoi1Yw79XaCO5w+GWYGa6UZtsdbCu+x/uqX/pLRhuHk5Pz/27e6S0rr3zzEcoWy400j3W01vHPd25rmpHXnhcjHRZkD+yiffdBN6JSmRbK/rOFTw==
CRAWFORD,SANDRA,8918 LORRAINE ST,HIGHLANDS,TX,77562-3220,8918 LORRAINE ST,HIGHLANDS,TX,77562,Deed (Sheriff/Trustee/Tax),DEED,2026-09-30,RP-2026-397465,,50,New this week,Harris County Clerk,https://www.cclerk.hctx.netEComm/ViewEdocs.aspx?ID=ihpahpMbvcoWkF5RdbzIVavmRAEiraFov9eZB9Chc22GF39Ky4anln3IfyvY7tutkpmepFZEfv/AfdFrJQZoX6CUyAQhLLTkxMca4U30aP/OYvKHXPrEQ33yrnCFrAa6Lx6cRdQnIrs5Oj4UiyHrWA==
MASHBURN,CAROLYN COX,1534 KENNEBECK PLACE,HOUSTON,TX,77077-1581,1534 KENNEBECK PL,HOUSTON,TX,77077,Deed (Sheriff/Trustee/Tax),DEED,2026-09-30,RP-2026-397456,,50,New this week,Harris County Clerk,https://www.cclerk.hctx.netEComm/ViewEdocs.aspx?ID=ihpahpMbvcoWkF5RdbzIVZ7N7SnFTWcqSG2mWFlJqNpz1kJkYMdAMdmnDNm6z1L/NR/XSxaL4ijv+slUXP8rTw6br9Cp9PsVXGG+E4DZg9xOEY1lrOV+DWTv8+nkL4JqhptCcAjX11HxT+qhKiO6aA==
WILSON,CYNTHIA ANN,5723 SUTTON PINE,HOUSTON,TX,77059-1409,2827 RANDOLPH RD,PASADENA,TX,77503,Deed (Sheriff/Trustee/Tax),DEED,2026-09-30,RP-2026-397416,,50,New this week,Harris County Clerk,https://www.cclerk.hctx.netEComm/ViewEdocs.aspx?ID=ihpahpMbvcoWkF5RdbzIVZwTiZ0CEWKqnnxCl7LHnPSwFwaBAmxLvxTs6UNfsan/kH5EgYMjLW1wYnynklHl/ertSrr6SxgSu6tTzIL8A+t11/hyHEWkXq06RVDrcot3v0QZ7QBZ8lEk0CF9oIUtkA==
HIDALGO,WILLIAM AVALOS,7310 AVALON CT,PASADENA,TX,77505-4177,7310 AVALON CT,PASADENA,TX,77505,Deed (Sheriff/Trustee/Tax),DEED,2026-09-30,RP-2026-397347,,50,New this week,Harris County Clerk,https://www.cclerk.hctx.netEComm/ViewEdocs.aspx?ID=ihpahpMbvcoWkF5RdbzIVbbMg90g8ZKKPEbxucA3eqwZ79Or+gnJ2OIv/6BBaiXNPsoMLbE8cZBbvG3XP4QVV9GVRytf9HhrlacwOXr4MC7hATwyLdLPAuytvkdbh0A1RUAGma904HpcSkvUObyimg==
MACMURRAY,ROSEMARIE,11106 DRAKELAND DR,HUMBLE,TX,77396-2417,11106 DRAKELAND DR,HUMBLE,TX,77396,Deed (Sheriff/Trustee/Tax),DEED,2026-09-30,RP-2026-397319,,50,New this week,Harris County Clerk,https://www.cclerk.hctx.netEComm/ViewEdocs.aspx?ID=ihpahpMbvcoWkF5RdbzIVZsaQpOrnTSSR6Dor9/ung5BDGj/dm03/6vLrQJuTcVqG8fSDmkBMQXp/FFKQAUmVjlDa3dGey/glJatJHFyu/I8o1cM2aNzNQb25lfPh5ZsRmOW6trvf17aiqn1Um4SGQ==
TUCKER,DIANE MORANT,960 BENCHFIELD DR,HOUSTON,TX,77091-4103,960 BENCHFIELD DR,HOUSTON,TX,77091,Deed (Sheriff/Trustee/Tax),DEED,2026-09-30,RP-2026-397284,,50,New this week,Harris County Clerk,https://www.cclerk.hctx.netEComm/ViewEdocs.aspx?ID=ihpahpMbvcoWkF5RdbzIVTnfDqfs8ZMrzItRmD4qPjk6feZwdrkUIEcaCCVgiSkm8oGfUvgALgyZ1MMy89tEYovOGQnl1sZHAbWAR3QQEoPaz7e6HK0j+ptu4zShUis7aGw2BMhrWKn3tnKJscYy+Q==
TUCKER,DIANE MORANT,960 BENCHFIELD DR,HOUSTON,TX,77091-4103,960 BENCHFIELD DR,HOUSTON,TX,77091,Deed (Sheriff/Trustee/Tax),DEED,2026-09-30,RP-2026-397283,,50,New this week,Harris County Clerk,https://www.cclerk.hctx.netEComm/ViewEdocs.aspx?ID=ihpahpMbvcoWkF5RdbzIVR3DOyJXDariYKDg/RPR1uCcv8N8I2iQd5Ov90b07gpgjW02SXBRyy6y5Stsigr1Sj9rcwWIUuGNtpNa2ugDFQcr6oUIbSQylIC9AvgBj4fGjU+E6SD9sicjs8/AC67Dtg==
PLATOW,TAYLOR,1522 ASHLEY CT,TOMBALL,TX,77375-6691,1522 ASHLEY CT,TOMBALL,TX,77375,Deed (Sheriff/Trustee/Tax),DEED,2026-09-30,RP-2026-397258,,50,New this week,Harris County Clerk,https://www.cclerk.hctx.netEComm/ViewEdocs.aspx?ID=ihpahpMbvcoWkF5RdbzIVVvsdpSYx3hKdpKfmZB8sWJclYGo5NqwlN/iTyiGV0hk/h39O1U5tYqH4sn/i6tobaBQP8c6ClxNrRSnL7JZ/glbbrV13isUYO2EE0eybVFWYE9FNaA4XlMo7ADFrrSFRg==
FERGUSON,ROBERT JOHN,5324 DARLING ST,HOUSTON,TX,77007-1916,5324 DARLING,HOUSTON,TX,77007,Deed (Sheriff/Trustee/Tax),DEED,2026-09-30,RP-2026-397250,,50,New this week,Harris County Clerk,https://www.cclerk.hctx.netEComm/ViewEdocs.aspx?ID=ihpahpMbvcoWkF5RdbzIVcgsej+Xv3aBAWnQRY+hlFU/N7Ijs91izNmpHUWZhgGknd38CS8RfFAYUTmnHJK7Omw+FOLi5SOoN3bHZdtLxTYSntT+I/ge15kcZvQzCdNJ5DJPlD0snR6DdnzuYYPUeA==
FISHER-JAGNEAUX,DALLAS,504 WOODLAND ST,HOUSTON,TX,77009-7249,504 WOODLAND ST,HOUSTON,TX,77009,Deed (Sheriff/Trustee/Tax),DEED,2026-09-30,RP-2026-397218,,50,New this week,Harris County Clerk,https://www.cclerk.hctx.netEComm/ViewEdocs.aspx?ID=ihpahpMbvcoWkF5RdbzIVbWnNWGtM2E1MiqVzxO+A27Wl9tizkPVRBkYMOICkkG4sSqeAzesXqIfkinH4UHcLXSeEEcfDX6P0XsE2MQgAZ8OHHZ6nDjF87mn6ZKFPZ5BRWw+bLwTuams6zv1Ptd9eg==
WEIR,TYLER,20103 CHASESTONE CT,KATY,TX,77450-4350,20103 CHASESTONE CT,KATY,TX,77450,Deed (Sheriff/Trustee/Tax),DEED,2026-09-30,RP-2026-397160,,50,New this week,Harris County Clerk,https://www.cclerk.hctx.netEComm/ViewEdocs.aspx?ID=ihpahpMbvcoWkF5RdbzIVfJokbF76v16P4frIV783XFItM38wTrFiOufb/p7luRY9TDA2ktkVjXikPB07bbZGEBTuk8eHTys7NRh30tBHgoTCxEuZ2ev7pOLRVilV4nZsXMDtlVMtz4QTQ3U1wm9VQ==
GLENN,MITCHELL GREGORY,2200 WILLOWICK RD UNIT 2D,HOUSTON,TX,77027-4061,2200 WILLOWICK RD 2D,HOUSTON,TX,77027,Deed (Sheriff/Trustee/Tax),DEED,2026-09-30,RP-2026-397120,,50,New this week,Harris County Clerk,https://www.cclerk.hctx.netEComm/ViewEdocs.aspx?ID=ihpahpMbvcoWkF5RdbzIVYkhvRDOn5BLGswqQICA2ese7n3yyLJRzv9CO6mRVU3YTUwRNnJFhaC4q+mjZuRvI8dFYhggD65dFH97++RHTa9gtxu0rKbvTv+wpQ1elHgS/yNBeXU4zBMdP/RnMmzzow==
MORALES,ALADINO Z,6305 WESTWARD ST UNIT 129,HOUSTON,TX,77081-3203,6305 WESTWARD ST,HOUSTON,TX,77081,Deed (Sheriff/Trustee/Tax),DEED,2026-09-30,RP-2026-397119,,50,New this week,Harris County Clerk,https://www.cclerk.hctx.netEComm/ViewEdocs.aspx?ID=ihpahpMbvcoWkF5RdbzIVQKu43HmrRO05t6y3220pVM5pqWAmMQ9IaXljKvSGpaaapq+oNh59MBNuu8K/0/c1/+TrGIHJM6fDUW8SHmx70UzJV6UPfJEvmDxk8xbTPa4ADmuVhm7Ndlwk0uaPKNhRA==
TURZAK,MARGO C,3131 ASHFORD ARBOR DR,HOUSTON,TX,77082-2101,788 THICKET LN,HOUSTON,TX,77079,Deed (Sheriff/Trustee/Tax),DEED,2026-09-30,RP-2026-397094,,50,New this week,Harris County Clerk,https://www.cclerk.hctx.netEComm/ViewEdocs.aspx?ID=ihpahpMbvcoWkF5RdbzIVel1Whd87k7LyMjhyj+dxALkG/5OS7kBUIOVzPCBg004DVfn5+y2ElRlOYnTDECz/QjOZwgLpnSQakR5+1ye0ZOZHJ1lNHHfY4+FBuKJYvCBBfllFdygb4zyVE3r4uRJpw==
HICKS,PHYLLIS L,2701 MARTIN ST,PASADENA,TX,77502-5724,2701 MARTIN ST,PASADENA,TX,77502,Deed (Sheriff/Trustee/Tax),DEED,2026-09-30,RP-2026-397089,,50,New this week,Harris County Clerk,https://www.cclerk.hctx.netEComm/ViewEdocs.aspx?ID=ihpahpMbvcoWkF5RdbzIVevyjoifWHjqPZJYz4nuv9Ar77evuRifmP9MDg805mSR0aDXCtvaBP/UayYzqJSNs5R49+owiKCOUwWthsXo2v7M59jDXFG6DYPX4lMED4+uz4n9VyUwKQKu3v/zKxG6tg==
LEWIN,MADELEINE,25114 BURGH CASTLE DR,SPRING,TX,77389-5408,25114 BURGH CASTLE DR,SPRING,TX,77389,Deed (Sheriff/Trustee/Tax),DEED,2026-09-30,RP-2026-396988,,50,New this week,Harris County Clerk,https://www.cclerk.hctx.netEComm/ViewEdocs.aspx?ID=ihpahpMbvcoWkF5RdbzIVa8yoQkWcCV/2JG18TlFdNVFGI+W4lgN8zCsdXcoAFBd8CIgJC13uKyNcUHItRFnIh60pWizUaZAjt8w4aco7SfUD1DdhGlu1wgaaYn9GkMnZq4BBglmDMZZ50W/egNFiA==
STALCUP,JOSEPH C,2006 LONGHORN DR,HOUSTON,TX,77080-6310,5122 DICKENS RD,HOUSTON,TX,77021,Deed (Sheriff/Trustee/Tax),DEED,2026-09-30,RP-2026-396978,,50,New this week,Harris County Clerk,https://www.cclerk.hctx.netEComm/ViewEdocs.aspx?ID=ihpahpMbvcoWkF5RdbzIVcWvtAxN6I0My8hOJrygUBLN/EXjrNMcQ1IC1FsU7tKz2JeVudjtOThUXL8+VwNoXhsPoHH79BKlEY/WCBhQnhZpjZkFS9x54PdYIlcfjRC1QjpjnSRGLmrbg5hbUHcFjg==
GONZALEZ,CLAUDIA,7930 GRAFTON ST,HOUSTON,TX,77017-1527,7930 GRAFTON ST,HOUSTON,TX,77017,Deed (Sheriff/Trustee/Tax),DEED,2026-09-30,RP-2026-396972,,50,New this week,Harris County Clerk,https://www.cclerk.hctx.netEComm/ViewEdocs.aspx?ID=ihpahpMbvcoWkF5RdbzIVS/MFDW8+IzyAutaR2DoTBOTbYDsxxOmX6asEwLHa8f/4m1q/riYPC1q61hRf413LEcnp9Un1YLb0N7LAygsQbIJr5G6KA1wamEYzp5abYhgo7TerA7PohAiXOdsDFC1Ig==
GANTT,ROBERT WAYNE,406 W HOUSTON ST,HIGHLANDS,TX,77562-2538,406 W HOUSTON ST,HIGHLANDS,TX,77562,Deed (Sheriff/Trustee/Tax),DEED,2026-09-30,RP-2026-396971,,50,New this week,Harris County Clerk,https://www.cclerk.hctx.netEComm/ViewEdocs.aspx?ID=ihpahpMbvcoWkF5RdbzIVWNaHvhoVXBkda0JbZYTgl2B5dYeRlXRntM9rv3+6S9+mZRKN2qANGcDCXxiebNSqh+9xTGCVruqC6ltLeYL6PLcOIXzKud2V5s545S/AlwxkB5Wf9yy51t7/YPywTFDow==
GARZA,JOSE NEFTALI,227 SIDNEY ST,HOUSTON,TX,77003-2731,3920 CANAL ST,HOUSTON,TX,77003,Deed (Sheriff/Trustee/Tax),DEED,2026-09-30,RP-2026-396968,,50,New this week,Harris County Clerk,https://www.cclerk.hctx.netEComm/ViewEdocs.aspx?ID=ihpahpMbvcoWkF5RdbzIVWKUdnz69zwORP+VsS3q70khf1PI6uoNnbW/j2OQYu/VY+HM/oIdCEap0FBNI6kn45JDpBARJlosE+5olBd9mJLUGhviLh0wY4+Rivmzf5QFJTD3zyrsUAzxBCsUuGR1sA==
UNITED,STATES OF AMERICA,1700 N CONGRESS # 720,AUSTIN,TX,78701-1436,1511 PRESTON ST 400,HOUSTON,TX,77002,Deed (Sheriff/Trustee/Tax),DEED,2026-09-30,RP-2026-396945,,50,New this week,Harris County Clerk,https://www.cclerk.hctx.netEComm/ViewEdocs.aspx?ID=ihpahpMbvcoWkF5RdbzIVcP6Ci3fttGEPA7G+r/DqIUpHG/qkN7D7iY7YD7aSj7TyG3jupusdZA/a6eAyenOdoBiHRaNQXYBXBRmB5xY1BBxSIjwylY9REGMOc9TPjXUHyYgrK/i3Z6//lfryb7Y8w==
TERRY,LYNN F,14502 CART GATE CT,HOUSTON,TX,77095-3589,14502 CART GATE CT,HOUSTON,TX,77095,Deed (Sheriff/Trustee/Tax),DEED,2026-09-30,RP-2026-396900,,50,New this week,Harris County Clerk,https://www.cclerk.hctx.netEComm/ViewEdocs.aspx?ID=ihpahpMbvcoWkF5RdbzIVRUUJbAKQ6e/G+ylvexQ3pVaqf0z0ojoYW6kG+zptZkfkx608/Y2+S81nPqIcdOG5Eq6ZCQ5uo9UClplxrv/lA0qWRKGtUOHPQIs/XqgfhVBKdJSNNW0KwUKOqDBwSyEug==
LIRA,ISABEL,10733 PILLOT ST,HOUSTON,TX,77029-2667,10733 PILLOT ST,HOUSTON,TX,77029,Deed (Sheriff/Trustee/Tax),DEED,2026-09-30,RP-2026-396873,,50,New this week,Harris County Clerk,https://www.cclerk.hctx.netEComm/ViewEdocs.aspx?ID=ihpahpMbvcoWkF5RdbzIVUyWN8Ao+L+SY4wWyKpmdB0ZDWZoAHT7ZtJ5fx097/gZW9yzDI7Hqs0um24zp+pIRGYremthbC4eaUngZ5ZSRc2DcZ059bTmX8F806c1FAGUStZgAvS6Q/WgcQyZlTzNBw==
LOTT,DOROTHY,9006 LANEWOOD DR,HOUSTON,TX,77016-5516,9006 LANEWOOD DR,HOUSTON,TX,77016,Deed (Sheriff/Trustee/Tax),DEED,2026-09-30,RP-2026-396837,,50,New this week,Harris County Clerk,https://www.cclerk.hctx.netEComm/ViewEdocs.aspx?ID=ihpahpMbvcoWkF5RdbzIVaJEfMPtnkn4AgirAitAotFyebA7Ynj8hr2JHCuEdQqwaixmcrj66K0MrJ0/0jYH3nEaSeClnAuUQNq1hPRPxpYwv4TUugOE3z5YTLZqT742jFnMmPT9SYSWaZtDWChUCA==
DAVIS,JANIS D,3819 HILL SPRINGS DR,KINGWOOD,TX,77345-1110,3819 HILL SPRINGS DR,KINGWOOD,TX,77345,Deed (Sheriff/Trustee/Tax),DEED,2026-09-30,RP-2026-396781,,50,New this week,Harris County Clerk,https://www.cclerk.hctx.netEComm/ViewEdocs.aspx?ID=ihpahpMbvcoWkF5RdbzIVd16zkqI0U5xM9eSKNEfNQuafv/GNevLZRY8dLsf/lM9F3pREBMQ3v2DW8xThQeotspWtoX2NEuyYuoZxjbTtQ669KmKw7nKoySrTBpb/0O5yrD91VsbXfXBcnr7GD2j+A==
SHEPHERD,MARILYN,22111 ROCKY RESERVE DR,HOCKLEY,TX,77447-2234,22111 ROCKY RESERVE DR,HOCKLEY,TX,77447,Deed (Sheriff/Trustee/Tax),DEED,2026-09-30,RP-2026-396778,,50,New this week,Harris County Clerk,https://www.cclerk.hctx.netEComm/ViewEdocs.aspx?ID=ihpahpMbvcoWkF5RdbzIVXnLElYPosrwq5zeEequDuUyzGiZr22SDB8HbCuMs74eYhy7oULA5seiL3MoF/gP15GiJLM5ZNRB5pDKBCs30FTqZMWtFQ4ZDQZUNK8mCGRuFCxX3n+EV78e/+MkKIkJDQ==
HILL,VERA LEAN,ADDRESS UNKNOWN,UNKNOWN,,00000,0 GRAY ST,HOUSTON,TX,77004,Deed (Sheriff/Trustee/Tax),DEED,2026-09-30,RP-2026-396745,,50,New this week,Harris County Clerk,https://www.cclerk.hctx.netEComm/ViewEdocs.aspx?ID=ihpahpMbvcoWkF5RdbzIVZuMb1jX+s1WtDRvJzucZ008rXLIXMUWPCiKCBNlg3QY5EscDwynSeiLzuEK4EwgSsN7PK5jyUwUijHm2kUATKHl8pQq14UMSUmiy92Nxq1Wfkng6Ux2l8SbwZsz+rVmCw==
WORK,GAIL WOODS,3514 LOST LAKE DR,KINGWOOD,TX,77339-2624,3514 LOST LAKE DR,HUMBLE,TX,77339,Deed (Sheriff/Trustee/Tax),DEED,2026-09-30,RP-2026-396724,,50,New this week,Harris County Clerk,https://www.cclerk.hctx.netEComm/ViewEdocs.aspx?ID=ihpahpMbvcoWkF5RdbzIVTcNq8gkYxyKLnFNBgFufca8Ne40DwTPQTFFBnLrxc/fgkjQAcnejpYw8xPfaHB/1vCC+oePEiqD8ZY+uoHhYtM9GBkygDmsZq3WwJB8QtHj0feExFqLtSnOoTSpgtHRSQ==
ORTIZ,LAZARO DOMINGUEZ,1602 W DONOVAN ST,HOUSTON,TX,77091-5420,1602 W DONOVAN ST,HOUSTON,TX,77091,Deed (Sheriff/Trustee/Tax),DEED,2026-09-30,RP-2026-396680,,50,New this week,Harris County Clerk,https://www.cclerk.hctx.netEComm/ViewEdocs.aspx?ID=ihpahpMbvcoWkF5RdbzIVVZ4f9BUKTgrm1wI+EKoiYJxTi8E7Wjh4kcBatszv980gswMBRdxle3R8YQLuzBZd8yKuwqwNAYpl1k7AteP3n5xoX49Rj/i2xa9SiQo5TC25v/ciCPWU8DQJdtnLuxbpw==
NGUYEN,HUU THI,3407 CREEK GROVE DR,HOUSTON,TX,77066-5505,3407 CREEK GROVE DR,HOUSTON,TX,77066,Deed (Sheriff/Trustee/Tax),DEED,2026-09-30,RP-2026-396595,,50,New this week,Harris County Clerk,https://www.cclerk.hctx.netEComm/ViewEdocs.aspx?ID=ihpahpMbvcoWkF5RdbzIVZbuhObVFIi1br19a1XycMAuRagrWzRjB5n5dsS9FxbApe1NhY7uQEvjSYmkZxhmTBgeUsjRoqrRG2Y/7b99j/lT+6YYz5A0Q6uJVDiBOwy2VtzPLL84aN6Ic9LBhM1KwQ==
GOLDSTEIN,LESLIE S,16 SUGARBERRY CIR,HOUSTON,TX,77024-7251,16 SUGARBERRY CIR,HOUSTON,TX,77024,Deed (Sheriff/Trustee/Tax),DEED,2026-09-30,RP-2026-396588,,50,New this week,Harris County Clerk,https://www.cclerk.hctx.netEComm/ViewEdocs.aspx?ID=ihpahpMbvcoWkF5RdbzIVQMgX+L+V9I0SidG6AX9XZTyPx+vy7awwU9koim/soKlMjnRIYlawlqhp2eJb7oJAtRLoB8uldT2D5vSUslu15sQe4qXE4muy6/gjkxUqhDszHZXcmF2Wf4VuVhVuirCKg==
IISAGER,JOHN JR,12676 BRIAR PATCH RD,HOUSTON,TX,77077-2345,12676 BRIAR PATCH RD,HOUSTON,TX,77077,Deed (Sheriff/Trustee/Tax),DEED,2026-09-30,RP-2026-396514,,50,New this week,Harris County Clerk,https://www.cclerk.hctx.netEComm/ViewEdocs.aspx?ID=ihpahpMbvcoWkF5RdbzIVYS9ULrZ0m07/TF4IDX4/uD1iauoknHpW8zzi1yuZBmO5MxgT5Ek3X7V0beXtAEDVFoVhsURfuXW4R+6oGIP2EvqbLYh/fMZ3D5JU2Oi+ICdLvfbRJFwLOavRk+3c3YRUw==
SAUCEDA,CELESTINO,7703 BATTLEWOOD DR,HOUSTON,TX,77040-3831,7703 BATTLEWOOD DR,HOUSTON,TX,77040,Deed (Sheriff/Trustee/Tax),DEED,2026-09-30,RP-2026-396486,,50,New this week,Harris County Clerk,https://www.cclerk.hctx.netEComm/ViewEdocs.aspx?ID=ihpahpMbvcoWkF5RdbzIVWrORZMNdGqu1pkxtr6W06/AIKAjIgivD3r2zAcbdYRJoA2kf6GcROgz0Dx3RNbIQKFA71ns2hYKoq9NyXY0lpnZMxxS4YCtB5/Fnw3cv5oAP79a5MFd1wTP21Bl2eHbPg==
SAUCEDA,CELESTINO,7703 BATTLEWOOD DR,HOUSTON,TX,77040-3831,7703 BATTLEWOOD DR,HOUSTON,TX,77040,Deed (Sheriff/Trustee/Tax),DEED,2026-09-30,RP-2026-396485,,50,New this week,Harris County Clerk,https://www.cclerk.hctx.netEComm/ViewEdocs.aspx?ID=ihpahpMbvcoWkF5RdbzIVSgGJk3qwDmJPPJf5UwrrnbPPyg5s5nJQHX2NmqUhmQygKYLDj1G3/Ecg7YMHRMZFMDr/XkmvhKGU5QHjvMYw7KlC3dxmL+a9f5rljDBxvdtZJI/qNbU1BXf1lM4/GmvlA==
JONES,MARCUS DEWAYNE,3230 W LITTLE YORK RD UNIT 2103,HOUSTON,TX,77091-1558,0 CARVER RD,HOUSTON,TX,77088,Deed (Sheriff/Trustee/Tax),DEED,2026-09-30,RP-2026-396434,,50,New this week,Harris County Clerk,https://www.cclerk.hctx.netEComm/ViewEdocs.aspx?ID=ihpahpMbvcoWkF5RdbzIVY1aAfWQUrGN/lXnNppmUoLqHo5XqxTEOkb/fw1KVcFyD3W+canrSCDnkjsN+zpPzGP4q7/vPmuDSAjBlKPOJn6tPUpcC4pk0qym5CYAf85BctZRiZSR7Yrfkp5B9eYQUQ==
LOESCHNER,DAVID,11127 HANNING LN,HOUSTON,TX,77041-5007,11127 HANNING LN,HOUSTON,TX,77041,Deed (Sheriff/Trustee/Tax),DEED,2026-09-30,RP-2026-396417,,50,New this week,Harris County Clerk,https://www.cclerk.hctx.netEComm/ViewEdocs.aspx?ID=ihpahpMbvcoWkF5RdbzIVXJn2sB8+6GudZECJ483L/IlwAfEI7XiY9uc9oUl2xZZQGdRnfMaPtmrxr+9sF2bI8DRbNuswowGYdsxNQDlAq5zdJd7/xzbzdzsrPJvaMHvhDovuv/8q1LEbEiJfraqMQ==
PHAM,NHUNG MY,12910 BRIGID PLACE DR,CYPRESS,TX,77429-4735,0 IMHOF RD,HOCKLEY,TX,77484,Deed (Sheriff/Trustee/Tax),DEED,2026-09-30,RP-2026-396404,,50,New this week,Harris County Clerk,https://www.cclerk.hctx.netEComm/ViewEdocs.aspx?ID=ihpahpMbvcoWkF5RdbzIVXfDM+wukKaSf9C6YrYHBKFAyynLVJ6zSPOabxeZya5hnBBoZJdbWXelrcEQQvQlbzvT/uAabe+b0zRvcSuiNqphQNxM+Pm/dgF4cm6MU+6KTCTZF39FnSODwyYIH0O6aw==
ANDERSON,LONNIE CHARLES JR,14710 KINGS HEAD DR,HOUSTON,TX,77044-4913,6930 KITTRIDGE ST,HOUSTON,TX,77028,Deed (Sheriff/Trustee/Tax),DEED,2026-09-30,RP-2026-396323,,50,New this week,Harris County Clerk,https://www.cclerk.hctx.netEComm/ViewEdocs.aspx?ID=ihpahpMbvcoWkF5RdbzIVYjTuqw955nZ+Q4UmzmXegfXFTXeE3nKZ5Wore+coIPtcBfqzcmWz4L1szmioNZQ1U2NEkFVPSA/NsL8tdoYU0hntoWVlfvdoW6QYnNR4P6bpO9D7hApvtZ/JITFlu4bMA==
ANDERSON,TERESA K,3950 PANAMA ST,PASADENA,TX,77504-2511,3950 PANAMA ST,PASADENA,TX,77504,Deed (Sheriff/Trustee/Tax),DEED,2026-09-30,RP-2026-396322,,50,New this week,Harris County Clerk,https://www.cclerk.hctx.netEComm/ViewEdocs.aspx?ID=ihpahpMbvcoWkF5RdbzIVYc7BKcjL/KemQuPV0cwSwfjG+V+Hu+N5ahYuVDeTg02OB2SxEchWgNg1kBE4O7D0G2o7lCX70FUeBCF/949vb+2q5vq+UfBf0qNd/k1dSs6Aqv9+ybJHprRK9Kh0Y3yGg==
VO,THI THANH THUY,13006 MEMORIAL DR,HOUSTON,TX,77079-7324,13006 MEMORIAL DR,HOUSTON,TX,77079,Deed (Sheriff/Trustee/Tax),DEED,2026-09-30,RP-2026-396302,,50,New this week,Harris County Clerk,https://www.cclerk.hctx.netEComm/ViewEdocs.aspx?ID=ihpahpMbvcoWkF5RdbzIVUK3FrRAZyv7CkTqSL4wDRm77raUmPv25vHaXTNkKD7O1AUSmsOaTlzbt8g9WeoLGFTjquJqBgD3DjFyvzC+GOgkAKaHICBavUIKbMyltpD39SH6gefd/2PXLefLxKQIXg==
THANDI,INDERJIT SINGH,5515 BOYCE SPRINGS DR,HOUSTON,TX,77066-2401,5515 BOYCE SPRINGS DR,HOUSTON,TX,77066,Deed (Sheriff/Trustee/Tax),DEED,2026-09-30,RP-2026-396298,,50,New this week,Harris County Clerk,https://www.cclerk.hctx.netEComm/ViewEdocs.aspx?ID=ihpahpMbvcoWkF5RdbzIVTF98Cjvug8ITXWxcruvLwy/qD+MHj9Vpau+nMtgGmdghwalLJ4ymZL2MJXRLTDhvBgnEiHiHP530gn71tBv0Q1k2nVXYCDRiP146lNWWYqFNd0VvqP/3RVYRLJnrtbEYQ==
TO,THAO NGOC,16327 SILVER EMPEROR ST,HUMBLE,TX,77346-4965,16327 SILVER EMPEROR ST,HUMBLE,TX,77346,Deed (Sheriff/Trustee/Tax),DEED,2026-09-30,RP-2026-396249,,50,New this week,Harris County Clerk,https://www.cclerk.hctx.netEComm/ViewEdocs.aspx?ID=ihpahpMbvcoWkF5RdbzIVXmyPwLegAyaEhe1O5Ifn25l3jP4zdlA5MXufF3KuLxAtLnOs1neIvkr1yTG8864BGSSgDlFw+XzYMVhtiypg9Dm2h/PrqPjELk6jFpnkcdJ+wa0OkFuM5LPHElFbKFyXQ==
DUONG,THI AN TAM,10327 STAN BROOK DR,HOUSTON,TX,77089-2233,10327 STAN BROOK DR,HOUSTON,TX,77089,Deed (Sheriff/Trustee/Tax),DEED,2026-09-30,RP-2026-396248,,50,New this week,Harris County Clerk,https://www.cclerk.hctx.netEComm/ViewEdocs.aspx?ID=ihpahpMbvcoWkF5RdbzIVfXfhGGgWfLj784VgRl0m/ITwkjeTihQ4l8JbgkuFk8x1r2Q+jCLuBk7H5G/2DsTw6UzqGpTIbMB0e8pnvIV0kFzM9rC/3mLF+VFKNWXhC6c6m+bSNUQrAiGIsLngbU31A==
TRAN,HUONG THI XUAN,15730 TAMMANY LN,HOUSTON,TX,77082-2930,15730 TAMMANY LN,HOUSTON,TX,77082,Deed (Sheriff/Trustee/Tax),DEED,2026-09-30,RP-2026-396247,,50,New this week,Harris County Clerk,https://www.cclerk.hctx.netEComm/ViewEdocs.aspx?ID=ihpahpMbvcoWkF5RdbzIVd0YJUBX16MlZoA18yISdM7TdCDeLJvfZdmgSAPaZ7KKXA6Y2Yp2EGuciBbnf5AAbm7IK9gjP0x+MgIBMDy05zP9ye92h6A5BsqsSWmWXO2+4RICH+oE6bsIczLrDz05Lg==
TRAN,LE-HONG THI,9022 LILAC SPGS,HOUSTON,TX,77095-2884,8706 BRUMMEL DR,HOUSTON,TX,77099,Deed (Sheriff/Trustee/Tax),DEED,2026-09-30,RP-2026-396246,,50,New this week,Harris County Clerk,https://www.cclerk.hctx.netEComm/ViewEdocs.aspx?ID=ihpahpMbvcoWkF5RdbzIVfWSTxE9IZU0tm4eDGZOBtqS4brNSe5pVRRzdawMOJ/qtcr9D/ZhKFoc078OYu/8RfwXH54xUebkyq2shuDN8ifqlvap44NpiBtS80PEIVVN4O2pbVwJi6B8HOVrU0ZPgg==
TRAN,PHUONG DUNG THI,729 W 20TH ST,HOUSTON,TX,77008-3507,729 W 20TH ST,HOUSTON,TX,77008,Deed (Sheriff/Trustee/Tax),DEED,2026-09-30,RP-2026-396245,,50,New this week,Harris County Clerk,https://www.cclerk.hctx.netEComm/ViewEdocs.aspx?ID=ihpahpMbvcoWkF5RdbzIVaQIujroCul5f8uzamPs0tXi6NTz4fWn2fpvBS9tuxX0k6PwRuIYwhjmzO9w8D1LZ008HCeMtJv2CmWgff4Io5mW9De6cZmp/3F7F3Z8Fc7Z5DfBgEcaqRtbR5m8FYqQmw==
TRAN,PHUONG DUNG THI,729 W 20TH ST,HOUSTON,TX,77008-3507,729 W 20TH ST,HOUSTON,TX,77008,Deed (Sheriff/Trustee/Tax),DEED,2026-09-30,RP-2026-396244,,50,New this week,Harris County Clerk,https://www.cclerk.hctx.netEComm/ViewEdocs.aspx?ID=ihpahpMbvcoWkF5RdbzIVfFzdFOGBRwGTvkpQfybqhmKbgch+Bqu5/8tn0z0Q3bIhcW6XCElz8UQ2CXOlNUbHmSFDGgwIVms9j2TSj4M1194djZ4dYgRUxTIqjr/g93PeR8D7XNTX5kUYbmsqIIfxA==
NGUYEN,THI KIM LIEN,11816 BEACHBERRY DR,HOUSTON,TX,77034-1567,11816 BEACHBERRY DR,HOUSTON,TX,77034,Deed (Sheriff/Trustee/Tax),DEED,2026-09-30,RP-2026-396243,,50,New this week,Harris County Clerk,https://www.cclerk.hctx.netEComm/ViewEdocs.aspx?ID=ihpahpMbvcoWkF5RdbzIVaMSpaAUxyfqS+bv/H2PfBDuNf3OdFf3yF/uSl9IzHm3jdtAyULRDMcWRFd101W4vDScy8mbRQuhpaUvKWzPtC9lI+KIZx8x0rLAJeUANCnUnmE2FcgXOfdRJMu/lvrZuw==
NGUYEN,QUAN THE,4506 TALINA WAY,HOUSTON,TX,77041-8912,4506 TALINA WAY,HOUSTON,TX,77041,Deed (Sheriff/Trustee/Tax),DEED,2026-09-30,RP-2026-396242,,50,New this week,Harris County Clerk,https://www.cclerk.hctx.netEComm/ViewEdocs.aspx?ID=ihpahpMbvcoWkF5RdbzIVT/jM1WOYDoijczV4LcyjfJYZQbCzEfklkVfF+Yc4goEvV879SU8UcN7Eqnz1/XmvHxDycIPgSiOVvizfdX9khPbb5zsT9aa0BUYYsDRAMS4OR6z+t1VdYb+Y95JErmg+Q==
MA,LEI PENG,10215 GREENWILLOW ST,HOUSTON,TX,77035-3619,10215 GREENWILLOW DR,HOUSTON,TX,77035,Deed (Sheriff/Trustee/Tax),DEED,2026-09-30,RP-2026-396238,,50,New this week,Harris County Clerk,https://www.cclerk.hctx.netEComm/ViewEdocs.aspx?ID=ihpahpMbvcoWkF5RdbzIVWN1lE2ydC67gWsY6m1iVqnGLwV014qh12G6DQvvG2pX0JrrEcrvupvTvBOLtaCIBsZpfXvDCX9HjwejwVEzEclUad+dsQhnFJ4hmKbDsieYBxxciMx2HLmWU49MpMGoOQ==
ZHANG,XIAOYING,11407 PLUMBROOK DR,HOUSTON,TX,77099-3325,11407 PLUMBROOK DR,HOUSTON,TX,77099,Deed (Sheriff/Trustee/Tax),DEED,2026-09-30,RP-2026-396226,,50,New this week,Harris County Clerk,https://www.cclerk.hctx.netEComm/ViewEdocs.aspx?ID=ihpahpMbvcoWkF5RdbzIVcPlI8fWxS0PbpLhESe0xtJkNbZxEDQllwfuIQTsornycpoMB7sY4HKAZHUV3UHLh4Zt8oMy4cz6DM45sdCbGjHhMrfPgzi5LlXRng1fD7Jh68I6Nz0Znw4NRrd7NoAVJQ==
HUNGER,DREW F,26831 STOCKDICK SCHOOL RD,KATY,TX,77493-6407,26831 STOCKDICK SCHOOL RD,KATY,TX,77493,Deed (Sheriff/Trustee/Tax),DEED,2026-09-30,RP-2026-395816,,50,New this week,Harris County Clerk,https://www.cclerk.hctx.netEComm/ViewEdocs.aspx?ID=ihpahpMbvcoWkF5RdbzIVXHqMVGOLlh04sGebeyXGuD3UpvCqzu5UoHQxj8ca6DKTXoKp8rAMgbJ1tSIlIrIVJdNlvjM6x3zUAtXAMO7WcEokIlxQdLUDGY/nkMDAlkC3eL+W/vPm8AcQ/RlpsloWg==
WALKER,JOYCE ANN,4715 MIERIANNE ST,HOUSTON,TX,77093-1626,4715 MIERIANNE ST,HOUSTON,TX,77093,Deed (Sheriff/Trustee/Tax),DEED,2026-09-30,RP-2026-395812,,50,New this week,Harris County Clerk,https://www.cclerk.hctx.netEComm/ViewEdocs.aspx?ID=ihpahpMbvcoWkF5RdbzIVdxggwxm++OPkJyKBpJNcK8M/55oRdMIAZWcLFsuxMOL3eBpZY9XxAoLOoabe3/wCR8IW4zIizutHNJTegg67yeOxoCb53Pfxz4yTfzyZS1/H70O0VsqO4z2bp0KFhmJqQ==
LACK,JOSHUA H,1215 HOWARD LN,BELLAIRE,TX,77401-2705,1215 HOWARD LN,BELLAIRE,TX,77401,Deed (Sheriff/Trustee/Tax),DEED,2026-09-30,RP-2026-395810,,50,New this week,Harris County Clerk,https://www.cclerk.hctx.netEComm/ViewEdocs.aspx?ID=ihpahpMbvcoWkF5RdbzIVR54xUnCwasLZz/ZXy6uDi6/euza29De+K38jVWr12ta5isRx8x1yb2NxeVodBQF/god1hGQyUlo2oseUHvrJPeWYa+JqBsXIoJIvdLgZJG55U/qy3TTjhQM/Rl6uPH9UA==
PAPPAS,HARRIET,510 WELLESLEY DR,HOUSTON,TX,77024-5506,10665 FUQUA ST,HOUSTON,TX,77089,Deed (Sheriff/Trustee/Tax),DEED,2026-09-30,RP-2026-395779,,50,New this week,Harris County Clerk,https://www.cclerk.hctx.netEComm/ViewEdocs.aspx?ID=ihpahpMbvcoWkF5RdbzIVWjrWmoIcvFeJ8QJuUoUVGox7e61FXfghi9pbAzZz9yGQcwYsEPBO+WxUEvKZk9YeYIAb2u7T3no6iG7RWtMSI1QHTT639W2t4Fueanb1g47MSw9ivorFvxJJoK41CymVA==
LABAC,PAMELA W,5380 HAWTHORNE TRL,LITTLETON,CO,80125-9262,5615 VALKEITH DR,HOUSTON,TX,77096,Deed (Sheriff/Trustee/Tax),DEED,2026-09-30,RP-2026-395768,,50,New this week,Harris County Clerk,https://www.cclerk.hctx.netEComm/ViewEdocs.aspx?ID=ihpahpMbvcoWkF5RdbzIVREnCbiHorGz2dCDxKyCItw0V/S6i37Bshh7OwI1wtU2dCXqSBbK/XTJuKPGAZUdvsAKC/H7e3pp/yHSRObtqtNAWroBYc1uJw/TRVCZU8Smyyb0jOBHmbMQ/s9dUMkrcg==
LAINE,SANDRA G,8215 PINE THISTLE LN,SPRING,TX,77379-8770,8215 PINE THISTLE LN,SPRING,TX,77379,Deed (Sheriff/Trustee/Tax),DEED,2026-09-30,RP-2026-395761,,50,New this week,Harris County Clerk,https://www.cclerk.hctx.netEComm/ViewEdocs.aspx?ID=ihpahpMbvcoWkF5RdbzIVTfu0MCj4afheTFBC20dPABqL1y4CqtmWFsVbgkuvD01j5CNnviKH2DmFsdRXlpQOOePHO7P2ITO9WJOl3TV1PRbP4EviP3h7Xcy9m5Qc9tYXB+5AB6iXWGk84J9BaCGUg==
LAINE,SANDRA G,8215 PINE THISTLE LN,SPRING,TX,77379-8770,8215 PINE THISTLE LN,SPRING,TX,77379,Deed (Sheriff/Trustee/Tax),DEED,2026-09-30,RP-2026-395760,,50,New this week,Harris County Clerk,https://www.cclerk.hctx.netEComm/ViewEdocs.aspx?ID=ihpahpMbvcoWkF5RdbzIVZMVT+/lvPQpKFMmZI2+fFcqezt6x7T87oEkg2G1qDhWhUq+YrUoQ1IgYMojUwOUhoAnYF+2DCzAIVprtYGYKQMi5pEyh14Ngn+ETaX7Q8te+79pYhJfNehYLDU0LgE+Dg==
MILLER,CAROLYN ROBINSON,14311 ABORCREST ST,HOUSTON,TX,77062-2027,3530 CHIMIRA LN,HOUSTON,TX,77051,Deed (Sheriff/Trustee/Tax),DEED,2026-09-30,RP-2026-395754,,50,New this week,Harris County Clerk,https://www.cclerk.hctx.netEComm/ViewEdocs.aspx?ID=ihpahpMbvcoWkF5RdbzIVdrChwzG4NSzq5Prkn4q3OZfRApmhLXgcYzipG2joxHlc6LnpG/PRK/b2HosiDcZEPSEZk2QLsyqum12DNZEKxQeWE8Z92RaPso026cY238OnRB5qOy1mX+JRhu7MmD2zw==
LEE,MARK CHI-YUNG,5215 JACKSON ST,HOUSTON,TX,77004-5924,5215 JACKSON ST,HOUSTON,TX,77004,Deed (Sheriff/Trustee/Tax),DEED,2026-09-30,RP-2026-395720,,50,New this week,Harris County Clerk,https://www.cclerk.hctx.netEComm/ViewEdocs.aspx?ID=ihpahpMbvcoWkF5RdbzIVfzA+BacjQ3N77omsKh6Op5yczjWGJ0Mya+gNS3iN/GQrenp5T8M1b8J1gDWL+U38tSZX/Ta9+tRCh2v6adFoVSUw1fBQU92hn/yLxejR1Vw+vo1S4udlp+HB0ByMfJ67g==
HIGH,THELMA MARIE,12927 GLENWYCK ST,HOUSTON,TX,77045-3214,12927 GLENWYCK ST,HOUSTON,TX,77045,Deed (Sheriff/Trustee/Tax),DEED,2026-09-30,RP-2026-395650,,50,New this week,Harris County Clerk,https://www.cclerk.hctx.netEComm/ViewEdocs.aspx?ID=ihpahpMbvcoWkF5RdbzIVW03Rs0yScBmRzaXJdSa/7xd11JzINJ05bmx4tSpZB9HtNLQ/zqKQ/KX8k1PGUoNyCo9QLGon8Dr8QMix4sPp5EPzf8xR0dBvunMsAqXTWepep4lOB9SH5edwNETGcNicw==
SANDEL,JOAN MERLE,19811 LETCHFIELD HOLLOW DR,SPRING,TX,77379-5053,19811 LETCHFIELD HOLLOW DR,SPRING,TX,77379,Deed (Sheriff/Trustee/Tax),DEED,2026-09-30,RP-2026-395552,,50,New this week,Harris County Clerk,https://www.cclerk.hctx.netEComm/ViewEdocs.aspx?ID=ihpahpMbvcoWkF5RdbzIVaONGDhY27eqEhBOGn3JD8LVuH/aIyFYWpDcZMecgeszkXsXAWZMYyTe7s6IvqyBs3g3AMLVJBIf0FsQUaw+e1fxTRGC/te7D2gbPJJmrHV692yjTs2UNggUMUzR++LoJQ==
RODERMAN-COLE,TANYA,516 SUL ROSS ST,HOUSTON,TX,77006-5031,516 SUL ROSS ST,HOUSTON,TX,77006,Deed (Sheriff/Trustee/Tax),DEED,2026-09-30,RP-2026-395525,,50,New this week,Harris County Clerk,https://www.cclerk.hctx.netEComm/ViewEdocs.aspx?ID=ihpahpMbvcoWkF5RdbzIVRhSeY7Yg47sWS6tlsZ6jFR1BRQbubw2AKhxTgBFTbTrxUnDr6ccYT1xlZ1ZjgmXpa9AL01RAUmWWp5wUwXLy1qgpEOAtKCa/AmTg+3a2guo/owOSHsmy+PXJarCULP8rg==
BROUSSARD,MARK D,9830 HAVERDOWN DR,HOUSTON,TX,77065-4328,9830 HAVERDOWN DR,HOUSTON,TX,77065,Deed (Sheriff/Trustee/Tax),DEED,2026-09-30,RP-2026-395521,,50,New this week,Harris County Clerk,https://www.cclerk.hctx.netEComm/ViewEdocs.aspx?ID=ihpahpMbvcoWkF5RdbzIVZjDMKI5k1B1hSWE7CFRx//nuFWuV4kSL+5BM1EyCP9jjIBJY3l0ZWgo1xfdeq6n7WCzTtCKjjTH2NvSxxywBAmGIGvkkw50XpqDdEmezdpP6OfkR/kmh2uuCtx10Bv7MA==
COLAR-HOBBS,MAGGIE MAE,541 W 16TH ST,HOUSTON,TX,77008-3601,541 W 16TH ST,HOUSTON,TX,77008,Deed (Sheriff/Trustee/Tax),DEED,2026-09-29,RP-2026-395475,,50,New this week,Harris County Clerk,https://www.cclerk.hctx.netEComm/ViewEdocs.aspx?ID=ihpahpMbvcoWkF5RdbzIVSYbjCIQdhyilVfR9rzH2z25zYwKPUEJRGQGOj3SlngUnDCADD4BeI01NcyqyhKbWjIngITciRBYHKeJQ1scr7SAXVm3tJAeOBMqQP1ZN1HGfPP49KRWOt89kSJ5N4wBVQ==
CANADA,MARGARET,11831 MAIN OAK ST,HOUSTON,TX,77038-4508,11831 MAIN OAK ST,HOUSTON,TX,77038,Deed (Sheriff/Trustee/Tax),DEED,2026-09-29,RP-2026-395399,,50,New this week,Harris County Clerk,https://www.cclerk.hctx.netEComm/ViewEdocs.aspx?ID=ihpahpMbvcoWkF5RdbzIVQdXgLKk3Nk5MPldx1cKGNAgUGDR8ylqQ1j1boj586gNh85W/zdK+nmcWzQu1D52Yplu++tbfUh92g0V/CYg3Xqy26Fdf/rYISTdvAzZi0mFaB2+MBk+jCzT+t5v1lkuYw==
NUNN,BRENDA K,218 LAUREL GATE TERRACE,HOUSTON,TX,77094-1266,218 LAUREL GATE TER,HOUSTON,TX,77094,Deed (Sheriff/Trustee/Tax),DEED,2026-09-29,RP-2026-395334,,50,New this week,Harris County Clerk,https://www.cclerk.hctx.netEComm/ViewEdocs.aspx?ID=ihpahpMbvcoWkF5RdbzIVaiTm15x59QBT1KghMBhRBPSKI0KgHegmu+iMmcxy0QWyT3R8c6KUW+U42cb0kkzwHVMjyZlRRSDTo73ZLsUeynXgFtb5uDS9+72giZqyc08LWMtyLszblIrphSjLBBXKQ==
LEIJA,SANDRA ALICIA,14867 SHOTTERY DR,HOUSTON,TX,77015-1818,14867 SHOTTERY DR,HOUSTON,TX,77015,Deed (Sheriff/Trustee/Tax),DEED,2026-09-29,RP-2026-395329,,50,New this week,Harris County Clerk,https://www.cclerk.hctx.netEComm/ViewEdocs.aspx?ID=ihpahpMbvcoWkF5RdbzIVQMcUoVi7qVdi+pjMpT06rUBGTSAWXUNAYhw0JVw28XSej/Ploabxw8ORFVAYrMeXsWqbASTfEOYFqDHkVKFE094UE+p+1RpK+Kk0pVBezuxeSjviQCbm+R2oZ+4/DrTNw==
TUBBS,PAYTON,5402 MANOR CREEK LN,HOUSTON,TX,77092-5617,5402 MANOR CREEK LN,HOUSTON,TX,77092,Deed (Sheriff/Trustee/Tax),DEED,2026-09-29,RP-2026-395315,,50,New this week,Harris County Clerk,https://www.cclerk.hctx.netEComm/ViewEdocs.aspx?ID=ihpahpMbvcoWkF5RdbzIVQfJarXM5q6L8jznvVOjzNfqhfQDomy3uamEGUml5CO/K3PU/gV4xAiEetu1eYqW9cPcfPdqpopAc84aRtXHwBHvdfu6h40coGUU7kreuQKuws/SCBE8U90/nCs2AG9WJQ==
MUNOZ,TEODORA,930 SKYMONT STREAM TRL,HOUSTON,TX,77090-5020,8631 DILLON ST,HOUSTON,TX,77061,Deed (Sheriff/Trustee/Tax),DEED,2026-09-29,RP-2026-395249,,50,New this week,Harris County Clerk,https://www.cclerk.hctx.netEComm/ViewEdocs.aspx?ID=ihpahpMbvcoWkF5RdbzIVT8TMfVrWVXhTfinZ7PGsiwbM/9DoaUPuIu9uxly6+eeSGwHvv7ETp/OxW992cAzK3i8eMC3c2BwafPbsGMZkEapXlzHnYucQ/iTl9VbVlMTAhN77gqcrBiXqLJXLAMKqA==
WOLFE,JOHN C,5343 QUEENSLOCH DR,HOUSTON,TX,77096-4133,5343 QUEENSLOCH DR,HOUSTON,TX,77096,Deed (Sheriff/Trustee/Tax),DEED,2026-09-29,RP-2026-395210,,50,New this week,Harris County Clerk,https://www.cclerk.hctx.netEComm/ViewEdocs.aspx?ID=ihpahpMbvcoWkF5RdbzIVdJx5DukIwy7uXuMTgtJsd/zv4du6jw6axYeCJndnraiHSvlPJX+O4vJ7dPhUsokkk9yRwYGTLVQp3R1iSjtCrxfff/pdRzMKcUFzq9b/ILZgZkfzQeTs3HmTNr34LIJ1A==
WOLFE,SUSAN ADAMS,5041 JEFFERSON ST,HOUSTON,TX,77023-1914,5041 JEFFERSON ST,HOUSTON,TX,77023,Deed (Sheriff/Trustee/Tax),DEED,2026-09-29,RP-2026-395205,,50,New this week,Harris County Clerk,https://www.cclerk.hctx.netEComm/ViewEdocs.aspx?ID=ihpahpMbvcoWkF5RdbzIVUtPcIZtqo7fklbcX4KdBzZSqKbxElwvsmAaNkFIWIyR3slYVzYfbNJs1e7FidrlwImnnXvAlM48iTuT111/uOQ85UIRZ8MMik/78IhhjF6n4CnrpVqlmRU0Y+QqyJarcQ==
TUGGLE,DENESICA,6441 GLADIOLA ST,CORONA,CA,92880-8538,12219 WILD PINE DR C,HOUSTON,TX,77039,Deed (Sheriff/Trustee/Tax),DEED,2026-09-29,RP-2026-395196,,50,New this week,Harris County Clerk,https://www.cclerk.hctx.netEComm/ViewEdocs.aspx?ID=ihpahpMbvcoWkF5RdbzIVZBI+Q7gnBPudV64rzsLkJh7JMURoOifAviI2yCQFYOUWl0eGtyKSY+XTZNYh7foMbv2l5hKraddhjQ8WfcLzOVvrmk4VZmZUjmOxYizK+1nLXICiTEcrN9sMJteTibrUg==
TUGGLE,DENESICA,6441 GLADIOLA ST,CORONA,CA,92880-8538,12219 WILD PINE DR C,HOUSTON,TX,77039,Deed (Sheriff/Trustee/Tax),DEED,2026-09-29,RP-2026-395195,,50,New this week,Harris County Clerk,https://www.cclerk.hctx.netEComm/ViewEdocs.aspx?ID=ihpahpMbvcoWkF5RdbzIVY/lLGKFGVcwdMKdw2wP/yTFJy9VD03mecAgD6fXFYcEXILEUTR5l+t+TQ0Yg8cq5Oe4RG4QVksG1shSekZD9AGRn/fSwyOiNgTuWvbK8R9hXJBAY99lSDaYJCjsbIzjYQ==
NGUYEN,DIEU HANG THI,"5711 KILLOUGH ST,",HOUSTON,TX,77086-4017,5711 KILLOUGH ST,HOUSTON,TX,77086,Deed (Sheriff/Trustee/Tax),DEED,2026-09-29,RP-2026-395171,,50,New this week,Harris County Clerk,https://www.cclerk.hctx.netEComm/ViewEdocs.aspx?ID=ihpahpMbvcoWkF5RdbzIVc4pPIS4kW2yLsMSyJIyGIHfuUZVR7HOUgyEvOL5w0lN5Hq2S9prZ68obFDXerh81Q3gQ3z2k36Mu17J/AryM77vtqf6Pv+6W0+ZxpFcAHBvDwoDiVXJWyUBRiCfM9ThwA==
WILLIS,CHARLES RAY,4314 WEAVER RD,HOUSTON,TX,77016-5635,4314 WEAVER RD,HOUSTON,TX,77016,Deed (Sheriff/Trustee/Tax),DEED,2026-09-29,RP-2026-395112,,50,New this week,Harris County Clerk,https://www.cclerk.hctx.netEComm/ViewEdocs.aspx?ID=ihpahpMbvcoWkF5RdbzIVeVsaG0JxzdddvnobDdQ48jAYqpWx3ATHS9a+kLhRJwJsjjMSTl8MaI1nEDivt+nXrwHHQ9YzqSgBWJX90vwZxwVPzdsfGSZSlj+0R3BeXEQUeLKgQCO63AWkYL3WTxefA==
NGUYEN,LOAN,3312 SEQUOIA LAKE TRL,PEARLAND,TX,77581-5680,11422 MEADOWAY DR,HOUSTON,TX,77089,Release,REL,2026-10-05,RP-2026-402110,,50,New this week,Harris County Clerk,https://www.cclerk.hctx.net/applications/websearch/RP.aspx
MUSSELMAN,ASHLEIGH,4809 WESTWAY PARK BLVD,HOUSTON,TX,77041-2003,0 SHILOH CHURCH RD,HOUSTON,TX,77066,Release,REL,2026-10-02,RP-2026-402108,,50,New this week,Harris County Clerk,https://www.cclerk.hctx.net/applications/websearch/RP.aspx
TEXAS,WORKFORCE COMMISSION,1404 TUPELO AVE,PASADENA,TX,77506-4042,1712 HOUSTON BLVD 28,SOUTH HOUSTON,TX,77587,Release,REL,2026-10-02,RP-2026-402085,,50,New this week,Harris County Clerk,https://www.cclerk.hctx.net/applications/websearch/RP.aspx
SOUTHSTATE,BANK N A,118 VINTAGE PARK BLVD STE W451,HOUSTON,TX,77070-4095,4705 HIGHWAY 6 N,HOUSTON,TX,77084,Release,REL,2026-10-02,RP-2026-402076,,50,New this week,Harris County Clerk,https://www.cclerk.hctx.net/applications/websearch/RP.aspx
UNITED,STATES OF AMERICA,1700 N CONGRESS # 720,AUSTIN,TX,78701-1436,1511 PRESTON ST 400,HOUSTON,TX,77002,Release,REL,2026-10-02,RP-2026-402065,,50,New this week,Harris County Clerk,https://www.cclerk.hctx.net/applications/websearch/RP.aspx
ALASKA,USA FEDERAL CREDIT UNION,3328 SHORECLIFF DR NE,TACOMA,WA,98422-2303,9501 BEECHNUT ST 199,HOUSTON,TX,77036,Release,REL,2026-10-02,RP-2026-402029,,50,New this week,Harris County Clerk,https://www.cclerk.hctx.net/applications/websearch/RP.aspx
CITY,OF HOUSTON,PO BOX 1562,HOUSTON,TX,77251-1562,0 COMMERCE ST,HOUSTON,TX,77002,Release,REL,2026-10-02,RP-2026-402002,,50,New this week,Harris County Clerk,https://www.cclerk.hctx.net/applications/websearch/RP.aspx
BANK,OF AMERICA N A,2240 DEL MONTE DR,HOUSTON,TX,77019-3519,2240 DEL MONTE DR,HOUSTON,TX,77019,Release,REL,2026-10-02,RP-2026-401983,,50,New this week,Harris County Clerk,https://www.cclerk.hctx.net/applications/websearch/RP.aspx
HANCOCK,WHITNEY BANK,5142 INDIGO ST,HOUSTON,TX,77096-1414,5142 INDIGO ST,HOUSTON,TX,77096,Release,REL,2026-10-02,RP-2026-401897,,50,New this week,Harris County Clerk,https://www.cclerk.hctx.net/applications/websearch/RP.aspx
SPACE,CITY CREDIT UNION,1301 MCKINNEY ST SUITE 2885,HOUSTON,TX,77010-2800,2242 PELHAM DR,HOUSTON,TX,77019,Release,REL,2026-10-02,RP-2026-401799,,50,New this week,Harris County Clerk,https://www.cclerk.hctx.net/applications/websearch/RP.aspx
FIRST,COMMUNITY CREDIT UNION,PO BOX 840129,HOUSTON,TX,77284-0129,9100 WESTVIEW DR,HOUSTON,TX,77055,Release,REL,2026-10-02,RP-2026-401769,,50,New this week,Harris County Clerk,https://www.cclerk.hctx.net/applications/websearch/RP.aspx
SECRETARY,OF HOUSING AND URBAN DEVELOPMENT,12703 BLUE TIMBERS CT,HOUSTON,TX,77044-1903,12703 BLUE TIMBERS CT,HOUSTON,TX,77044,Release,REL,2026-10-02,RP-2026-401754,,50,New this week,Harris County Clerk,https://www.cclerk.hctx.net/applications/websearch/RP.aspx
AMPLIFY,CREDIT UNION,1208 WELCH ST,HOUSTON,TX,77006-1133,1208 WELCH ST,HOUSTON,TX,77006,Release,REL,2026-10-02,RP-2026-401721,,50,New this week,Harris County Clerk,https://www.cclerk.hctx.net/applications/websearch/RP.aspx
SECRETARY,OF HOUSING AND URBAN DEVELOPMENT,13810 BRIDGEPORT,HOUSTON,TX,77047-5019,13808 BRIDGEPORT RD,HOUSTON,TX,77047,Release,REL,2026-10-02,RP-2026-401682,,50,New this week,Harris County Clerk,https://www.cclerk.hctx.net/applications/websearch/RP.aspx
SECRETARY,OF HOUSING AND URBAN DEVELOPMENT,10702 JORDAN HEIGHTS DR,HOUSTON,TX,77016-6568,10702 JORDAN HEIGHTS DR,HOUSTON,TX,77016,Release,REL,2026-10-02,RP-2026-401678,,50,New this week,Harris County Clerk,https://www.cclerk.hctx.net/applications/websearch/RP.aspx
SECRETARY,OF HOUSING AND URBAN DEVELOPMENT,808 CORDELL ST,HOUSTON,TX,77009-3812,808 CORDELL ST,HOUSTON,TX,77009,Release,REL,2026-10-02,RP-2026-401677,,50,New this week,Harris County Clerk,https://www.cclerk.hctx.net/applications/websearch/RP.aspx
SECRETARY,OF HOUSING AND URBAN DEVELOPMENT,3401 W END AVE STE 760W,NASHVILLE,TN,37203-1042,31879 CASEY RD,HUFFMAN,TX,77357,Release,REL,2026-10-02,RP-2026-401675,,50,New this week,Harris County Clerk,https://www.cclerk.hctx.net/applications/websearch/RP.aspx
SECRETARY,OF HOUSING AND URBAN DEVELOPMENT,1811 MANOR DR,BAYTOWN,TX,77521-1871,1811 MANOR DR,BAYTOWN,TX,77521,Release,REL,2026-10-02,RP-2026-401674,,50,New this week,Harris County Clerk,https://www.cclerk.hctx.net/applications/websearch/RP.aspx
SECRETARY,OF HOUSING AND URBAN DEVELOPMENT,1811 MANOR DR,BAYTOWN,TX,77521-1871,1811 MANOR DR,BAYTOWN,TX,77521,Release,REL,2026-10-02,RP-2026-401669,,50,New this week,Harris County Clerk,https://www.cclerk.hctx.net/applications/websearch/RP.aspx
SECRETARY,OF HOUSING AND URBAN DEVELOPMENT,906 WISCONSIN ST,SOUTH HOUSTON,TX,77587-4967,906 WISCONSIN ST,SOUTH HOUSTON,TX,77587,Release,REL,2026-10-02,RP-2026-401668,,50,New this week,Harris County Clerk,https://www.cclerk.hctx.net/applications/websearch/RP.aspx
SECRETARY,OF HOUSING AND URBAN DEVELOPMENT,10702 JORDAN HEIGHTS DR,HOUSTON,TX,77016-6568,10702 JORDAN HEIGHTS DR,HOUSTON,TX,77016,Release,REL,2026-10-02,RP-2026-401667,,50,New this week,Harris County Clerk,https://www.cclerk.hctx.net/applications/websearch/RP.aspx
SECRETARY,OF HOUSING AND URBAN DEVELOPMENT,16106 SOUTHAMPTON DR,SPRING,TX,77379-7382,16106 SOUTHAMPTON DR,SPRING,TX,77379,Release,REL,2026-10-02,RP-2026-401662,,50,New this week,Harris County Clerk,https://www.cclerk.hctx.net/applications/websearch/RP.aspx
SECRETARY,OF HOUSING AND URBAN DEVELOPMENT,4930 PURPLE WISTERIA LN,SPRING,TX,77373-2346,4930 PURPLE WISTERIA LN,SPRING,TX,77373,Release,REL,2026-10-02,RP-2026-401661,,50,New this week,Harris County Clerk,https://www.cclerk.hctx.net/applications/websearch/RP.aspx
SECRETARY,OF HOUSING AND URBAN DEVELOPMENT,4930 PURPLE WISTERIA LN,SPRING,TX,77373-2346,4930 PURPLE WISTERIA LN,SPRING,TX,77373,Release,REL,2026-10-02,RP-2026-401658,,50,New this week,Harris County Clerk,https://www.cclerk.hctx.net/applications/websearch/RP.aspx
AMERICAN,FIRST NATIONAL BANK,19223 KESSINGTON LN,HOUSTON,TX,77094-3451,25112 MARKET PLACE DR,KATY,TX,77494,Release,REL,2026-10-02,RP-2026-401651,,50,New this week,Harris County Clerk,https://www.cclerk.hctx.net/applications/websearch/RP.aspx
SECRETARY,OF HOUSING AND URBAN DEVELOPMENT,16106 SOUTHAMPTON DR,SPRING,TX,77379-7382,16106 SOUTHAMPTON DR,SPRING,TX,77379,Release,REL,2026-10-02,RP-2026-401650,,50,New this week,Harris County Clerk,https://www.cclerk.hctx.net/applications/websearch/RP.aspx
POPULAR,BANK,219 N LOOP 336 E UNIT 4107,CONROE,TX,77301-1540,12909 BREEZEWAY ST,HOUSTON,TX,77037,Release,REL,2026-10-02,RP-2026-401648,,50,New this week,Harris County Clerk,https://www.cclerk.hctx.net/applications/websearch/RP.aspx
FROST,BANK,100 W HOUSTON ST STE 1102,SAN ANTONIO,TX,78205-1414,5925 KIRBY DR,HOUSTON,TX,77005,Release,REL,2026-10-02,RP-2026-401644,,50,New this week,Harris County Clerk,https://www.cclerk.hctx.net/applications/websearch/RP.aspx
CITY,BANK,3309 67TH ST STE 15,LUBBOCK,TX,79413-6133,830 THREADNEEDLE ST 238,HOUSTON,TX,77079,Release,REL,2026-10-02,RP-2026-401585,,50,New this week,Harris County Clerk,https://www.cclerk.hctx.net/applications/websearch/RP.aspx
LONE,STAR BANK,PO BOX 273395,HOUSTON,TX,77277-3395,27521 CALVERT RD,TOMBALL,TX,77377,Release,REL,2026-10-02,RP-2026-401583,,50,New this week,Harris County Clerk,https://www.cclerk.hctx.net/applications/websearch/RP.aspx
TEXAS,CAPITAL BANK,2245 TEXAS DR STE 600,SUGAR LAND,TX,77479-2190,5328 CHANDLER ST,HOUSTON,TX,77007,Release,REL,2026-10-02,RP-2026-401574,,50,New this week,Harris County Clerk,https://www.cclerk.hctx.net/applications/websearch/RP.aspx
SECRETARY,OF HOUSING AND URBAN DEVELOPMENT,3401 W END AVE STE 760W,NASHVILLE,TN,37203-1042,31879 CASEY RD,HUFFMAN,TX,77357,Release,REL,2026-10-02,RP-2026-401556,,50,New this week,Harris County Clerk,https://www.cclerk.hctx.net/applications/websearch/RP.aspx
CITY,BANK,111 VILLAGE RUN W,ENCINITAS,CA,92024-3054,1117 SHERWOOD RUN,HOUSTON,TX,77043,Release,REL,2026-10-02,RP-2026-401555,,50,New this week,Harris County Clerk,https://www.cclerk.hctx.net/applications/websearch/RP.aspx
SECRETARY,OF HOUSING AND URBAN DEVELOPMENT,12703 BLUE TIMBERS CT,HOUSTON,TX,77044-1903,12703 BLUE TIMBERS CT,HOUSTON,TX,77044,Release,REL,2026-10-02,RP-2026-401554,,50,New this week,Harris County Clerk,https://www.cclerk.hctx.net/applications/websearch/RP.aspx
TEXAS,WORKFORCE COMMISSION,3200 SOUTHWEST FREEWAY STE 1870,HOUSTON,TX,77027-7502,3623 ROSALIE ST,HOUSTON,TX,77004,Release,REL,2026-10-02,RP-2026-401525,,50,New this week,Harris County Clerk,https://www.cclerk.hctx.net/applications/websearch/RP.aspx
REGIONS,BANK,2245 TEXAS DR STE 600,SUGAR LAND,TX,77479-2190,5328 CHANDLER ST,HOUSTON,TX,77007,Release,REL,2026-10-02,RP-2026-401515,,50,New this week,Harris County Clerk,https://www.cclerk.hctx.net/applications/websearch/RP.aspx
SMALL,BUSINESS ADMINISTRATION,9301 SOUTHWEST FWY,HOUSTON,TX,77074-1510,2426 WALCOTT LN,HOUSTON,TX,77088,Release,REL,2026-10-02,RP-2026-401494,,50,New this week,Harris County Clerk,https://www.cclerk.hctx.net/applications/websearch/RP.aspx
SMALL,BUSINESS ADMINISTRATION,9301 SOUTHWEST FWY,HOUSTON,TX,77074-1510,2426 WALCOTT LN,HOUSTON,TX,77088,Release,REL,2026-10-02,RP-2026-401493,,50,New this week,Harris County Clerk,https://www.cclerk.hctx.net/applications/websearch/RP.aspx
SHELL,FEDERAL CREDIT UNION,PO BOX 578,DEER PARK,TX,77536-0578,11526 SPENCER,LA PORTE,TX,77571,Release,REL,2026-10-02,RP-2026-401479,,50,New this week,Harris County Clerk,https://www.cclerk.hctx.net/applications/websearch/RP.aspx
JPMORGAN,CHASE BANK N A,827 THORNBRANCH DR,HOUSTON,TX,77079-4522,10206 GEORGIBELLE DR,HOUSTON,TX,77043,Release,REL,2026-10-02,RP-2026-401476,,50,New this week,Harris County Clerk,https://www.cclerk.hctx.net/applications/websearch/RP.aspx
SHELL,FEDERAL CREDIT UNION,PO BOX 578,DEER PARK,TX,77536-0578,11526 SPENCER,LA PORTE,TX,77571,Release,REL,2026-10-02,RP-2026-401463,,50,New this week,Harris County Clerk,https://www.cclerk.hctx.net/applications/websearch/RP.aspx
HUGHES,AMBER LASHEA,1598 CLARENDON RD,BLOOMFIELD HILLS,MI,48302-2605,12304 RAEKWON WAY,HOUSTON,TX,77048,Release,REL,2026-10-02,RP-2026-401398,,50,New this week,Harris County Clerk,https://www.cclerk.hctx.net/applications/websearch/RP.aspx
HUNTINGTON,NATIONAL BANK,703 TULANE ST,HOUSTON,TX,77007-1531,703 TULANE ST,HOUSTON,TX,77007,Release,REL,2026-10-02,RP-2026-401357,,50,New this week,Harris County Clerk,https://www.cclerk.hctx.net/applications/websearch/RP.aspx
SAAVEDRA,ROSA ESTELA,3346 KELTON ST,HOUSTON,TX,77021-2224,3346 KELTON ST,HOUSTON,TX,77021,Release,REL,2026-10-02,RP-2026-401337,,50,New this week,Harris County Clerk,https://www.cclerk.hctx.net/applications/websearch/RP.aspx
CITY,OF PASADENA,PO BOX 682785,HOUSTON,TX,77268-2785,22503 LEAFYGATE DR,SPRING,TX,77373,Release,REL,2026-10-02,RP-2026-401328,,50,New this week,Harris County Clerk,https://www.cclerk.hctx.net/applications/websearch/RP.aspx
HUNTINGTON,NATIONAL BANK,302 CALLE SEVILLA PL,HOUSTON,TX,77007-1161,302 CALLE SEVILLA PL,HOUSTON,TX,77007,Release,REL,2026-10-02,RP-2026-401326,,50,New this week,Harris County Clerk,https://www.cclerk.hctx.net/applications/websearch/RP.aspx
TEXAS,PARTNERS BANK,210 ODESSEY DR STE B,WEBSTER,TX,77598-3702,0 CARSON RD,HOUSTON,TX,77048,Release,REL,2026-10-02,RP-2026-401325,,50,New this week,Harris County Clerk,https://www.cclerk.hctx.net/applications/websearch/RP.aspx
CITY,OF PASADENA,PO BOX 682785,HOUSTON,TX,77268-2785,22503 LEAFYGATE DR,SPRING,TX,77373,Release,REL,2026-10-02,RP-2026-401324,,50,New this week,Harris County Clerk,https://www.cclerk.hctx.net/applications/websearch/RP.aspx
CITY,OF BAYTOWN,PO BOX 2805,BAYTOWN,TX,77522-2805,0 BAYWAY DR,BAYTOWN,TX,77520,Release,REL,2026-10-02,RP-2026-401300,,50,New this week,Harris County Clerk,https://www.cclerk.hctx.net/applications/websearch/RP.aspx
JPMORGAN,CHASE BANK N A,PO BOX 1919,WICHITA FALLS,TX,76307-1919,11560 WESTHEIMER RD,HOUSTON,TX,77077,Release,REL,2026-10-02,RP-2026-401295,,50,New this week,Harris County Clerk,https://www.cclerk.hctx.net/applications/websearch/RP.aspx
THIRD,COAST BANK,2110 GRANDWAY DR,KATY,TX,77449-6467,17015 ALDINE WESTFIELD RD,HOUSTON,TX,77073,Release,REL,2026-10-02,RP-2026-401254,,50,New this week,Harris County Clerk,https://www.cclerk.hctx.net/applications/websearch/RP.aspx
HENDERSON,DANIELLE,7814 MELROSE ST,HOUSTON,TX,77022-3340,7821 MELROSE ST,HOUSTON,TX,77022,Release,REL,2026-10-02,RP-2026-401235,,50,New this week,Harris County Clerk,https://www.cclerk.hctx.net/applications/websearch/RP.aspx
SMITH,PAUL ERIC,9013 61ST PL W,MUKILTEO,WA,98275-3337,1819 MILL CREEK DR,HOUSTON,TX,77008,Release,REL,2026-10-02,RP-2026-401230,,50,New this week,Harris County Clerk,https://www.cclerk.hctx.net/applications/websearch/RP.aspx
USAA,FEDERAL SAVINGS BANK,16890 W MAGLITTO CIR,TOMBALL,TX,77377-8416,16890 W MAGLITTO CRK,TOMBALL,TX,77377,Release,REL,2026-10-02,RP-2026-401228,,50,New this week,Harris County Clerk,https://www.cclerk.hctx.net/applications/websearch/RP.aspx
WELLS,FARGO BANK N A,1723 EASTFIELD DR,MISSOURI CITY,TX,77459-3433,9742 E JENNIFER WAY DR,HOUSTON,TX,77075,Release,REL,2026-10-02,RP-2026-401135,,50,New this week,Harris County Clerk,https://www.cclerk.hctx.net/applications/websearch/RP.aspx
JPMORGAN,CHASE BANK,5119 EIGEL ST,HOUSTON,TX,77007-3329,5119 EIGEL ST,HOUSTON,TX,77007,Release,REL,2026-10-02,RP-2026-401134,,50,New this week,Harris County Clerk,https://www.cclerk.hctx.net/applications/websearch/RP.aspx
WELLS,FARGO BANK N A,4530 MCKINNEY ST,HOUSTON,TX,77023-1130,4530 MCKINNEY ST,HOUSTON,TX,77023,Release,REL,2026-10-02,RP-2026-401133,,50,New this week,Harris County Clerk,https://www.cclerk.hctx.net/applications/websearch/RP.aspx
JPMORGAN,CHASE BANK N A,PO BOX 1919,WICHITA FALLS,TX,76307-1919,11560 WESTHEIMER RD,HOUSTON,TX,77077,Release,REL,2026-10-02,RP-2026-401132,,50,New this week,Harris County Clerk,https://www.cclerk.hctx.net/applications/websearch/RP.aspx
JPMORGAN,CHASE BANK N A,PO BOX 1919,WICHITA FALLS,TX,76307-1919,11560 WESTHEIMER RD,HOUSTON,TX,77077,Release,REL,2026-10-02,RP-2026-401128,,50,New this week,Harris County Clerk,https://www.cclerk.hctx.net/applications/websearch/RP.aspx
WELLS,FARGO BANK N A,13119 GOLDEN RAINBOW DR,CYPRESS,TX,77429-3544,13119 GOLDEN RAINBOW DR,CYPRESS,TX,77429,Release,REL,2026-10-02,RP-2026-401127,,50,New this week,Harris County Clerk,https://www.cclerk.hctx.net/applications/websearch/RP.aspx
JPMORGAN,CHASE BANK N A,514 ABERDEEN WAY,HIGHLANDS,TX,77562-4528,514 ABERDEEN WAY,HIGHLANDS,TX,77562,Release,REL,2026-10-02,RP-2026-401124,,50,New this week,Harris County Clerk,https://www.cclerk.hctx.net/applications/websearch/RP.aspx
WELLS,FARGO BANK N A,505 BASTROP ST STE 509,HOUSTON,TX,77003-2238,505 BASTROP ST 510,HOUSTON,TX,77003,Release,REL,2026-10-02,RP-2026-401123,,50,New this week,Harris County Clerk,https://www.cclerk.hctx.net/applications/websearch/RP.aspx
WELLS,FARGO BANK N A,20335 HIGHFIELD PARK DR,CYPRESS,TX,77433-7212,20335 HIGHFIELD PARK DR,CYPRESS,TX,77433,Release,REL,2026-10-02,RP-2026-401115,,50,New this week,Harris County Clerk,https://www.cclerk.hctx.net/applications/websearch/RP.aspx
WASHINGTON,MUTUAL BANK,1301 LINDBERG ST,BAYTOWN,TX,77520-6531,1301 LINDBERG AVE,BAYTOWN,TX,77520,Release,REL,2026-10-02,RP-2026-401111,,50,New this week,Harris County Clerk,https://www.cclerk.hctx.net/applications/websearch/RP.aspx
JPMORGAN,CHASE BANK N A,4501 ENGLEFORD ST,HOUSTON,TX,77026-4947,4501 ENGLEFORD ST,HOUSTON,TX,77026,Release,REL,2026-10-02,RP-2026-401108,,50,New this week,Harris County Clerk,https://www.cclerk.hctx.net/applications/websearch/RP.aspx
NAVY,FEDERAL CREDIT UNION,PO BOX 24626,MERRIFIELD,VA,22119-4626,10011 FM 1960 BYPASS RD W,HUMBLE,TX,77338,Release,REL,2026-10-02,RP-2026-401107,,50,New this week,Harris County Clerk,https://www.cclerk.hctx.net/applications/websearch/RP.aspx
NAVY,FEDERAL CREDIT UNION,PO BOX 24626,MERRIFIELD,VA,22119-4626,10011 FM 1960 BYPASS RD W,HUMBLE,TX,77338,Release,REL,2026-10-02,RP-2026-401103,,50,New this week,Harris County Clerk,https://www.cclerk.hctx.net/applications/websearch/RP.aspx
JPMORGAN,CHASE BANK N A,PO BOX 1919,WICHITA FALLS,TX,76307-1919,11560 WESTHEIMER RD,HOUSTON,TX,77077,Release,REL,2026-10-02,RP-2026-401102,,50,New this week,Harris County Clerk,https://www.cclerk.hctx.net/applications/websearch/RP.aspx
PRIMELENDING,,20903 HALL COLONY CT,KATY,TX,77449-0100,20903 HALL COLONY CT,KATY,TX,77449,Release,REL,2026-10-02,RP-2026-401098,,50,New this week,Harris County Clerk,https://www.cclerk.hctx.net/applications/websearch/RP.aspx
JPMORGAN,CHASE BANK N A,PO BOX 1919,WICHITA FALLS,TX,76307-1919,11560 WESTHEIMER RD,HOUSTON,TX,77077,Release,REL,2026-10-02,RP-2026-401097,,50,New this week,Harris County Clerk,https://www.cclerk.hctx.net/applications/websearch/RP.aspx
JPMORGAN,CHASE BANK N A,16331 LASTING LIGHT LN,HOUSTON,TX,77095-3282,16331 LASTING LIGHT LN,HOUSTON,TX,77095,Release,REL,2026-10-02,RP-2026-401088,,50,New this week,Harris County Clerk,https://www.cclerk.hctx.net/applications/websearch/RP.aspx
COMMUNITYBANK,OF TEXAS N A,PO BOX 211,KATY,TX,77492-0211,21122 SETTLERS VALLEY DR,KATY,TX,77449,Release,REL,2026-10-02,RP-2026-401067,,50,New this week,Harris County Clerk,https://www.cclerk.hctx.net/applications/websearch/RP.aspx
STELLAR,BANK,PO BOX 211,KATY,TX,77492-0211,21122 SETTLERS VALLEY DR,KATY,TX,77449,Release,REL,2026-10-02,RP-2026-401066,,50,New this week,Harris County Clerk,https://www.cclerk.hctx.net/applications/websearch/RP.aspx
GREEN,TREVOR G,8111 CICADA DR,MISSOURI CITY,TX,77459-5771,8726 SCOTT ST,HOUSTON,TX,77051,Release,REL,2026-10-02,RP-2026-401063,,50,New this week,Harris County Clerk,https://www.cclerk.hctx.net/applications/websearch/RP.aspx
BNY,MELLON N A,2325 WELCH ST # 601,HOUSTON,TX,77019-6041,2325 WELCH ST 601,HOUSTON,TX,77019,Release,REL,2026-10-02,RP-2026-400988,,50,New this week,Harris County Clerk,https://www.cclerk.hctx.net/applications/websearch/RP.aspx
THE,OHIO CASUALTY INSURANCE COMPANY,PO BOX 2983,SUGAR LAND,TX,77487-2983,7930 CORPORATE DR 324,HOUSTON,TX,77036,Release,REL,2026-10-02,RP-2026-400968,,50,New this week,Harris County Clerk,https://www.cclerk.hctx.net/applications/websearch/RP.aspx
RANDOLPH-BROOKS,FEDERAL CREDIT UNION,5035 MERIDEN DR,HOUSTON,TX,77084-7231,5035 MERIDEN DR,HOUSTON,TX,77084,Release,REL,2026-10-02,RP-2026-400946,,50,New this week,Harris County Clerk,https://www.cclerk.hctx.net/applications/websearch/RP.aspx
WEST,JAMES A,512 KNIPP RD,HOUSTON,TX,77024-5027,512 KNIPP RD,HOUSTON,TX,77024,Release,REL,2026-10-02,RP-2026-400945,,50,New this week,Harris County Clerk,https://www.cclerk.hctx.net/applications/websearch/RP.aspx
FIRST,SERVICE CREDIT UNION,4923 CULMORE DR,HOUSTON,TX,77021-3017,4923 CULMORE DR,HOUSTON,TX,77021,Release,REL,2026-10-02,RP-2026-400941,,50,New this week,Harris County Clerk,https://www.cclerk.hctx.net/applications/websearch/RP.aspx
WELLS,FARGO BANK,725 PARK CENTER DR,MATTHEWS,NC,28105-5012,0 SPRING CYPRESS RD,SPRING,TX,77379,Release,REL,2026-10-02,RP-2026-400901,,50,New this week,Harris County Clerk,https://www.cclerk.hctx.net/applications/websearch/RP.aspx
CITY,OF PASADENA,3214 OAKLAND LAKE CIR,MISSOURI CITY,TX,77459-6453,206 W THOMAS AVE,PASADENA,TX,77506,Release,REL,2026-10-02,RP-2026-400894,,50,New this week,Harris County Clerk,https://www.cclerk.hctx.net/applications/websearch/RP.aspx
WELLS,FARGO BANK,500 N BROADWAY SUITE 201,JERICHO,NY,11753-2122,5102 BELLAIRE BLVD,BELLAIRE,TX,77401,Release,REL,2026-10-02,RP-2026-400890,,50,New this week,Harris County Clerk,https://www.cclerk.hctx.net/applications/websearch/RP.aspx
WELLS,FARGO BANK,500 N BROADWAY SUITE 201,JERICHO,NY,11753-2122,5102 BELLAIRE BLVD,BELLAIRE,TX,77401,Release,REL,2026-10-02,RP-2026-400887,,50,New this week,Harris County Clerk,https://www.cclerk.hctx.net/applications/websearch/RP.aspx
WELLS,FARGO BANK,500 N BROADWAY SUITE 201,JERICHO,NY,11753-2122,5102 BELLAIRE BLVD,BELLAIRE,TX,77401,Release,REL,2026-10-02,RP-2026-400878,,50,New this week,Harris County Clerk,https://www.cclerk.hctx.net/applications/websearch/RP.aspx
CITY,OF HOUSTON,2702 QUIVER LN,HOUSTON,TX,77067-1922,2702 QUIVER LN,HOUSTON,TX,77067,Release,REL,2026-10-02,RP-2026-400877,,50,New this week,Harris County Clerk,https://www.cclerk.hctx.net/applications/websearch/RP.aspx
FROST,BANK,10534 ENVOY ST,HOUSTON,TX,77016-3232,10534 ENVOY ST,HOUSTON,TX,77016,Release,REL,2026-10-02,RP-2026-400849,,50,New this week,Harris County Clerk,https://www.cclerk.hctx.net/applications/websearch/RP.aspx
CRUZ,ANTONIO,10905 FLEMING DR,HOUSTON,TX,77013-5514,10905 FLEMING DR,HOUSTON,TX,77013,Release,REL,2026-10-02,RP-2026-400811,,50,New this week,Harris County Clerk,https://www.cclerk.hctx.net/applications/websearch/RP.aspx
CITY,OF HOUSTON,PO BOX 1562,HOUSTON,TX,77251-1562,0 COMMERCE ST,HOUSTON,TX,77002,Release,REL,2026-10-02,RP-2026-400781,,50,New this week,Harris County Clerk,https://www.cclerk.hctx.net/applications/websearch/RP.aspx
BENITEZ,LEOPOLDO P,5215 KELLING ST,HOUSTON,TX,77045-5030,5215 KELLING ST,HOUSTON,TX,77045,Release,REL,2026-10-02,RP-2026-400644,,50,New this week,Harris County Clerk,https://www.cclerk.hctx.net/applications/websearch/RP.aspx
A-WAY,OUT BAIL BONDS LIC #74499,5215 KELLING ST,HOUSTON,TX,77045-5030,5215 KELLING ST,HOUSTON,TX,77045,Release,REL,2026-10-02,RP-2026-400643,,50,New this week,Harris County Clerk,https://www.cclerk.hctx.net/applications/websearch/RP.aspx
SHELLPOINT,MORTGAGE SERVICING,115 AVENUE D,SOUTH HOUSTON,TX,77587-4142,115 AVENUE D,SOUTH HOUSTON,TX,77587,Release,REL,2026-10-02,RP-2026-400581,,50,New this week,Harris County Clerk,https://www.cclerk.hctx.net/applications/websearch/RP.aspx
FVL,MANAGEMENT L L C,,,TX,,,,TX,,Deed (Sheriff/Trustee/Tax),DEED,2026-10-02,RP-2026-400983,,45,New this week,Harris County Clerk,https://www.cclerk.hctx.netEComm/ViewEdocs.aspx?ID=ihpahpMbvcoWkF5RdbzIVWwe8mIh+zJEOrEIjBkZmniCwRgmDiHUG4tcicQa1JoTm+j4mQy7FrzyplfScIA1K1EKqW9VMlKdCqlsTETRgkF65cyatGrdO6/Ey0/1FP/sGf2lNc03CsVenMUwtObhcQ==
QUADVEST,MANAGEMENT L L C,,,TX,,,,TX,,Deed (Sheriff/Trustee/Tax),DEED,2026-10-02,RP-2026-400886,,45,New this week,Harris County Clerk,https://www.cclerk.hctx.netEComm/ViewEdocs.aspx?ID=ihpahpMbvcoWkF5RdbzIVdVtf0k4QKCkpsvbWQqJxdaUEPoB4QXz6tsfcjE2Vkm94UcB5hx6VFk1dhapegtmt69fIpimqnHsAsBCc9Lc53xBfGHfRHuVALKfy5keEbkE/uuTWxAcJE7AgB13C10/8Q==
QUADVEST,MANAGEMENT L L C,,,TX,,,,TX,,Deed (Sheriff/Trustee/Tax),DEED,2026-10-02,RP-2026-400879,,45,New this week,Harris County Clerk,https://www.cclerk.hctx.netEComm/ViewEdocs.aspx?ID=ihpahpMbvcoWkF5RdbzIVZArqCRMplszFlvxbjkJ6q6Vigy7vJszQCVGodJBAfOBvCmAiN98lcYdDTxFFZlRHDPSBDXAKWJZ2QI5zV/4xmyQyE9rylw36+LOeyw9WOCX2vkjvunoPzvItF5qXzvM6Q==
QUADVEST,MANAGEMENT L L C,,,TX,,,,TX,,Deed (Sheriff/Trustee/Tax),DEED,2026-10-02,RP-2026-400873,,45,New this week,Harris County Clerk,https://www.cclerk.hctx.netEComm/ViewEdocs.aspx?ID=ihpahpMbvcoWkF5RdbzIVXgrhbJbZEAPCj6jK9FhJagpn/Sr2yJS0oOUSzfOobNt8dNjXsNqd0l7dNTDkxO2t/KTSe5cbBWYPfjBJCWujWWzUhnViLtdyV7W7dOx67/WHQD/z1QVveFI0Quj4eSn3Q==
QUADVEST,MANAGEMENT L L C,,,TX,,,,TX,,Deed (Sheriff/Trustee/Tax),DEED,2026-10-02,RP-2026-400870,,45,New this week,Harris County Clerk,https://www.cclerk.hctx.netEComm/ViewEdocs.aspx?ID=ihpahpMbvcoWkF5RdbzIVduwuEsulzZFJcAtC6QorUV7mo4WuQv5yLWIaN71kxTmNj4jfPmZgxwYL+wnCtNHDoActmVINeqUyFa930QLYhjM50G8Fexcdg/gDRXxMf2UOQ3w3cTNS4QCHF+LDbUwhA==
QUADVEST,MANAGEMENT L L C,,,TX,,,,TX,,Deed (Sheriff/Trustee/Tax),DEED,2026-10-02,RP-2026-400869,,45,New this week,Harris County Clerk,https://www.cclerk.hctx.netEComm/ViewEdocs.aspx?ID=ihpahpMbvcoWkF5RdbzIVUqCVlX2gl37rXKWOaNKMAHI7SAVTfSqi4G/S4uyo8Vzcii30J3pF3XpZXXDoKQxymXrWqI6MLmJy5DONYfSoedwIBDtrSW6HqyRK9dW5ld9gYgoEz8CdTluv6YZYQeGKg==
QUADVEST,MANAGEMENT L L C,,,TX,,,,TX,,Deed (Sheriff/Trustee/Tax),DEED,2026-10-02,RP-2026-400864,,45,New this week,Harris County Clerk,https://www.cclerk.hctx.netEComm/ViewEdocs.aspx?ID=ihpahpMbvcoWkF5RdbzIVZUOQxeOS3AJLB/iR0xMqLD3L5T1xcItzERLYU9WsgtLzNvLAaFU+b1xsNmjmEQjg05+ToB4kXgXexcGAZlEApVrAardLP8/mFJKgHvr5A1GHNmJfIVmFqvgKxOa0aVKeQ==
FULLICK,MARTHA S,,,TX,,,,TX,,Deed (Sheriff/Trustee/Tax),DEED,2026-10-02,RP-2026-400426,,45,New this week,Harris County Clerk,https://www.cclerk.hctx.netEComm/ViewEdocs.aspx?ID=ihpahpMbvcoWkF5RdbzIVbuszsVYd/NqpZ184X62ICs6h6abstGrfjqLpdVWMGDqEgzYG9kud2X6dR094wbjN9uKUifj/E6R/ZcUIabsU/YASBb13NxFUwR/6qpqCxibCenkldO2uN33rjXaktHe6A==
LODIN,JUDITH HARLACKER,,,TX,,,,TX,,Deed (Sheriff/Trustee/Tax),DEED,2026-10-02,RP-2026-400223,,45,New this week,Harris County Clerk,https://www.cclerk.hctx.netEComm/ViewEdocs.aspx?ID=ihpahpMbvcoWkF5RdbzIVVBQgBdti5pzszL1mZnbVmnhNKlGEMEcyT8C0yBq0DO8mlDGhBe74DI3Q5BiRirIT1H7FE+pFclvyluYM3y3SEKfg+bZfOYZV7R3FB/EStR/Ai/OAiZoMHl2hcFwC/w04g==
BICKHAM,CELESTE,,,TX,,,,TX,,Deed (Sheriff/Trustee/Tax),DEED,2026-10-01,RP-2026-399933,,45,New this week,Harris County Clerk,https://www.cclerk.hctx.netEComm/ViewEdocs.aspx?ID=ihpahpMbvcoWkF5RdbzIVa06ATJe1iLMSj4aCBvvtSDmNKPLYPfzQkUCTY4Tv8tyLvJR7xmzKa/VQslNj4XyqmNrfC60VS21ZFb7y94xzdCDjp45R8FhPSQgW1FH3w/ntc+pIlghXSLdHixfZGvd3g==
BICKHAM,CELESTE,,,TX,,,,TX,,Deed (Sheriff/Trustee/Tax),DEED,2026-10-01,RP-2026-399932,,45,New this week,Harris County Clerk,https://www.cclerk.hctx.netEComm/ViewEdocs.aspx?ID=ihpahpMbvcoWkF5RdbzIVZKUlCzoAGb//lx48dvRgRB8fjmZ1tkGfFaPZFwDmSATyKenY7BEvehiK9K/YCZpptREuDpflFk0Pb0fRKNCBgb7y9GiDZyOKVwT3LV1qb9zqyde0GUyCrWN1KIT6DVcmA==
HUMPHREY,THOMAS,,,TX,,,,TX,,Deed (Sheriff/Trustee/Tax),DEED,2026-10-01,RP-2026-399592,,45,New this week,Harris County Clerk,https://www.cclerk.hctx.netEComm/ViewEdocs.aspx?ID=ihpahpMbvcoWkF5RdbzIVdQrzWrW4RQuGdCdKayzC2vAzHb+i8urvJThDDbc22spp1+CDcH5rP4/5KVTTlBwwdBNqsQsrdaK7Dszs1YKNUnCBihj6u8Bzlvkv2g1rNGqpN+AVXfNsIBI5JywIhTiAA==
BECHTEL,BARBARA JEAN,,,TX,,,,TX,,Deed (Sheriff/Trustee/Tax),DEED,2026-10-01,RP-2026-399580,,45,New this week,Harris County Clerk,https://www.cclerk.hctx.netEComm/ViewEdocs.aspx?ID=ihpahpMbvcoWkF5RdbzIVf8rxElHfqejzGgDK0BQlKhFcdaWoog6/8fEkwTO62hOy/tz8deO1ISLuEaI2VH9hyz5lY6jqAhWSEilUnuvco0LpI3imsFd/sJCxWjoKqw2Eg7SDD+3oarQ6yBFMuVMtg==
MOUSSA,MAY,,,TX,,,,TX,,Deed (Sheriff/Trustee/Tax),DEED,2026-10-01,RP-2026-399450,,45,New this week,Harris County Clerk,https://www.cclerk.hctx.netEComm/ViewEdocs.aspx?ID=ihpahpMbvcoWkF5RdbzIVXMwVkOOsu7JoUaR72iPuiZ0Il0mjd9u3YhJ5B3CDZ/qtHm4I4gHuvN8LMs/eQWFXoCfD00O0eFl7Sv4KMoppS1xB64GPXf/EBdNrYCqy+uQLY07xashUapCUPYyAhkJbQ==
BERGERON,LORI LYNETTE LEMON,,,TX,,,,TX,,Deed (Sheriff/Trustee/Tax),DEED,2026-10-01,RP-2026-399368,,45,New this week,Harris County Clerk,https://www.cclerk.hctx.netEComm/ViewEdocs.aspx?ID=ihpahpMbvcoWkF5RdbzIVR/mib8OGsdTn86SCrkaN19W/Znc7i2eXc2xaPq+0M1CFj9lj7AXMkcQvcQWnZB4qxdBobpJJqsVCb5exjbz0BR8YjzkZ68jNZXE7S1pJYNssv/udq1LTzF0xe0ud70E1w==
PHAN,NGUYET-NGA THI,,,TX,,,,TX,,Deed (Sheriff/Trustee/Tax),DEED,2026-10-01,RP-2026-399089,,45,New this week,Harris County Clerk,https://www.cclerk.hctx.netEComm/ViewEdocs.aspx?ID=ihpahpMbvcoWkF5RdbzIVYJo5m9EHilOziuIssz5Nis4/sl8Tv+1QW1q4n6y7tdmt4Y2tTg6E5I22cE9pYGYrju3XMLiSyxcYnOY9v8CTjgx+GEu2E9pKhFKE1bztU0uHExwZ0+Z15uYShowgeYUIQ==
NEYSHABOORI,IRAN NAGHIBI,,,TX,,,,TX,,Deed (Sheriff/Trustee/Tax),DEED,2026-10-01,RP-2026-398735,,45,New this week,Harris County Clerk,https://www.cclerk.hctx.netEComm/ViewEdocs.aspx?ID=ihpahpMbvcoWkF5RdbzIVYjH148aBLo1YrEQR+z74HpWouNlBgxo5bGyK2jRhWL+qzF2+iHc5Vk7AgGfMMwHEh/pVtQgWBtCEmWjLOym/uQUA0sJBdNV20+M29L6qzqe1njD1z/ZmNuPaKGQIlfnyA==
PERRAH,SHAN ANTONUCCI,,,TX,,,,TX,,Deed (Sheriff/Trustee/Tax),DEED,2026-10-01,RP-2026-398618,,45,New this week,Harris County Clerk,https://www.cclerk.hctx.netEComm/ViewEdocs.aspx?ID=ihpahpMbvcoWkF5RdbzIVcR9JpJ51I9+StlEnDNUXpS9/LNMO7gS8m5J88kpFozB+2n5hcI6LCAJMcnpoHXzCa56/3REjtMPfA/klkpDzfokw17vn0mESmOZfgYddiV160tenTa2+8ao/Ek+5GwIhA==
PLATOW,DUSTIN,,,TX,,,,TX,,Deed (Sheriff/Trustee/Tax),DEED,2026-09-30,RP-2026-397256,,45,New this week,Harris County Clerk,https://www.cclerk.hctx.netEComm/ViewEdocs.aspx?ID=ihpahpMbvcoWkF5RdbzIVSzIyHL7Q/GV3ORVs6HWPsINuuK/CmKjHfgj48HrYy5fTiFh3mMEZTizTttO+1uImCe+n0rm3QcRWPFmS8dEiBITZXsTMjeQluLYKM6FszNd2+siS+8DqYu/EgxY1y30fQ==
PLATOW,SHAWNA,,,TX,,,,TX,,Deed (Sheriff/Trustee/Tax),DEED,2026-09-30,RP-2026-397255,,45,New this week,Harris County Clerk,https://www.cclerk.hctx.netEComm/ViewEdocs.aspx?ID=ihpahpMbvcoWkF5RdbzIVcH8gczoynLOFUyK7n53N66QlVWhdFcmefgg2fJSFeqPJpITadRJJ2V/HlMp/DzLk/S83NDQeVL9aztCUfL+f0D0V8CNTGfoNAzC/GO+YhkOcYXT6Igcf9gWxOkb9rs8zg==
COATS,RALPH MYLES,,,TX,,,,TX,,Deed (Sheriff/Trustee/Tax),DEED,2026-09-30,RP-2026-396799,,45,New this week,Harris County Clerk,https://www.cclerk.hctx.netEComm/ViewEdocs.aspx?ID=ihpahpMbvcoWkF5RdbzIVeCSNpxRj/wKCIFjeJ9VFwA90fspZnPexZFQ2nCpmo7XGxwVKmt4FBGH8IK3Wyp8m9AjYAI9hNq7H4+J7/e8OhwRidd+BFV0nM8nMlIUfgN6pGYWvNXCXh6cR95+maEZww==
COATS,KATHLEEN RAY,,,TX,,,,TX,,Deed (Sheriff/Trustee/Tax),DEED,2026-09-30,RP-2026-396798,,45,New this week,Harris County Clerk,https://www.cclerk.hctx.netEComm/ViewEdocs.aspx?ID=ihpahpMbvcoWkF5RdbzIVY9XZPVXowPn1BFHA3lMPfBXCf5pXP97uSQFdPm3y98TZd0swRkQi9wCGbFMWx9IFFf7G5PxclrrLKfIZK7TNY3cxi2HD8N2LcFD8CUFnJBAsb/WxeW8gdsynTe9WCn2ew==
GERDES,SARAH B,,,TX,,,,TX,,Deed (Sheriff/Trustee/Tax),DEED,2026-09-30,RP-2026-396782,,45,New this week,Harris County Clerk,https://www.cclerk.hctx.netEComm/ViewEdocs.aspx?ID=ihpahpMbvcoWkF5RdbzIVSobnjC7OFbSX9tKxBBdQyKpC+bAmq0uH2HR9nirja/zaOG/q8zIK6VAmSpdURforzSPTMasiKpAcLNu6vD0k3r35jiMY/cGhTNRE7jVCSLuZUkIdYexzZUUdAaXWYu1RA==
THOMPKINS,LORETTA M,,,TX,,,,TX,,Deed (Sheriff/Trustee/Tax),DEED,2026-09-30,RP-2026-396732,,45,New this week,Harris County Clerk,https://www.cclerk.hctx.netEComm/ViewEdocs.aspx?ID=ihpahpMbvcoWkF5RdbzIVWW0nqebTP0kEFQFRKsKqsbOaoAyvVOxd10ULGRLHlK97IuITKS/LjPDiay60n0CxE1PsqzuAgsEsO20wch649QhVIk2+m2zX3mnco6+CB5PvQ2Xk1+Gphdogq+UcjvPcA==
ASTON,MIKE,,,TX,,,,TX,,Deed (Sheriff/Trustee/Tax),DEED,2026-09-30,RP-2026-396551,,45,New this week,Harris County Clerk,https://www.cclerk.hctx.netEComm/ViewEdocs.aspx?ID=ihpahpMbvcoWkF5RdbzIVayJ57F2uMZoDpvNrHBZFTJ+kRSS/gshp/KUnRrlSVzUS41EZG9useAfYzgtSC3d66u6tflH+Z7MdZX/1olC0YdM2fj7ulPX9W1e9NYg4fKkR7Gr4SvRnRmT7lQmsX6p2Q==
TATYANA,IISAGER,,,TX,,,,TX,,Deed (Sheriff/Trustee/Tax),DEED,2026-09-30,RP-2026-396513,,45,New this week,Harris County Clerk,https://www.cclerk.hctx.netEComm/ViewEdocs.aspx?ID=ihpahpMbvcoWkF5RdbzIVYHG9vmeYqqwjWhzwSqR3RgPZ+r2UsEbpXZkZKa8DW1qKMTCv1CLtCEE/0kMPr54jnQ+ynABr6sTQWBrR8K1zt1WUF4ZKcYSFboKNij/AHdALb/mUFCPTM+1+P/d/m1Omg==
LOESCHNER,DAVD,,,TX,,,,TX,,Deed (Sheriff/Trustee/Tax),DEED,2026-09-30,RP-2026-396416,,45,New this week,Harris County Clerk,https://www.cclerk.hctx.netEComm/ViewEdocs.aspx?ID=ihpahpMbvcoWkF5RdbzIVed3vr/ipX8a1iwV+Af9TaHi4Vre38r5xv9wV4XkTQZAkHQzGIPv3TyXS81tGRSBFFgZXn2Pufp9XlSnxxJotfs9DHeS3C7i/uyLD553kqd4iU/4S1xh5YLVe21xyCgjSw==
THOMPSON,DIANZE DENISE,,,TX,,,,TX,,Deed (Sheriff/Trustee/Tax),DEED,2026-09-30,RP-2026-396327,,45,New this week,Harris County Clerk,https://www.cclerk.hctx.netEComm/ViewEdocs.aspx?ID=ihpahpMbvcoWkF5RdbzIVaCVB3JOisY9bxwVni0YPofiEPNG71OpYSVWpKbtyuLBTHOxshUX7zyUb+rB3cgJiED5yYHThZ8h1PaLn254zZpP1dvxWeEXJ+ZTjUpHeYANhV4J9D2EMv89zdLwdxIARA==
LU,PEY-YI WANN,,,TX,,,,TX,,Deed (Sheriff/Trustee/Tax),DEED,2026-09-30,RP-2026-396304,,45,New this week,Harris County Clerk,https://www.cclerk.hctx.netEComm/ViewEdocs.aspx?ID=ihpahpMbvcoWkF5RdbzIVfEA6n68R94Ui0jU5Upze+qkYZAlcnfcIap7bp8p/11j194hwz9Cr56ZcwEU7pjKa7HWB27v8OWpyrfjk2GAdrC9wlciegwKbzhW0iKF0Yx6ipDg2sZeWxFBkHoODNdMmg==
LU,WEN-KAI,,,TX,,,,TX,,Deed (Sheriff/Trustee/Tax),DEED,2026-09-30,RP-2026-396303,,45,New this week,Harris County Clerk,https://www.cclerk.hctx.netEComm/ViewEdocs.aspx?ID=ihpahpMbvcoWkF5RdbzIVeVnWAvJOZNedcaFFLVw7xnEamR1O5PlEIo6q8OEzqTh8WVeWMvQJxtNHnJLSqDaOcFfi6NrSBCvNi0WasmKwI+byk7+584eZu2suyhLt4sLNjaLPUrv2unx/tgH2Paocw==
YUEN,SIU-WAH,,,TX,,,,TX,,Deed (Sheriff/Trustee/Tax),DEED,2026-09-30,RP-2026-396237,,45,New this week,Harris County Clerk,https://www.cclerk.hctx.netEComm/ViewEdocs.aspx?ID=ihpahpMbvcoWkF5RdbzIVVEr5w0IgimlDieCV6vA+Hx22hiQVE+jNWy6ZVOy4xp4MtAWNul7VMmRCncSX+xHtprEAqBSrVB+Xx5J9cLqYBZgI5O9x4iGhmeYvXYOkkFswxl2Z/drMjKzPbfoJb5pfA==
GOSHY,JUDY KAY,,,TX,,,,TX,,Deed (Sheriff/Trustee/Tax),DEED,2026-09-30,RP-2026-396141,,45,New this week,Harris County Clerk,https://www.cclerk.hctx.netEComm/ViewEdocs.aspx?ID=ihpahpMbvcoWkF5RdbzIVaghtApn9pRWb2l8KosfuT5ha6dIsGQHNOw3L2PONW2yw/42QqBPHzpS3Q+YaZkUAU5U3vTlOkLWVQlblAnqkS6BQGeb4mRWM3F2Zt2zIVlS8kO2gQaAippZWOCFpWabQg==
POSTON,PATRICIA,,,TX,,,,TX,,Deed (Sheriff/Trustee/Tax),DEED,2026-09-30,RP-2026-395905,,45,New this week,Harris County Clerk,https://www.cclerk.hctx.netEComm/ViewEdocs.aspx?ID=ihpahpMbvcoWkF5RdbzIVQ13Wba0X3Ro8z3aXa4FGiukwe8yvD/B4WhrW099jFZR4xiAasW4q7jtJqnEIGh+upyFm5G0iczEvLywY1vXBKKFBJ/cPo9MvMczzgG0nAxVtVLahbp2LF6UmviM8jXd/Q==
HUNGER,TRACIE T,,,TX,,,,TX,,Deed (Sheriff/Trustee/Tax),DEED,2026-09-30,RP-2026-395817,,45,New this week,Harris County Clerk,https://www.cclerk.hctx.netEComm/ViewEdocs.aspx?ID=ihpahpMbvcoWkF5RdbzIVWv9RAOKPJywDDyPZu5DOtxjBnuARXpdbegsoPjphKzoerPOvJoyKCHEq2RApT6x8KtMnz0Tot6QOKn+T93pQBXJfse4rZsn6Z2oSM5tb767ESREjpn4mhwC1FMc1luD7g==
WAGNER,SORAYA W,,,TX,,,,TX,,Deed (Sheriff/Trustee/Tax),DEED,2026-09-29,RP-2026-395374,,45,New this week,Harris County Clerk,https://www.cclerk.hctx.netEComm/ViewEdocs.aspx?ID=ihpahpMbvcoWkF5RdbzIVSCsq82oHb3dgDwkadow/7GOXiuj+naOCp/tyfovCieOu+w/tlp3/+39OPRod0WhfcHfE6D5GnUD2d+drKlZvXuNN9CxWd3BhODXFnvKP2UZa1r/t/4Lc+7A9r439Ji5CA==
DONATO,NATALIE,,,TX,,,,TX,,Release,REL,2026-10-02,RP-2026-401412,,45,New this week,Harris County Clerk,https://www.cclerk.hctx.net/applications/websearch/RP.aspx
NATIONAL,BANK OF KUWAIT,,,TX,,,,TX,,Release,REL,2026-10-02,RP-2026-400955,,45,New this week,Harris County Clerk,https://www.cclerk.hctx.net/applications/websearch/RP.aspx
